clip,mode,profile,frames,avg_ms,fits_30hz_mac,fits_60hz_mac,avg_candidates,p90_candidates,selected_rate,runtime_mode_counts,candidate_router_counts,timing_preprocess_avg_ms,timing_frame_router_avg_ms,timing_motion_model_avg_ms,timing_residual_masks_avg_ms,timing_cheap_proposals_avg_ms,timing_surface_extra_proposals_avg_ms,timing_context_router_avg_ms,timing_scenario_balance_avg_ms,timing_tbd_update_avg_ms,timing_export_selection_avg_ms
d129cd72-3228-426d-9252-4e0b3e14927b,baseline,pair_rescue,89,28.719,True,False,51.483,90.0,0.506,"{""baseline"": 89}",{},0.036,0.002,2.548,3.214,9.04,0.004,4.357,0.001,9.397,0.121
d129cd72-3228-426d-9252-4e0b3e14927b,auto_apply,pair_rescue,89,29.124,True,False,38.933,90.0,0.472,"{""boundary"": 56, ""surface"": 21, ""unknown"": 12}","{""boundary_mixed"": 412, ""clean_sky"": 81, ""line_attached"": 267, ""sky_target_near_surface"": 137, ""surface_backed"": 1429, ""unknown"": 1139}",0.037,0.294,2.525,3.192,9.154,3.272,3.192,0.023,7.325,0.111
d129cd72-3228-426d-9252-4e0b3e14927b,clean_sky,pair_rescue,89,27.83,True,False,30.337,44.0,0.472,"{""clean_sky"": 89}","{""boundary_mixed"": 347, ""clean_sky"": 52, ""line_attached"": 59, ""sky_target_near_surface"": 116, ""surface_backed"": 1297, ""unknown"": 829}",0.036,0.296,2.557,3.237,9.15,3.307,3.231,0.032,5.869,0.116
aaf1eafd-36d7-43e4-a539-fd79029ddf90,baseline,pair_rescue,89,34.411,False,False,61.753,90.0,0.146,"{""baseline"": 89}",{},0.035,0.002,3.39,3.236,11.001,0.004,5.148,0.001,11.558,0.035
aaf1eafd-36d7-43e4-a539-fd79029ddf90,auto_apply,pair_rescue,89,37.491,False,False,61.753,90.0,0.146,"{""surface"": 89}","{""boundary_mixed"": 534, ""clean_sky"": 3, ""line_attached"": 2141, ""sky_target_near_surface"": 170, ""surface_backed"": 2275, ""unknown"": 373}",0.036,0.302,3.377,3.289,11.108,3.905,3.843,0.007,11.588,0.035
aaf1eafd-36d7-43e4-a539-fd79029ddf90,clean_sky,pair_rescue,89,33.095,True,False,34.36,44.0,0.146,"{""clean_sky"": 89}","{""boundary_mixed"": 489, ""clean_sky"": 2, ""line_attached"": 352, ""sky_target_near_surface"": 160, ""surface_backed"": 1726, ""unknown"": 329}",0.039,0.3,3.342,3.365,11.097,3.89,3.815,0.038,7.174,0.035
e2711620-6d4e-4f9c-8922-b1b2d1fb74f2,baseline,pair_rescue,89,16.388,True,True,31.584,58.2,0.438,"{""baseline"": 89}",{},0.051,0.002,1.673,2.005,4.05,0.004,2.246,0.001,6.241,0.115
e2711620-6d4e-4f9c-8922-b1b2d1fb74f2,auto_apply,pair_rescue,89,17.776,True,False,31.584,58.2,0.438,"{""surface"": 89}","{""boundary_mixed"": 179, ""clean_sky"": 131, ""line_attached"": 792, ""sky_target_near_surface"": 12, ""surface_backed"": 1146, ""unknown"": 551}",0.055,0.187,1.752,2.064,4.09,1.698,1.644,0.005,6.169,0.112
e2711620-6d4e-4f9c-8922-b1b2d1fb74f2,clean_sky,pair_rescue,89,17.528,True,False,27.742,44.0,0.438,"{""clean_sky"": 89}","{""boundary_mixed"": 177, ""clean_sky"": 131, ""line_attached"": 480, ""sky_target_near_surface"": 12, ""surface_backed"": 1127, ""unknown"": 542}",0.059,0.2,1.832,2.161,4.317,1.784,1.723,0.021,5.317,0.114
