clip,frame,source,orig_x,orig_y,orig_w,orig_h,orig_cx,orig_cy,x,y,w,h,confidence,notes,track_id,rank,verified_score,det_x,det_y,det_w,det_h,visible
e2711620-6d4e-4f9c-8922-b1b2d1fb74f2,450,vision_assisted_pre594_video_v1,151.0,196.0,42.0,42.0,172.0,217.0,75.5,98.0,21.0,21.0,low_medium,video_demo_low_conf_pre594_not_strict_training,,,,75.5,98.0,21.0,21.0,1
e2711620-6d4e-4f9c-8922-b1b2d1fb74f2,451,vision_assisted_pre594_video_v1,151.08,195.93,42.0,42.0,172.08,216.93,75.54,97.97,21.0,21.0,low_medium,video_demo_low_conf_pre594_not_strict_training,,,,75.54,97.97,21.0,21.0,1
e2711620-6d4e-4f9c-8922-b1b2d1fb74f2,452,vision_assisted_pre594_video_v1,152.17,195.86,42.0,42.0,173.17,216.86,76.08,97.93,21.0,21.0,low_medium,video_demo_low_conf_pre594_not_strict_training,,,,76.08,97.93,21.0,21.0,1
e2711620-6d4e-4f9c-8922-b1b2d1fb74f2,453,vision_assisted_pre594_video_v1,152.25,195.79,42.0,42.0,173.25,216.79,76.13,97.9,21.0,21.0,low_medium,video_demo_low_conf_pre594_not_strict_training,,,,76.13,97.9,21.0,21.0,1
e2711620-6d4e-4f9c-8922-b1b2d1fb74f2,454,vision_assisted_pre594_video_v1,153.34,196.72,42.0,42.0,174.34,217.72,76.67,98.36,21.0,21.0,low_medium,video_demo_low_conf_pre594_not_strict_training,,,,76.67,98.36,21.0,21.0,1
e2711620-6d4e-4f9c-8922-b1b2d1fb74f2,455,vision_assisted_pre594_video_v1,154.42,196.65,42.0,42.0,175.42,217.65,77.21,98.33,21.0,21.0,low_medium,video_demo_low_conf_pre594_not_strict_training,,,,77.21,98.33,21.0,21.0,1
e2711620-6d4e-4f9c-8922-b1b2d1fb74f2,456,vision_assisted_pre594_video_v1,154.5,196.58,42.0,42.0,175.5,217.58,77.25,98.29,21.0,21.0,low_medium,video_demo_low_conf_pre594_not_strict_training,,,,77.25,98.29,21.0,21.0,1
e2711620-6d4e-4f9c-8922-b1b2d1fb74f2,457,vision_assisted_pre594_video_v1,155.59,197.51,42.0,42.0,176.59,218.51,77.79,98.76,21.0,21.0,low_medium,video_demo_low_conf_pre594_not_strict_training,,,,77.79,98.76,21.0,21.0,1
e2711620-6d4e-4f9c-8922-b1b2d1fb74f2,458,vision_assisted_pre594_video_v1,155.67,197.44,42.0,42.0,176.67,218.44,77.84,98.72,21.0,21.0,low_medium,video_demo_low_conf_pre594_not_strict_training,,,,77.84,98.72,21.0,21.0,1
e2711620-6d4e-4f9c-8922-b1b2d1fb74f2,459,vision_assisted_pre594_video_v1,156.76,198.37,42.0,42.0,177.76,219.37,78.38,99.19,21.0,21.0,low_medium,video_demo_low_conf_pre594_not_strict_training,,,,78.38,99.19,21.0,21.0,1
e2711620-6d4e-4f9c-8922-b1b2d1fb74f2,460,vision_assisted_pre594_video_v1,157.84,198.3,42.0,42.0,178.84,219.3,78.92,99.15,21.0,21.0,low_medium,video_demo_low_conf_pre594_not_strict_training,,,,78.92,99.15,21.0,21.0,1
e2711620-6d4e-4f9c-8922-b1b2d1fb74f2,461,vision_assisted_pre594_video_v1,157.92,198.23,42.0,42.0,178.92,219.23,78.96,99.12,21.0,21.0,low_medium,video_demo_low_conf_pre594_not_strict_training,,,,78.96,99.12,21.0,21.0,1
e2711620-6d4e-4f9c-8922-b1b2d1fb74f2,462,vision_assisted_pre594_video_v1,159.01,199.16,42.0,42.0,180.01,220.16,79.5,99.58,21.0,21.0,low_medium,video_demo_low_conf_pre594_not_strict_training,,,,79.5,99.58,21.0,21.0,1
e2711620-6d4e-4f9c-8922-b1b2d1fb74f2,463,vision_assisted_pre594_video_v1,159.09,199.09,42.0,42.0,180.09,220.09,79.55,99.55,21.0,21.0,low_medium,video_demo_low_conf_pre594_not_strict_training,,,,79.55,99.55,21.0,21.0,1
e2711620-6d4e-4f9c-8922-b1b2d1fb74f2,464,vision_assisted_pre594_video_v1,160.17,200.02,42.0,42.0,181.17,221.02,80.09,100.01,21.0,21.0,low_medium,video_demo_low_conf_pre594_not_strict_training,,,,80.09,100.01,21.0,21.0,1
e2711620-6d4e-4f9c-8922-b1b2d1fb74f2,465,vision_assisted_pre594_video_v1,161.26,200.95,42.0,42.0,182.26,221.95,80.63,100.48,21.0,21.0,low_medium,video_demo_low_conf_pre594_not_strict_training,,,,80.63,100.48,21.0,21.0,1
e2711620-6d4e-4f9c-8922-b1b2d1fb74f2,466,vision_assisted_pre594_video_v1,161.34,200.88,42.0,42.0,182.34,221.88,80.67,100.44,21.0,21.0,low_medium,video_demo_low_conf_pre594_not_strict_training,,,,80.67,100.44,21.0,21.0,1
e2711620-6d4e-4f9c-8922-b1b2d1fb74f2,467,vision_assisted_pre594_video_v1,162.43,200.81,42.0,42.0,183.43,221.81,81.21,100.41,21.0,21.0,low_medium,video_demo_low_conf_pre594_not_strict_training,,,,81.21,100.41,21.0,21.0,1
e2711620-6d4e-4f9c-8922-b1b2d1fb74f2,468,vision_assisted_pre594_video_v1,162.51,200.74,42.0,42.0,183.51,221.74,81.26,100.37,21.0,21.0,low_medium,video_demo_low_conf_pre594_not_strict_training,,,,81.26,100.37,21.0,21.0,1
e2711620-6d4e-4f9c-8922-b1b2d1fb74f2,469,vision_assisted_pre594_video_v1,163.59,201.67,42.0,42.0,184.59,222.67,81.8,100.84,21.0,21.0,low_medium,video_demo_low_conf_pre594_not_strict_training,,,,81.8,100.84,21.0,21.0,1
e2711620-6d4e-4f9c-8922-b1b2d1fb74f2,470,vision_assisted_pre594_video_v1,165.68,202.6,42.0,42.0,186.68,223.6,82.84,101.3,21.0,21.0,low_medium,video_demo_low_conf_pre594_not_strict_training,,,,82.84,101.3,21.0,21.0,1
e2711620-6d4e-4f9c-8922-b1b2d1fb74f2,471,vision_assisted_pre594_video_v1,165.76,202.53,42.0,42.0,186.76,223.53,82.88,101.27,21.0,21.0,low_medium,video_demo_low_conf_pre594_not_strict_training,,,,82.88,101.27,21.0,21.0,1
e2711620-6d4e-4f9c-8922-b1b2d1fb74f2,472,vision_assisted_pre594_video_v1,166.85,203.46,42.0,42.0,187.85,224.46,83.42,101.73,21.0,21.0,low_medium,video_demo_low_conf_pre594_not_strict_training,,,,83.42,101.73,21.0,21.0,1
e2711620-6d4e-4f9c-8922-b1b2d1fb74f2,473,vision_assisted_pre594_video_v1,166.93,203.39,42.0,42.0,187.93,224.39,83.47,101.7,21.0,21.0,low_medium,video_demo_low_conf_pre594_not_strict_training,,,,83.47,101.7,21.0,21.0,1
e2711620-6d4e-4f9c-8922-b1b2d1fb74f2,474,vision_assisted_pre594_video_v1,168.01,204.32,42.0,42.0,189.01,225.32,84.01,102.16,21.0,21.0,low_medium,video_demo_low_conf_pre594_not_strict_training,,,,84.01,102.16,21.0,21.0,1
e2711620-6d4e-4f9c-8922-b1b2d1fb74f2,475,vision_assisted_pre594_video_v1,169.1,205.25,42.0,42.0,190.1,226.25,84.55,102.63,21.0,21.0,low_medium,video_demo_low_conf_pre594_not_strict_training,,,,84.55,102.63,21.0,21.0,1
e2711620-6d4e-4f9c-8922-b1b2d1fb74f2,476,vision_assisted_pre594_video_v1,169.18,205.18,42.0,42.0,190.18,226.18,84.59,102.59,21.0,21.0,low_medium,video_demo_low_conf_pre594_not_strict_training,,,,84.59,102.59,21.0,21.0,1
e2711620-6d4e-4f9c-8922-b1b2d1fb74f2,477,vision_assisted_pre594_video_v1,171.27,206.11,42.0,42.0,192.27,227.11,85.63,103.06,21.0,21.0,low_medium,video_demo_low_conf_pre594_not_strict_training,,,,85.63,103.06,21.0,21.0,1
e2711620-6d4e-4f9c-8922-b1b2d1fb74f2,478,vision_assisted_pre594_video_v1,171.35,206.04,42.0,42.0,192.35,227.04,85.67,103.02,21.0,21.0,low_medium,video_demo_low_conf_pre594_not_strict_training,,,,85.67,103.02,21.0,21.0,1
e2711620-6d4e-4f9c-8922-b1b2d1fb74f2,479,vision_assisted_pre594_video_v1,172.43,206.97,42.0,42.0,193.43,227.97,86.22,103.49,21.0,21.0,low_medium,video_demo_low_conf_pre594_not_strict_training,,,,86.22,103.49,21.0,21.0,1
e2711620-6d4e-4f9c-8922-b1b2d1fb74f2,480,vision_assisted_pre594_video_v1,174.52,207.9,42.0,42.0,195.52,228.9,87.26,103.95,21.0,21.0,low_medium,video_demo_low_conf_pre594_not_strict_training,,,,87.26,103.95,21.0,21.0,1
e2711620-6d4e-4f9c-8922-b1b2d1fb74f2,481,vision_assisted_pre594_video_v1,174.6,207.83,42.0,42.0,195.6,228.83,87.3,103.92,21.0,21.0,low_medium,video_demo_low_conf_pre594_not_strict_training,,,,87.3,103.92,21.0,21.0,1
e2711620-6d4e-4f9c-8922-b1b2d1fb74f2,482,vision_assisted_pre594_video_v1,175.69,208.76,42.0,42.0,196.69,229.76,87.84,104.38,21.0,21.0,low_medium,video_demo_low_conf_pre594_not_strict_training,,,,87.84,104.38,21.0,21.0,1
e2711620-6d4e-4f9c-8922-b1b2d1fb74f2,483,vision_assisted_pre594_video_v1,175.77,208.69,42.0,42.0,196.77,229.69,87.88,104.35,21.0,21.0,low_medium,video_demo_low_conf_pre594_not_strict_training,,,,87.88,104.35,21.0,21.0,1
e2711620-6d4e-4f9c-8922-b1b2d1fb74f2,484,vision_assisted_pre594_video_v1,147.85,214.62,42.0,42.0,168.85,235.62,73.93,107.31,21.0,21.0,low_medium,video_demo_low_conf_pre594_not_strict_training,,,,73.93,107.31,21.0,21.0,1
e2711620-6d4e-4f9c-8922-b1b2d1fb74f2,485,vision_assisted_pre594_video_v1,147.94,214.55,42.0,42.0,168.94,235.55,73.97,107.28,21.0,21.0,low_medium,video_demo_low_conf_pre594_not_strict_training,,,,73.97,107.28,21.0,21.0,1
e2711620-6d4e-4f9c-8922-b1b2d1fb74f2,486,vision_assisted_pre594_video_v1,148.02,214.48,42.0,42.0,169.02,235.48,74.01,107.24,21.0,21.0,low_medium,video_demo_low_conf_pre594_not_strict_training,,,,74.01,107.24,21.0,21.0,1
e2711620-6d4e-4f9c-8922-b1b2d1fb74f2,487,vision_assisted_pre594_video_v1,148.1,214.41,42.0,42.0,169.1,235.41,74.05,107.21,21.0,21.0,low_medium,video_demo_low_conf_pre594_not_strict_training,,,,74.05,107.21,21.0,21.0,1
e2711620-6d4e-4f9c-8922-b1b2d1fb74f2,488,vision_assisted_pre594_video_v1,148.19,214.34,42.0,42.0,169.19,235.34,74.09,107.17,21.0,21.0,low_medium,video_demo_low_conf_pre594_not_strict_training,,,,74.09,107.17,21.0,21.0,1
e2711620-6d4e-4f9c-8922-b1b2d1fb74f2,489,vision_assisted_pre594_video_v1,148.27,214.27,42.0,42.0,169.27,235.27,74.14,107.14,21.0,21.0,low_medium,video_demo_low_conf_pre594_not_strict_training,,,,74.14,107.14,21.0,21.0,1
e2711620-6d4e-4f9c-8922-b1b2d1fb74f2,490,vision_assisted_pre594_video_v1,148.36,214.2,42.0,42.0,169.36,235.2,74.18,107.1,21.0,21.0,low_medium,video_demo_low_conf_pre594_not_strict_training,,,,74.18,107.1,21.0,21.0,1
e2711620-6d4e-4f9c-8922-b1b2d1fb74f2,491,vision_assisted_pre594_video_v1,148.44,214.13,42.0,42.0,169.44,235.13,74.22,107.07,21.0,21.0,low_medium,video_demo_low_conf_pre594_not_strict_training,,,,74.22,107.07,21.0,21.0,1
e2711620-6d4e-4f9c-8922-b1b2d1fb74f2,492,vision_assisted_pre594_video_v1,148.52,214.06,42.0,42.0,169.52,235.06,74.26,107.03,21.0,21.0,low_medium,video_demo_low_conf_pre594_not_strict_training,,,,74.26,107.03,21.0,21.0,1
e2711620-6d4e-4f9c-8922-b1b2d1fb74f2,493,vision_assisted_pre594_video_v1,148.61,213.99,42.0,42.0,169.61,234.99,74.3,107.0,21.0,21.0,low_medium,video_demo_low_conf_pre594_not_strict_training,,,,74.3,107.0,21.0,21.0,1
e2711620-6d4e-4f9c-8922-b1b2d1fb74f2,494,vision_assisted_pre594_video_v1,148.69,212.92,42.0,42.0,169.69,233.92,74.35,106.46,21.0,21.0,low_medium,video_demo_low_conf_pre594_not_strict_training,,,,74.35,106.46,21.0,21.0,1
e2711620-6d4e-4f9c-8922-b1b2d1fb74f2,495,vision_assisted_pre594_video_v1,148.78,212.85,42.0,42.0,169.78,233.85,74.39,106.43,21.0,21.0,low_medium,video_demo_low_conf_pre594_not_strict_training,,,,74.39,106.43,21.0,21.0,1
e2711620-6d4e-4f9c-8922-b1b2d1fb74f2,496,vision_assisted_pre594_video_v1,148.86,212.78,42.0,42.0,169.86,233.78,74.43,106.39,21.0,21.0,low_medium,video_demo_low_conf_pre594_not_strict_training,,,,74.43,106.39,21.0,21.0,1
e2711620-6d4e-4f9c-8922-b1b2d1fb74f2,497,vision_assisted_pre594_video_v1,148.94,212.71,42.0,42.0,169.94,233.71,74.47,106.36,21.0,21.0,low_medium,video_demo_low_conf_pre594_not_strict_training,,,,74.47,106.36,21.0,21.0,1
e2711620-6d4e-4f9c-8922-b1b2d1fb74f2,498,vision_assisted_pre594_video_v1,149.03,212.64,42.0,42.0,170.03,233.64,74.51,106.32,21.0,21.0,low_medium,video_demo_low_conf_pre594_not_strict_training,,,,74.51,106.32,21.0,21.0,1
e2711620-6d4e-4f9c-8922-b1b2d1fb74f2,499,vision_assisted_pre594_video_v1,149.11,211.57,42.0,42.0,170.11,232.57,74.56,105.79,21.0,21.0,low_medium,video_demo_low_conf_pre594_not_strict_training,,,,74.56,105.79,21.0,21.0,1
e2711620-6d4e-4f9c-8922-b1b2d1fb74f2,500,vision_assisted_pre594_video_v1,149.2,211.5,42.0,42.0,170.2,232.5,74.6,105.75,21.0,21.0,low_medium,video_demo_low_conf_pre594_not_strict_training,,,,74.6,105.75,21.0,21.0,1
e2711620-6d4e-4f9c-8922-b1b2d1fb74f2,501,vision_assisted_pre594_video_v1,149.28,210.43,42.0,42.0,170.28,231.43,74.64,105.22,21.0,21.0,low_medium,video_demo_low_conf_pre594_not_strict_training,,,,74.64,105.22,21.0,21.0,1
e2711620-6d4e-4f9c-8922-b1b2d1fb74f2,502,vision_assisted_pre594_video_v1,149.36,210.36,42.0,42.0,170.36,231.36,74.68,105.18,21.0,21.0,low_medium,video_demo_low_conf_pre594_not_strict_training,,,,74.68,105.18,21.0,21.0,1
e2711620-6d4e-4f9c-8922-b1b2d1fb74f2,503,vision_assisted_pre594_video_v1,149.45,210.29,42.0,42.0,170.45,231.29,74.72,105.15,21.0,21.0,low_medium,video_demo_low_conf_pre594_not_strict_training,,,,74.72,105.15,21.0,21.0,1
e2711620-6d4e-4f9c-8922-b1b2d1fb74f2,504,vision_assisted_pre594_video_v1,148.53,209.22,42.0,42.0,169.53,230.22,74.27,104.61,21.0,21.0,low_medium,video_demo_low_conf_pre594_not_strict_training,,,,74.27,104.61,21.0,21.0,1
e2711620-6d4e-4f9c-8922-b1b2d1fb74f2,505,vision_assisted_pre594_video_v1,148.62,209.15,42.0,42.0,169.62,230.15,74.31,104.58,21.0,21.0,low_medium,video_demo_low_conf_pre594_not_strict_training,,,,74.31,104.58,21.0,21.0,1
e2711620-6d4e-4f9c-8922-b1b2d1fb74f2,506,vision_assisted_pre594_video_v1,148.7,208.08,42.0,42.0,169.7,229.08,74.35,104.04,21.0,21.0,low_medium,video_demo_low_conf_pre594_not_strict_training,,,,74.35,104.04,21.0,21.0,1
e2711620-6d4e-4f9c-8922-b1b2d1fb74f2,507,vision_assisted_pre594_video_v1,148.78,207.01,42.0,42.0,169.78,228.01,74.39,103.51,21.0,21.0,low_medium,video_demo_low_conf_pre594_not_strict_training,,,,74.39,103.51,21.0,21.0,1
e2711620-6d4e-4f9c-8922-b1b2d1fb74f2,508,vision_assisted_pre594_video_v1,148.87,206.94,42.0,42.0,169.87,227.94,74.43,103.47,21.0,21.0,low_medium,video_demo_low_conf_pre594_not_strict_training,,,,74.43,103.47,21.0,21.0,1
e2711620-6d4e-4f9c-8922-b1b2d1fb74f2,509,vision_assisted_pre594_video_v1,148.95,205.87,42.0,42.0,169.95,226.87,74.48,102.94,21.0,21.0,low_medium,video_demo_low_conf_pre594_not_strict_training,,,,74.48,102.94,21.0,21.0,1
e2711620-6d4e-4f9c-8922-b1b2d1fb74f2,510,vision_assisted_pre594_video_v1,149.03,205.8,42.0,42.0,170.03,226.8,74.52,102.9,21.0,21.0,low_medium,video_demo_low_conf_pre594_not_strict_training,,,,74.52,102.9,21.0,21.0,1
e2711620-6d4e-4f9c-8922-b1b2d1fb74f2,511,vision_assisted_pre594_video_v1,148.12,204.73,42.0,42.0,169.12,225.73,74.06,102.37,21.0,21.0,low_medium,video_demo_low_conf_pre594_not_strict_training,,,,74.06,102.37,21.0,21.0,1
e2711620-6d4e-4f9c-8922-b1b2d1fb74f2,512,vision_assisted_pre594_video_v1,148.2,203.66,42.0,42.0,169.2,224.66,74.1,101.83,21.0,21.0,low_medium,video_demo_low_conf_pre594_not_strict_training,,,,74.1,101.83,21.0,21.0,1
e2711620-6d4e-4f9c-8922-b1b2d1fb74f2,513,vision_assisted_pre594_video_v1,148.29,203.59,42.0,42.0,169.29,224.59,74.14,101.8,21.0,21.0,low_medium,video_demo_low_conf_pre594_not_strict_training,,,,74.14,101.8,21.0,21.0,1
e2711620-6d4e-4f9c-8922-b1b2d1fb74f2,514,vision_assisted_pre594_video_v1,148.37,202.52,42.0,42.0,169.37,223.52,74.19,101.26,21.0,21.0,low_medium,video_demo_low_conf_pre594_not_strict_training,,,,74.19,101.26,21.0,21.0,1
e2711620-6d4e-4f9c-8922-b1b2d1fb74f2,515,vision_assisted_pre594_video_v1,148.45,202.45,42.0,42.0,169.45,223.45,74.23,101.23,21.0,21.0,low_medium,video_demo_low_conf_pre594_not_strict_training,,,,74.23,101.23,21.0,21.0,1
e2711620-6d4e-4f9c-8922-b1b2d1fb74f2,516,vision_assisted_pre594_video_v1,147.54,201.38,42.0,42.0,168.54,222.38,73.77,100.69,21.0,21.0,low_medium,video_demo_low_conf_pre594_not_strict_training,,,,73.77,100.69,21.0,21.0,1
e2711620-6d4e-4f9c-8922-b1b2d1fb74f2,517,vision_assisted_pre594_video_v1,147.62,199.31,42.0,42.0,168.62,220.31,73.81,99.66,21.0,21.0,low_medium,video_demo_low_conf_pre594_not_strict_training,,,,73.81,99.66,21.0,21.0,1
e2711620-6d4e-4f9c-8922-b1b2d1fb74f2,518,vision_assisted_pre594_video_v1,147.71,199.24,42.0,42.0,168.71,220.24,73.85,99.62,21.0,21.0,low_medium,video_demo_low_conf_pre594_not_strict_training,,,,73.85,99.62,21.0,21.0,1
e2711620-6d4e-4f9c-8922-b1b2d1fb74f2,519,vision_assisted_pre594_video_v1,147.79,198.17,42.0,42.0,168.79,219.17,73.9,99.09,21.0,21.0,low_medium,video_demo_low_conf_pre594_not_strict_training,,,,73.9,99.09,21.0,21.0,1
e2711620-6d4e-4f9c-8922-b1b2d1fb74f2,520,vision_assisted_pre594_video_v1,147.87,198.1,42.0,42.0,168.87,219.1,73.94,99.05,21.0,21.0,medium,video_demo_low_conf_pre594_not_strict_training,,,,73.94,99.05,21.0,21.0,1
e2711620-6d4e-4f9c-8922-b1b2d1fb74f2,521,vision_assisted_pre594_video_v1,146.96,197.03,42.0,42.0,167.96,218.03,73.48,98.52,21.0,21.0,medium,video_demo_low_conf_pre594_not_strict_training,,,,73.48,98.52,21.0,21.0,1
e2711620-6d4e-4f9c-8922-b1b2d1fb74f2,522,vision_assisted_pre594_video_v1,147.04,195.97,42.0,42.0,168.04,216.97,73.52,97.98,21.0,21.0,medium,video_demo_low_conf_pre594_not_strict_training,,,,73.52,97.98,21.0,21.0,1
e2711620-6d4e-4f9c-8922-b1b2d1fb74f2,523,vision_assisted_pre594_video_v1,147.13,195.9,42.0,42.0,168.13,216.9,73.56,97.95,21.0,21.0,medium,video_demo_low_conf_pre594_not_strict_training,,,,73.56,97.95,21.0,21.0,1
e2711620-6d4e-4f9c-8922-b1b2d1fb74f2,524,vision_assisted_pre594_video_v1,146.21,194.83,42.0,42.0,167.21,215.83,73.1,97.41,21.0,21.0,medium,video_demo_low_conf_pre594_not_strict_training,,,,73.1,97.41,21.0,21.0,1
e2711620-6d4e-4f9c-8922-b1b2d1fb74f2,525,vision_assisted_pre594_video_v1,146.29,194.76,42.0,42.0,167.29,215.76,73.15,97.38,21.0,21.0,medium,video_demo_low_conf_pre594_not_strict_training,,,,73.15,97.38,21.0,21.0,1
e2711620-6d4e-4f9c-8922-b1b2d1fb74f2,526,vision_assisted_pre594_video_v1,146.38,193.69,42.0,42.0,167.38,214.69,73.19,96.84,21.0,21.0,medium,video_demo_low_conf_pre594_not_strict_training,,,,73.19,96.84,21.0,21.0,1
e2711620-6d4e-4f9c-8922-b1b2d1fb74f2,527,vision_assisted_pre594_video_v1,146.46,192.62,42.0,42.0,167.46,213.62,73.23,96.31,21.0,21.0,medium,video_demo_low_conf_pre594_not_strict_training,,,,73.23,96.31,21.0,21.0,1
e2711620-6d4e-4f9c-8922-b1b2d1fb74f2,528,vision_assisted_pre594_video_v1,146.55,192.55,42.0,42.0,167.55,213.55,73.27,96.27,21.0,21.0,medium,video_demo_low_conf_pre594_not_strict_training,,,,73.27,96.27,21.0,21.0,1
e2711620-6d4e-4f9c-8922-b1b2d1fb74f2,529,vision_assisted_pre594_video_v1,145.63,190.48,42.0,42.0,166.63,211.48,72.81,95.24,21.0,21.0,medium,video_demo_low_conf_pre594_not_strict_training,,,,72.81,95.24,21.0,21.0,1
e2711620-6d4e-4f9c-8922-b1b2d1fb74f2,530,vision_assisted_pre594_video_v1,145.71,190.41,42.0,42.0,166.71,211.41,72.86,95.2,21.0,21.0,medium,video_demo_low_conf_pre594_not_strict_training,,,,72.86,95.2,21.0,21.0,1
e2711620-6d4e-4f9c-8922-b1b2d1fb74f2,531,vision_assisted_pre594_video_v1,145.8,189.34,42.0,42.0,166.8,210.34,72.9,94.67,21.0,21.0,medium,video_demo_low_conf_pre594_not_strict_training,,,,72.9,94.67,21.0,21.0,1
e2711620-6d4e-4f9c-8922-b1b2d1fb74f2,532,vision_assisted_pre594_video_v1,144.88,188.27,42.0,42.0,165.88,209.27,72.44,94.13,21.0,21.0,medium,video_demo_low_conf_pre594_not_strict_training,,,,72.44,94.13,21.0,21.0,1
e2711620-6d4e-4f9c-8922-b1b2d1fb74f2,533,vision_assisted_pre594_video_v1,144.97,188.2,42.0,42.0,165.97,209.2,72.48,94.1,21.0,21.0,medium,video_demo_low_conf_pre594_not_strict_training,,,,72.48,94.1,21.0,21.0,1
e2711620-6d4e-4f9c-8922-b1b2d1fb74f2,534,vision_assisted_pre594_video_v1,145.05,187.13,42.0,42.0,166.05,208.13,72.52,93.56,21.0,21.0,medium,video_demo_low_conf_pre594_not_strict_training,,,,72.52,93.56,21.0,21.0,1
e2711620-6d4e-4f9c-8922-b1b2d1fb74f2,535,vision_assisted_pre594_video_v1,145.13,187.06,42.0,42.0,166.13,208.06,72.57,93.53,21.0,21.0,medium,video_demo_low_conf_pre594_not_strict_training,,,,72.57,93.53,21.0,21.0,1
e2711620-6d4e-4f9c-8922-b1b2d1fb74f2,536,vision_assisted_pre594_video_v1,144.22,185.99,42.0,42.0,165.22,206.99,72.11,92.99,21.0,21.0,medium,video_demo_low_conf_pre594_not_strict_training,,,,72.11,92.99,21.0,21.0,1
e2711620-6d4e-4f9c-8922-b1b2d1fb74f2,537,vision_assisted_pre594_video_v1,144.3,184.92,42.0,42.0,165.3,205.92,72.15,92.46,21.0,21.0,medium,video_demo_low_conf_pre594_not_strict_training,,,,72.15,92.46,21.0,21.0,1
e2711620-6d4e-4f9c-8922-b1b2d1fb74f2,538,vision_assisted_pre594_video_v1,144.38,184.85,42.0,42.0,165.38,205.85,72.19,92.42,21.0,21.0,medium,video_demo_low_conf_pre594_not_strict_training,,,,72.19,92.42,21.0,21.0,1
e2711620-6d4e-4f9c-8922-b1b2d1fb74f2,539,vision_assisted_pre594_video_v1,144.47,183.78,42.0,42.0,165.47,204.78,72.23,91.89,21.0,21.0,medium,video_demo_low_conf_pre594_not_strict_training,,,,72.23,91.89,21.0,21.0,1
e2711620-6d4e-4f9c-8922-b1b2d1fb74f2,540,vision_assisted_pre594_video_v1,144.55,183.71,42.0,42.0,165.55,204.71,72.28,91.85,21.0,21.0,medium,video_demo_low_conf_pre594_not_strict_training,,,,72.28,91.85,21.0,21.0,1
e2711620-6d4e-4f9c-8922-b1b2d1fb74f2,541,vision_assisted_pre594_video_v1,143.64,182.64,42.0,42.0,164.64,203.64,71.82,91.32,21.0,21.0,medium,video_demo_low_conf_pre594_not_strict_training,,,,71.82,91.32,21.0,21.0,1
e2711620-6d4e-4f9c-8922-b1b2d1fb74f2,542,vision_assisted_pre594_video_v1,143.72,181.57,42.0,42.0,164.72,202.57,71.86,90.78,21.0,21.0,medium,video_demo_low_conf_pre594_not_strict_training,,,,71.86,90.78,21.0,21.0,1
e2711620-6d4e-4f9c-8922-b1b2d1fb74f2,543,vision_assisted_pre594_video_v1,143.8,181.5,42.0,42.0,164.8,202.5,71.9,90.75,21.0,21.0,medium,video_demo_low_conf_pre594_not_strict_training,,,,71.9,90.75,21.0,21.0,1
e2711620-6d4e-4f9c-8922-b1b2d1fb74f2,544,vision_assisted_pre594_video_v1,143.89,180.43,42.0,42.0,164.89,201.43,71.94,90.21,21.0,21.0,medium,video_demo_low_conf_pre594_not_strict_training,,,,71.94,90.21,21.0,21.0,1
e2711620-6d4e-4f9c-8922-b1b2d1fb74f2,545,vision_assisted_pre594_video_v1,143.97,180.36,42.0,42.0,164.97,201.36,71.99,90.18,21.0,21.0,medium,video_demo_low_conf_pre594_not_strict_training,,,,71.99,90.18,21.0,21.0,1
e2711620-6d4e-4f9c-8922-b1b2d1fb74f2,546,vision_assisted_pre594_video_v1,143.06,179.29,42.0,42.0,164.06,200.29,71.53,89.64,21.0,21.0,medium,video_demo_low_conf_pre594_not_strict_training,,,,71.53,89.64,21.0,21.0,1
e2711620-6d4e-4f9c-8922-b1b2d1fb74f2,547,vision_assisted_pre594_video_v1,143.14,178.22,42.0,42.0,164.14,199.22,71.57,89.11,21.0,21.0,medium,video_demo_low_conf_pre594_not_strict_training,,,,71.57,89.11,21.0,21.0,1
e2711620-6d4e-4f9c-8922-b1b2d1fb74f2,548,vision_assisted_pre594_video_v1,143.22,178.15,42.0,42.0,164.22,199.15,71.61,89.07,21.0,21.0,medium,video_demo_low_conf_pre594_not_strict_training,,,,71.61,89.07,21.0,21.0,1
e2711620-6d4e-4f9c-8922-b1b2d1fb74f2,549,vision_assisted_pre594_video_v1,143.31,177.08,42.0,42.0,164.31,198.08,71.65,88.54,21.0,21.0,medium,video_demo_low_conf_pre594_not_strict_training,,,,71.65,88.54,21.0,21.0,1
e2711620-6d4e-4f9c-8922-b1b2d1fb74f2,550,vision_assisted_pre594_video_v1,143.39,177.01,42.0,42.0,164.39,198.01,71.7,88.5,21.0,21.0,medium,video_demo_low_conf_pre594_not_strict_training,,,,71.7,88.5,21.0,21.0,1
e2711620-6d4e-4f9c-8922-b1b2d1fb74f2,551,vision_assisted_pre594_video_v1,142.48,175.94,42.0,42.0,163.48,196.94,71.24,87.97,21.0,21.0,medium,video_demo_low_conf_pre594_not_strict_training,,,,71.24,87.97,21.0,21.0,1
e2711620-6d4e-4f9c-8922-b1b2d1fb74f2,552,vision_assisted_pre594_video_v1,142.56,175.87,42.0,42.0,163.56,196.87,71.28,87.93,21.0,21.0,medium,video_demo_low_conf_pre594_not_strict_training,,,,71.28,87.93,21.0,21.0,1
e2711620-6d4e-4f9c-8922-b1b2d1fb74f2,553,vision_assisted_pre594_video_v1,142.64,175.8,42.0,42.0,163.64,196.8,71.32,87.9,21.0,21.0,medium,video_demo_low_conf_pre594_not_strict_training,,,,71.32,87.9,21.0,21.0,1
e2711620-6d4e-4f9c-8922-b1b2d1fb74f2,554,vision_assisted_pre594_video_v1,142.73,174.73,42.0,42.0,163.73,195.73,71.36,87.36,21.0,21.0,medium,video_demo_low_conf_pre594_not_strict_training,,,,71.36,87.36,21.0,21.0,1
e2711620-6d4e-4f9c-8922-b1b2d1fb74f2,555,vision_assisted_pre594_video_v1,142.81,174.66,42.0,42.0,163.81,195.66,71.41,87.33,21.0,21.0,medium,video_demo_low_conf_pre594_not_strict_training,,,,71.41,87.33,21.0,21.0,1
e2711620-6d4e-4f9c-8922-b1b2d1fb74f2,556,vision_assisted_pre594_video_v1,142.9,174.59,42.0,42.0,163.9,195.59,71.45,87.29,21.0,21.0,medium,video_demo_low_conf_pre594_not_strict_training,,,,71.45,87.29,21.0,21.0,1
e2711620-6d4e-4f9c-8922-b1b2d1fb74f2,557,vision_assisted_pre594_video_v1,141.98,173.52,42.0,42.0,162.98,194.52,70.99,86.76,21.0,21.0,medium,video_demo_low_conf_pre594_not_strict_training,,,,70.99,86.76,21.0,21.0,1
e2711620-6d4e-4f9c-8922-b1b2d1fb74f2,558,vision_assisted_pre594_video_v1,142.06,173.45,42.0,42.0,163.06,194.45,71.03,86.72,21.0,21.0,medium,video_demo_low_conf_pre594_not_strict_training,,,,71.03,86.72,21.0,21.0,1
e2711620-6d4e-4f9c-8922-b1b2d1fb74f2,559,vision_assisted_pre594_video_v1,142.15,173.38,42.0,42.0,163.15,194.38,71.07,86.69,21.0,21.0,medium,video_demo_low_conf_pre594_not_strict_training,,,,71.07,86.69,21.0,21.0,1
e2711620-6d4e-4f9c-8922-b1b2d1fb74f2,560,vision_assisted_pre594_video_v1,145.23,176.31,36.0,36.0,163.23,194.31,72.62,88.15,18.0,18.0,medium,video_demo_low_conf_pre594_not_strict_training,,,,72.62,88.15,18.0,18.0,1
e2711620-6d4e-4f9c-8922-b1b2d1fb74f2,561,vision_assisted_pre594_video_v1,145.31,176.24,36.0,36.0,163.31,194.24,72.66,88.12,18.0,18.0,medium,video_demo_low_conf_pre594_not_strict_training,,,,72.66,88.12,18.0,18.0,1
e2711620-6d4e-4f9c-8922-b1b2d1fb74f2,562,vision_assisted_pre594_video_v1,145.4,175.17,36.0,36.0,163.4,193.17,72.7,87.58,18.0,18.0,medium,video_demo_low_conf_pre594_not_strict_training,,,,72.7,87.58,18.0,18.0,1
e2711620-6d4e-4f9c-8922-b1b2d1fb74f2,563,vision_assisted_pre594_video_v1,145.48,175.1,36.0,36.0,163.48,193.1,72.74,87.55,18.0,18.0,medium,video_demo_low_conf_pre594_not_strict_training,,,,72.74,87.55,18.0,18.0,1
e2711620-6d4e-4f9c-8922-b1b2d1fb74f2,564,vision_assisted_pre594_video_v1,145.57,175.03,36.0,36.0,163.57,193.03,72.78,87.51,18.0,18.0,medium,video_demo_low_conf_pre594_not_strict_training,,,,72.78,87.51,18.0,18.0,1
e2711620-6d4e-4f9c-8922-b1b2d1fb74f2,565,vision_assisted_pre594_video_v1,145.65,174.96,36.0,36.0,163.65,192.96,72.83,87.48,18.0,18.0,medium,video_demo_low_conf_pre594_not_strict_training,,,,72.83,87.48,18.0,18.0,1
e2711620-6d4e-4f9c-8922-b1b2d1fb74f2,566,vision_assisted_pre594_video_v1,145.73,174.89,36.0,36.0,163.73,192.89,72.87,87.44,18.0,18.0,medium,video_demo_low_conf_pre594_not_strict_training,,,,72.87,87.44,18.0,18.0,1
e2711620-6d4e-4f9c-8922-b1b2d1fb74f2,567,vision_assisted_pre594_video_v1,145.82,174.82,36.0,36.0,163.82,192.82,72.91,87.41,18.0,18.0,medium,video_demo_low_conf_pre594_not_strict_training,,,,72.91,87.41,18.0,18.0,1
e2711620-6d4e-4f9c-8922-b1b2d1fb74f2,568,vision_assisted_pre594_video_v1,145.9,174.75,36.0,36.0,163.9,192.75,72.95,87.37,18.0,18.0,medium,video_demo_low_conf_pre594_not_strict_training,,,,72.95,87.37,18.0,18.0,1
e2711620-6d4e-4f9c-8922-b1b2d1fb74f2,569,vision_assisted_pre594_video_v1,145.99,174.68,36.0,36.0,163.99,192.68,72.99,87.34,18.0,18.0,medium,video_demo_low_conf_pre594_not_strict_training,,,,72.99,87.34,18.0,18.0,1
e2711620-6d4e-4f9c-8922-b1b2d1fb74f2,570,vision_assisted_pre594_video_v1,146.07,174.61,36.0,36.0,164.07,192.61,73.03,87.3,18.0,18.0,medium,video_demo_low_conf_pre594_not_strict_training,,,,73.03,87.3,18.0,18.0,1
e2711620-6d4e-4f9c-8922-b1b2d1fb74f2,571,vision_assisted_pre594_video_v1,145.15,174.54,36.0,36.0,163.15,192.54,72.58,87.27,18.0,18.0,medium,video_demo_low_conf_pre594_not_strict_training,,,,72.58,87.27,18.0,18.0,1
e2711620-6d4e-4f9c-8922-b1b2d1fb74f2,572,vision_assisted_pre594_video_v1,145.24,174.47,36.0,36.0,163.24,192.47,72.62,87.23,18.0,18.0,medium,video_demo_low_conf_pre594_not_strict_training,,,,72.62,87.23,18.0,18.0,1
e2711620-6d4e-4f9c-8922-b1b2d1fb74f2,573,vision_assisted_pre594_video_v1,145.32,174.4,36.0,36.0,163.32,192.4,72.66,87.2,18.0,18.0,medium,video_demo_low_conf_pre594_not_strict_training,,,,72.66,87.2,18.0,18.0,1
e2711620-6d4e-4f9c-8922-b1b2d1fb74f2,574,vision_assisted_pre594_video_v1,145.41,174.33,36.0,36.0,163.41,192.33,72.7,87.16,18.0,18.0,medium,video_demo_low_conf_pre594_not_strict_training,,,,72.7,87.16,18.0,18.0,1
e2711620-6d4e-4f9c-8922-b1b2d1fb74f2,575,vision_assisted_pre594_video_v1,145.49,174.26,36.0,36.0,163.49,192.26,72.74,87.13,18.0,18.0,medium,video_demo_low_conf_pre594_not_strict_training,,,,72.74,87.13,18.0,18.0,1
e2711620-6d4e-4f9c-8922-b1b2d1fb74f2,576,vision_assisted_pre594_video_v1,145.57,174.19,36.0,36.0,163.57,192.19,72.79,87.09,18.0,18.0,medium,video_demo_low_conf_pre594_not_strict_training,,,,72.79,87.09,18.0,18.0,1
e2711620-6d4e-4f9c-8922-b1b2d1fb74f2,577,vision_assisted_pre594_video_v1,145.66,174.12,36.0,36.0,163.66,192.12,72.83,87.06,18.0,18.0,medium,video_demo_low_conf_pre594_not_strict_training,,,,72.83,87.06,18.0,18.0,1
e2711620-6d4e-4f9c-8922-b1b2d1fb74f2,578,vision_assisted_pre594_video_v1,145.74,174.05,36.0,36.0,163.74,192.05,72.87,87.02,18.0,18.0,medium,video_demo_low_conf_pre594_not_strict_training,,,,72.87,87.02,18.0,18.0,1
e2711620-6d4e-4f9c-8922-b1b2d1fb74f2,579,vision_assisted_pre594_video_v1,144.83,173.98,36.0,36.0,162.83,191.98,72.41,86.99,18.0,18.0,medium,video_demo_low_conf_pre594_not_strict_training,,,,72.41,86.99,18.0,18.0,1
e2711620-6d4e-4f9c-8922-b1b2d1fb74f2,580,vision_assisted_pre594_video_v1,144.91,173.91,36.0,36.0,162.91,191.91,72.45,86.95,18.0,18.0,medium,video_demo_low_conf_pre594_not_strict_training,,,,72.45,86.95,18.0,18.0,1
e2711620-6d4e-4f9c-8922-b1b2d1fb74f2,581,vision_assisted_pre594_video_v1,144.99,173.84,36.0,36.0,162.99,191.84,72.5,86.92,18.0,18.0,medium,video_demo_low_conf_pre594_not_strict_training,,,,72.5,86.92,18.0,18.0,1
e2711620-6d4e-4f9c-8922-b1b2d1fb74f2,582,vision_assisted_pre594_video_v1,145.08,173.77,36.0,36.0,163.08,191.77,72.54,86.88,18.0,18.0,medium,video_demo_low_conf_pre594_not_strict_training,,,,72.54,86.88,18.0,18.0,1
e2711620-6d4e-4f9c-8922-b1b2d1fb74f2,583,vision_assisted_pre594_video_v1,145.16,173.7,36.0,36.0,163.16,191.7,72.58,86.85,18.0,18.0,medium,video_demo_low_conf_pre594_not_strict_training,,,,72.58,86.85,18.0,18.0,1
e2711620-6d4e-4f9c-8922-b1b2d1fb74f2,584,vision_assisted_pre594_video_v1,144.24,174.63,36.0,36.0,162.24,192.63,72.12,87.31,18.0,18.0,medium,video_demo_low_conf_pre594_not_strict_training,,,,72.12,87.31,18.0,18.0,1
e2711620-6d4e-4f9c-8922-b1b2d1fb74f2,585,vision_assisted_pre594_video_v1,144.33,174.56,36.0,36.0,162.33,192.56,72.16,87.28,18.0,18.0,medium,video_demo_low_conf_pre594_not_strict_training,,,,72.16,87.28,18.0,18.0,1
e2711620-6d4e-4f9c-8922-b1b2d1fb74f2,586,vision_assisted_pre594_video_v1,144.41,174.49,36.0,36.0,162.41,192.49,72.21,87.24,18.0,18.0,medium,video_demo_low_conf_pre594_not_strict_training,,,,72.21,87.24,18.0,18.0,1
e2711620-6d4e-4f9c-8922-b1b2d1fb74f2,587,vision_assisted_pre594_video_v1,143.5,174.42,36.0,36.0,161.5,192.42,71.75,87.21,18.0,18.0,medium,video_demo_low_conf_pre594_not_strict_training,,,,71.75,87.21,18.0,18.0,1
e2711620-6d4e-4f9c-8922-b1b2d1fb74f2,588,vision_assisted_pre594_video_v1,143.58,174.35,36.0,36.0,161.58,192.35,71.79,87.17,18.0,18.0,medium,video_demo_low_conf_pre594_not_strict_training,,,,71.79,87.17,18.0,18.0,1
e2711620-6d4e-4f9c-8922-b1b2d1fb74f2,589,vision_assisted_pre594_video_v1,143.66,174.28,36.0,36.0,161.66,192.28,71.83,87.14,18.0,18.0,medium,video_demo_low_conf_pre594_not_strict_training,,,,71.83,87.14,18.0,18.0,1
e2711620-6d4e-4f9c-8922-b1b2d1fb74f2,590,vision_assisted_pre594_video_v1,143.75,174.21,36.0,36.0,161.75,192.21,71.87,87.1,18.0,18.0,medium,video_demo_low_conf_pre594_not_strict_training,,,,71.87,87.1,18.0,18.0,1
e2711620-6d4e-4f9c-8922-b1b2d1fb74f2,591,vision_assisted_pre594_video_v1,142.83,174.14,36.0,36.0,160.83,192.14,71.42,87.07,18.0,18.0,medium,video_demo_low_conf_pre594_not_strict_training,,,,71.42,87.07,18.0,18.0,1
e2711620-6d4e-4f9c-8922-b1b2d1fb74f2,592,vision_assisted_pre594_video_v1,142.92,174.07,36.0,36.0,160.92,192.07,71.46,87.03,18.0,18.0,medium,video_demo_low_conf_pre594_not_strict_training,,,,71.46,87.03,18.0,18.0,1
e2711620-6d4e-4f9c-8922-b1b2d1fb74f2,593,vision_assisted_pre594_video_v1,143.0,174.0,36.0,36.0,161.0,192.0,71.5,87.0,18.0,18.0,medium,video_demo_low_conf_pre594_not_strict_training,,,,71.5,87.0,18.0,18.0,1
e2711620-6d4e-4f9c-8922-b1b2d1fb74f2,594,vision_verified_next_batch_v1,148.0,180.0,24.0,24.0,160.0,192.0,74.0,90.0,12.0,12.0,medium_high,vision accepted range 594-605; target_e271_pre,,2.0,23.247746,74.0,90.0,12.0,12.0,1
e2711620-6d4e-4f9c-8922-b1b2d1fb74f2,595,vision_verified_next_batch_v1,150.0,178.0,24.0,24.0,162.0,190.0,75.0,89.0,12.0,12.0,medium_high,vision accepted range 594-605; target_e271_pre,,3.0,18.903111,75.0,89.0,12.0,12.0,1
e2711620-6d4e-4f9c-8922-b1b2d1fb74f2,596,vision_verified_next_batch_v1,142.0,180.0,24.0,24.0,154.0,192.0,71.0,90.0,12.0,12.0,medium_high,vision accepted range 594-605; target_e271_pre,,1.0,24.011568,71.0,90.0,12.0,12.0,1
e2711620-6d4e-4f9c-8922-b1b2d1fb74f2,597,vision_verified_next_batch_v1,146.0,180.0,24.0,24.0,158.0,192.0,73.0,90.0,12.0,12.0,medium_high,vision accepted range 594-605; target_e271_pre,,1.0,29.878256,73.0,90.0,12.0,12.0,1
e2711620-6d4e-4f9c-8922-b1b2d1fb74f2,598,vision_verified_next_batch_v1,148.0,180.0,24.0,24.0,160.0,192.0,74.0,90.0,12.0,12.0,medium_high,vision accepted range 594-605; target_e271_pre,,2.0,23.915795,74.0,90.0,12.0,12.0,1
e2711620-6d4e-4f9c-8922-b1b2d1fb74f2,599,vision_verified_next_batch_v1,142.0,180.0,24.0,24.0,154.0,192.0,71.0,90.0,12.0,12.0,medium_high,vision accepted range 594-605; target_e271_pre,,1.0,30.84518,71.0,90.0,12.0,12.0,1
e2711620-6d4e-4f9c-8922-b1b2d1fb74f2,600,vision_verified_next_batch_v1,142.0,178.0,24.0,24.0,154.0,190.0,71.0,89.0,12.0,12.0,medium_high,vision accepted range 594-605; target_e271_pre,,2.0,25.816089,71.0,89.0,12.0,12.0,1
e2711620-6d4e-4f9c-8922-b1b2d1fb74f2,601,vision_verified_next_batch_v1,144.0,180.0,24.0,24.0,156.0,192.0,72.0,90.0,12.0,12.0,medium_high,vision accepted range 594-605; target_e271_pre,,2.0,27.222286,72.0,90.0,12.0,12.0,1
e2711620-6d4e-4f9c-8922-b1b2d1fb74f2,602,vision_verified_next_batch_v1,144.0,178.0,24.0,24.0,156.0,190.0,72.0,89.0,12.0,12.0,medium_high,vision accepted range 594-605; target_e271_pre,,4.0,24.861055,72.0,89.0,12.0,12.0,1
e2711620-6d4e-4f9c-8922-b1b2d1fb74f2,603,vision_verified_next_batch_v1,162.0,186.0,6.0,6.0,165.0,189.0,81.0,93.0,3.0,3.0,medium_high,vision accepted range 594-605; target_e271_pre,,2.0,21.014056,81.0,93.0,3.0,3.0,1
e2711620-6d4e-4f9c-8922-b1b2d1fb74f2,604,vision_verified_next_batch_v1,144.0,192.0,10.0,10.0,149.0,197.0,72.0,96.0,5.0,5.0,medium_high,vision accepted range 594-605; target_e271_pre,,1.0,20.622078,72.0,96.0,5.0,5.0,1
e2711620-6d4e-4f9c-8922-b1b2d1fb74f2,605,vision_verified_next_batch_v1,144.0,178.0,24.0,24.0,156.0,190.0,72.0,89.0,12.0,12.0,medium_high,vision accepted range 594-605; target_e271_pre,,3.0,10.843561,72.0,89.0,12.0,12.0,1
e2711620-6d4e-4f9c-8922-b1b2d1fb74f2,622,vision_verified_next_batch_v1,134.0,172.0,24.0,24.0,146.0,184.0,67.0,86.0,12.0,12.0,medium_high,vision accepted range 622-649; target_e271_late,,1.0,19.710658,67.0,86.0,12.0,12.0,1
e2711620-6d4e-4f9c-8922-b1b2d1fb74f2,623,vision_verified_next_batch_v1,134.0,170.0,24.0,24.0,146.0,182.0,67.0,85.0,12.0,12.0,medium_high,vision accepted range 622-649; target_e271_late,,1.0,19.483258,67.0,85.0,12.0,12.0,1
e2711620-6d4e-4f9c-8922-b1b2d1fb74f2,624,vision_verified_next_batch_v1,132.0,172.0,24.0,24.0,144.0,184.0,66.0,86.0,12.0,12.0,medium_high,vision accepted range 622-649; target_e271_late,,1.0,22.870573,66.0,86.0,12.0,12.0,1
e2711620-6d4e-4f9c-8922-b1b2d1fb74f2,625,vision_verified_next_batch_v1,128.0,188.0,6.0,6.0,131.0,191.0,64.0,94.0,3.0,3.0,medium_high,vision accepted range 622-649; target_e271_late,,2.0,12.356896,64.0,94.0,3.0,3.0,1
e2711620-6d4e-4f9c-8922-b1b2d1fb74f2,626,vision_verified_next_batch_v1,136.0,184.0,10.0,10.0,141.0,189.0,68.0,92.0,5.0,5.0,medium_high,vision accepted range 622-649; target_e271_late,,1.0,25.503203,68.0,92.0,5.0,5.0,1
e2711620-6d4e-4f9c-8922-b1b2d1fb74f2,627,vision_verified_next_batch_v1,138.0,172.0,24.0,24.0,150.0,184.0,69.0,86.0,12.0,12.0,medium_high,vision accepted range 622-649; target_e271_late,,2.0,29.132186,69.0,86.0,12.0,12.0,1
e2711620-6d4e-4f9c-8922-b1b2d1fb74f2,628,vision_verified_next_batch_v1,140.0,172.0,24.0,24.0,152.0,184.0,70.0,86.0,12.0,12.0,medium_high,vision accepted range 622-649; target_e271_late,,2.0,22.061901,70.0,86.0,12.0,12.0,1
e2711620-6d4e-4f9c-8922-b1b2d1fb74f2,629,vision_verified_next_batch_v1,136.0,184.0,10.0,10.0,141.0,189.0,68.0,92.0,5.0,5.0,medium_high,vision accepted range 622-649; target_e271_late,,1.0,30.429872,68.0,92.0,5.0,5.0,1
e2711620-6d4e-4f9c-8922-b1b2d1fb74f2,630,vision_verified_next_batch_v1,134.0,170.0,24.0,24.0,146.0,182.0,67.0,85.0,12.0,12.0,medium_high,vision accepted range 622-649; target_e271_late,,2.0,23.692901,67.0,85.0,12.0,12.0,1
e2711620-6d4e-4f9c-8922-b1b2d1fb74f2,631,vision_verified_next_batch_v1,134.0,172.0,24.0,24.0,146.0,184.0,67.0,86.0,12.0,12.0,medium_high,vision accepted range 622-649; target_e271_late,,1.0,25.807007,67.0,86.0,12.0,12.0,1
e2711620-6d4e-4f9c-8922-b1b2d1fb74f2,632,vision_verified_next_batch_v1,136.0,172.0,24.0,24.0,148.0,184.0,68.0,86.0,12.0,12.0,medium_high,vision accepted range 622-649; target_e271_late,,1.0,32.314145,68.0,86.0,12.0,12.0,1
e2711620-6d4e-4f9c-8922-b1b2d1fb74f2,633,vision_verified_next_batch_v1,138.0,172.0,24.0,24.0,150.0,184.0,69.0,86.0,12.0,12.0,medium_high,vision accepted range 622-649; target_e271_late,,2.0,25.892982,69.0,86.0,12.0,12.0,1
e2711620-6d4e-4f9c-8922-b1b2d1fb74f2,634,vision_verified_next_batch_v1,132.0,174.0,24.0,24.0,144.0,186.0,66.0,87.0,12.0,12.0,medium_high,vision accepted range 622-649; target_e271_late,,1.0,33.252841,66.0,87.0,12.0,12.0,1
e2711620-6d4e-4f9c-8922-b1b2d1fb74f2,635,vision_verified_next_batch_v1,124.0,194.0,6.0,6.0,127.0,197.0,62.0,97.0,3.0,3.0,medium_high,vision accepted range 622-649; target_e271_late,,2.0,22.603198,62.0,97.0,3.0,3.0,1
e2711620-6d4e-4f9c-8922-b1b2d1fb74f2,636,vision_verified_next_batch_v1,132.0,174.0,24.0,24.0,144.0,186.0,66.0,87.0,12.0,12.0,medium_high,vision accepted range 622-649; target_e271_late,,2.0,27.859287,66.0,87.0,12.0,12.0,1
e2711620-6d4e-4f9c-8922-b1b2d1fb74f2,637,vision_verified_next_batch_v1,130.0,174.0,24.0,24.0,142.0,186.0,65.0,87.0,12.0,12.0,medium_high,vision accepted range 622-649; target_e271_late,,1.0,31.691535,65.0,87.0,12.0,12.0,1
e2711620-6d4e-4f9c-8922-b1b2d1fb74f2,638,vision_verified_next_batch_v1,130.0,174.0,24.0,24.0,142.0,186.0,65.0,87.0,12.0,12.0,medium_high,vision accepted range 622-649; target_e271_late,,2.0,26.169305,65.0,87.0,12.0,12.0,1
e2711620-6d4e-4f9c-8922-b1b2d1fb74f2,639,vision_verified_next_batch_v1,124.0,178.0,24.0,24.0,136.0,190.0,62.0,89.0,12.0,12.0,medium_high,vision accepted range 622-649; target_e271_late,,1.0,31.078908,62.0,89.0,12.0,12.0,1
e2711620-6d4e-4f9c-8922-b1b2d1fb74f2,640,vision_verified_next_batch_v1,120.0,194.0,6.0,6.0,123.0,197.0,60.0,97.0,3.0,3.0,medium_high,vision accepted range 622-649; target_e271_late,,2.0,22.602422,60.0,97.0,3.0,3.0,1
e2711620-6d4e-4f9c-8922-b1b2d1fb74f2,641,vision_verified_next_batch_v1,128.0,176.0,24.0,24.0,140.0,188.0,64.0,88.0,12.0,12.0,medium_high,vision accepted range 622-649; target_e271_late,,2.0,25.687573,64.0,88.0,12.0,12.0,1
e2711620-6d4e-4f9c-8922-b1b2d1fb74f2,642,vision_verified_next_batch_v1,126.0,178.0,24.0,24.0,138.0,190.0,63.0,89.0,12.0,12.0,medium_high,vision accepted range 622-649; target_e271_late,,2.0,30.998585,63.0,89.0,12.0,12.0,1
e2711620-6d4e-4f9c-8922-b1b2d1fb74f2,643,vision_verified_next_batch_v1,126.0,194.0,6.0,6.0,129.0,197.0,63.0,97.0,3.0,3.0,medium_high,vision accepted range 622-649; target_e271_late,,2.0,24.864486,63.0,97.0,3.0,3.0,1
e2711620-6d4e-4f9c-8922-b1b2d1fb74f2,644,vision_verified_next_batch_v1,126.0,178.0,24.0,24.0,138.0,190.0,63.0,89.0,12.0,12.0,medium_high,vision accepted range 622-649; target_e271_late,,2.0,27.709144,63.0,89.0,12.0,12.0,1
e2711620-6d4e-4f9c-8922-b1b2d1fb74f2,645,vision_verified_next_batch_v1,128.0,176.0,24.0,24.0,140.0,188.0,64.0,88.0,12.0,12.0,medium_high,vision accepted range 622-649; target_e271_late,,2.0,21.234049,64.0,88.0,12.0,12.0,1
e2711620-6d4e-4f9c-8922-b1b2d1fb74f2,646,vision_verified_next_batch_v1,120.0,180.0,24.0,24.0,132.0,192.0,60.0,90.0,12.0,12.0,medium_high,vision accepted range 622-649; target_e271_late,,1.0,26.344538,60.0,90.0,12.0,12.0,1
e2711620-6d4e-4f9c-8922-b1b2d1fb74f2,647,vision_verified_next_batch_v1,118.0,182.0,24.0,24.0,130.0,194.0,59.0,91.0,12.0,12.0,medium_high,vision accepted range 622-649; target_e271_late,,1.0,27.918761,59.0,91.0,12.0,12.0,1
e2711620-6d4e-4f9c-8922-b1b2d1fb74f2,648,vision_verified_next_batch_v1,116.0,182.0,24.0,24.0,128.0,194.0,58.0,91.0,12.0,12.0,medium_high,vision accepted range 622-649; target_e271_late,,2.0,21.841776,58.0,91.0,12.0,12.0,1
e2711620-6d4e-4f9c-8922-b1b2d1fb74f2,649,vision_verified_next_batch_v1,116.0,182.0,24.0,24.0,128.0,194.0,58.0,91.0,12.0,12.0,medium_high,vision accepted range 622-649; target_e271_late,,1.0,24.971536,58.0,91.0,12.0,12.0,1
e2711620-6d4e-4f9c-8922-b1b2d1fb74f2,650,vision_template_tail_v1,113.0,179.0,30.0,30.0,128.0,194.0,56.5,89.5,15.0,15.0,high,tail_template_verified_score_1.000,,,,56.5,89.5,15.0,15.0,1
e2711620-6d4e-4f9c-8922-b1b2d1fb74f2,651,vision_template_tail_v1,112.0,179.0,30.0,30.0,127.0,194.0,56.0,89.5,15.0,15.0,high,tail_template_verified_score_0.868,,,,56.0,89.5,15.0,15.0,1
e2711620-6d4e-4f9c-8922-b1b2d1fb74f2,652,vision_template_tail_v1,120.0,179.0,30.0,30.0,135.0,194.0,60.0,89.5,15.0,15.0,high,tail_template_verified_score_0.880,,,,60.0,89.5,15.0,15.0,1
e2711620-6d4e-4f9c-8922-b1b2d1fb74f2,653,vision_template_tail_v1,120.0,179.0,30.0,30.0,135.0,194.0,60.0,89.5,15.0,15.0,high,tail_template_verified_score_0.927,,,,60.0,89.5,15.0,15.0,1
e2711620-6d4e-4f9c-8922-b1b2d1fb74f2,654,vision_template_tail_v1,124.0,179.0,30.0,30.0,139.0,194.0,62.0,89.5,15.0,15.0,high,tail_template_verified_score_0.916,,,,62.0,89.5,15.0,15.0,1
e2711620-6d4e-4f9c-8922-b1b2d1fb74f2,655,vision_template_tail_v1,124.0,179.0,30.0,30.0,139.0,194.0,62.0,89.5,15.0,15.0,high,tail_template_verified_score_0.949,,,,62.0,89.5,15.0,15.0,1
e2711620-6d4e-4f9c-8922-b1b2d1fb74f2,656,vision_template_tail_v1,128.0,179.0,30.0,30.0,143.0,194.0,64.0,89.5,15.0,15.0,high,tail_template_verified_score_0.954,,,,64.0,89.5,15.0,15.0,1
e2711620-6d4e-4f9c-8922-b1b2d1fb74f2,657,vision_template_tail_v1,131.0,179.0,30.0,30.0,146.0,194.0,65.5,89.5,15.0,15.0,high,tail_template_verified_score_0.978,,,,65.5,89.5,15.0,15.0,1
e2711620-6d4e-4f9c-8922-b1b2d1fb74f2,658,vision_template_tail_v1,131.0,179.0,30.0,30.0,146.0,194.0,65.5,89.5,15.0,15.0,high,tail_template_verified_score_0.986,,,,65.5,89.5,15.0,15.0,1
e2711620-6d4e-4f9c-8922-b1b2d1fb74f2,659,vision_template_tail_v1,135.0,179.0,30.0,30.0,150.0,194.0,67.5,89.5,15.0,15.0,high,tail_template_verified_score_0.985,,,,67.5,89.5,15.0,15.0,1
e2711620-6d4e-4f9c-8922-b1b2d1fb74f2,660,vision_template_tail_v1,135.0,179.0,30.0,30.0,150.0,194.0,67.5,89.5,15.0,15.0,high,tail_template_verified_score_0.991,,,,67.5,89.5,15.0,15.0,1
e2711620-6d4e-4f9c-8922-b1b2d1fb74f2,661,vision_template_tail_v1,138.0,179.0,30.0,30.0,153.0,194.0,69.0,89.5,15.0,15.0,high,tail_template_verified_score_0.994,,,,69.0,89.5,15.0,15.0,1
e2711620-6d4e-4f9c-8922-b1b2d1fb74f2,662,vision_template_tail_v1,141.0,179.0,30.0,30.0,156.0,194.0,70.5,89.5,15.0,15.0,high,tail_template_verified_score_0.993,,,,70.5,89.5,15.0,15.0,1
e2711620-6d4e-4f9c-8922-b1b2d1fb74f2,663,vision_template_tail_v1,141.0,179.0,30.0,30.0,156.0,194.0,70.5,89.5,15.0,15.0,high,tail_template_verified_score_0.995,,,,70.5,89.5,15.0,15.0,1
e2711620-6d4e-4f9c-8922-b1b2d1fb74f2,664,vision_template_tail_v1,144.0,179.0,30.0,30.0,159.0,194.0,72.0,89.5,15.0,15.0,high,tail_template_verified_score_0.994,,,,72.0,89.5,15.0,15.0,1
e2711620-6d4e-4f9c-8922-b1b2d1fb74f2,665,vision_template_tail_v1,144.0,179.0,30.0,30.0,159.0,194.0,72.0,89.5,15.0,15.0,high,tail_template_verified_score_0.997,,,,72.0,89.5,15.0,15.0,1
e2711620-6d4e-4f9c-8922-b1b2d1fb74f2,666,vision_template_tail_v1,148.0,179.0,30.0,30.0,163.0,194.0,74.0,89.5,15.0,15.0,high,tail_template_verified_score_0.995,,,,74.0,89.5,15.0,15.0,1
e2711620-6d4e-4f9c-8922-b1b2d1fb74f2,667,vision_template_tail_v1,151.0,179.0,30.0,30.0,166.0,194.0,75.5,89.5,15.0,15.0,high,tail_template_verified_score_0.992,,,,75.5,89.5,15.0,15.0,1
e2711620-6d4e-4f9c-8922-b1b2d1fb74f2,668,vision_template_tail_v1,151.0,179.0,30.0,30.0,166.0,194.0,75.5,89.5,15.0,15.0,high,tail_template_verified_score_0.995,,,,75.5,89.5,15.0,15.0,1
e2711620-6d4e-4f9c-8922-b1b2d1fb74f2,669,vision_template_tail_v1,153.0,178.0,30.0,30.0,168.0,193.0,76.5,89.0,15.0,15.0,high,tail_template_verified_score_0.993,,,,76.5,89.0,15.0,15.0,1
e2711620-6d4e-4f9c-8922-b1b2d1fb74f2,670,vision_template_tail_v1,153.0,178.0,30.0,30.0,168.0,193.0,76.5,89.0,15.0,15.0,high,tail_template_verified_score_0.996,,,,76.5,89.0,15.0,15.0,1
e2711620-6d4e-4f9c-8922-b1b2d1fb74f2,671,vision_template_tail_v1,156.0,178.0,30.0,30.0,171.0,193.0,78.0,89.0,15.0,15.0,high,tail_template_verified_score_0.996,,,,78.0,89.0,15.0,15.0,1
e2711620-6d4e-4f9c-8922-b1b2d1fb74f2,672,vision_template_tail_v1,159.0,178.0,30.0,30.0,174.0,193.0,79.5,89.0,15.0,15.0,high,tail_template_verified_score_0.995,,,,79.5,89.0,15.0,15.0,1
e2711620-6d4e-4f9c-8922-b1b2d1fb74f2,673,vision_template_tail_v1,159.0,178.0,30.0,30.0,174.0,193.0,79.5,89.0,15.0,15.0,high,tail_template_verified_score_0.997,,,,79.5,89.0,15.0,15.0,1
e2711620-6d4e-4f9c-8922-b1b2d1fb74f2,674,vision_template_tail_v1,161.0,178.0,30.0,30.0,176.0,193.0,80.5,89.0,15.0,15.0,high,tail_template_verified_score_0.994,,,,80.5,89.0,15.0,15.0,1
e2711620-6d4e-4f9c-8922-b1b2d1fb74f2,675,vision_template_tail_v1,161.0,178.0,30.0,30.0,176.0,193.0,80.5,89.0,15.0,15.0,high,tail_template_verified_score_0.996,,,,80.5,89.0,15.0,15.0,1
e2711620-6d4e-4f9c-8922-b1b2d1fb74f2,676,vision_template_tail_v1,164.0,178.0,30.0,30.0,179.0,193.0,82.0,89.0,15.0,15.0,high,tail_template_verified_score_0.994,,,,82.0,89.0,15.0,15.0,1
e2711620-6d4e-4f9c-8922-b1b2d1fb74f2,677,vision_template_tail_v1,166.0,177.0,30.0,30.0,181.0,192.0,83.0,88.5,15.0,15.0,high,tail_template_verified_score_0.997,,,,83.0,88.5,15.0,15.0,1
e2711620-6d4e-4f9c-8922-b1b2d1fb74f2,678,vision_template_tail_v1,166.0,177.0,30.0,30.0,181.0,192.0,83.0,88.5,15.0,15.0,high,tail_template_verified_score_0.998,,,,83.0,88.5,15.0,15.0,1
e2711620-6d4e-4f9c-8922-b1b2d1fb74f2,679,vision_template_tail_v1,168.0,177.0,30.0,30.0,183.0,192.0,84.0,88.5,15.0,15.0,high,tail_template_verified_score_0.996,,,,84.0,88.5,15.0,15.0,1
e2711620-6d4e-4f9c-8922-b1b2d1fb74f2,680,vision_template_tail_v1,168.0,177.0,30.0,30.0,183.0,192.0,84.0,88.5,15.0,15.0,high,tail_template_verified_score_0.997,,,,84.0,88.5,15.0,15.0,1
e2711620-6d4e-4f9c-8922-b1b2d1fb74f2,681,vision_template_tail_v1,171.0,177.0,30.0,30.0,186.0,192.0,85.5,88.5,15.0,15.0,high,tail_template_verified_score_0.994,,,,85.5,88.5,15.0,15.0,1
e2711620-6d4e-4f9c-8922-b1b2d1fb74f2,682,vision_template_tail_v1,172.0,176.0,30.0,30.0,187.0,191.0,86.0,88.0,15.0,15.0,high,tail_template_verified_score_0.997,,,,86.0,88.0,15.0,15.0,1
e2711620-6d4e-4f9c-8922-b1b2d1fb74f2,683,vision_template_tail_v1,172.0,176.0,30.0,30.0,187.0,191.0,86.0,88.0,15.0,15.0,high,tail_template_verified_score_0.998,,,,86.0,88.0,15.0,15.0,1
e2711620-6d4e-4f9c-8922-b1b2d1fb74f2,684,vision_template_tail_v1,174.0,176.0,30.0,30.0,189.0,191.0,87.0,88.0,15.0,15.0,high,tail_template_verified_score_0.996,,,,87.0,88.0,15.0,15.0,1
e2711620-6d4e-4f9c-8922-b1b2d1fb74f2,685,vision_template_tail_v1,174.0,176.0,30.0,30.0,189.0,191.0,87.0,88.0,15.0,15.0,high,tail_template_verified_score_0.997,,,,87.0,88.0,15.0,15.0,1
e2711620-6d4e-4f9c-8922-b1b2d1fb74f2,686,vision_template_tail_v1,176.0,175.0,30.0,30.0,191.0,190.0,88.0,87.5,15.0,15.0,high,tail_template_verified_score_0.994,,,,88.0,87.5,15.0,15.0,1
e2711620-6d4e-4f9c-8922-b1b2d1fb74f2,687,vision_template_tail_v1,178.0,175.0,30.0,30.0,193.0,190.0,89.0,87.5,15.0,15.0,high,tail_template_verified_score_0.998,,,,89.0,87.5,15.0,15.0,1
e2711620-6d4e-4f9c-8922-b1b2d1fb74f2,688,vision_template_tail_v1,178.0,175.0,30.0,30.0,193.0,190.0,89.0,87.5,15.0,15.0,high,tail_template_verified_score_0.999,,,,89.0,87.5,15.0,15.0,1
e2711620-6d4e-4f9c-8922-b1b2d1fb74f2,689,vision_template_tail_v1,179.0,174.0,30.0,30.0,194.0,189.0,89.5,87.0,15.0,15.0,high,tail_template_verified_score_0.996,,,,89.5,87.0,15.0,15.0,1
e2711620-6d4e-4f9c-8922-b1b2d1fb74f2,690,vision_template_tail_v1,179.0,174.0,30.0,30.0,194.0,189.0,89.5,87.0,15.0,15.0,high,tail_template_verified_score_0.997,,,,89.5,87.0,15.0,15.0,1
e2711620-6d4e-4f9c-8922-b1b2d1fb74f2,691,vision_template_tail_v1,181.0,174.0,30.0,30.0,196.0,189.0,90.5,87.0,15.0,15.0,high,tail_template_verified_score_0.996,,,,90.5,87.0,15.0,15.0,1
e2711620-6d4e-4f9c-8922-b1b2d1fb74f2,692,vision_template_tail_v1,182.0,173.0,30.0,30.0,197.0,188.0,91.0,86.5,15.0,15.0,high,tail_template_verified_score_0.997,,,,91.0,86.5,15.0,15.0,1
e2711620-6d4e-4f9c-8922-b1b2d1fb74f2,693,vision_template_tail_v1,182.0,173.0,30.0,30.0,197.0,188.0,91.0,86.5,15.0,15.0,high,tail_template_verified_score_0.998,,,,91.0,86.5,15.0,15.0,1
e2711620-6d4e-4f9c-8922-b1b2d1fb74f2,694,vision_template_tail_v1,184.0,173.0,30.0,30.0,199.0,188.0,92.0,86.5,15.0,15.0,high,tail_template_verified_score_0.995,,,,92.0,86.5,15.0,15.0,1
e2711620-6d4e-4f9c-8922-b1b2d1fb74f2,695,vision_template_tail_v1,184.0,173.0,30.0,30.0,199.0,188.0,92.0,86.5,15.0,15.0,high,tail_template_verified_score_0.997,,,,92.0,86.5,15.0,15.0,1
e2711620-6d4e-4f9c-8922-b1b2d1fb74f2,696,vision_template_tail_v1,185.0,172.0,30.0,30.0,200.0,187.0,92.5,86.0,15.0,15.0,high,tail_template_verified_score_0.997,,,,92.5,86.0,15.0,15.0,1
e2711620-6d4e-4f9c-8922-b1b2d1fb74f2,697,vision_template_tail_v1,187.0,172.0,30.0,30.0,202.0,187.0,93.5,86.0,15.0,15.0,high,tail_template_verified_score_0.996,,,,93.5,86.0,15.0,15.0,1
e2711620-6d4e-4f9c-8922-b1b2d1fb74f2,698,vision_template_tail_v1,187.0,172.0,30.0,30.0,202.0,187.0,93.5,86.0,15.0,15.0,high,tail_template_verified_score_0.998,,,,93.5,86.0,15.0,15.0,1
