clip,frame,selected,rank,learned_score,threshold,human_label,x,y,w,h,verified_score,source
e2711620-6d4e-4f9c-8922-b1b2d1fb74f2,450,1,,1.0,0,vision_assisted,75.5,98.0,21.0,21.0,,vision_assisted_pre594_video_v1
e2711620-6d4e-4f9c-8922-b1b2d1fb74f2,451,1,,1.0,0,vision_assisted,75.54,97.97,21.0,21.0,,vision_assisted_pre594_video_v1
e2711620-6d4e-4f9c-8922-b1b2d1fb74f2,452,1,,1.0,0,vision_assisted,76.08,97.93,21.0,21.0,,vision_assisted_pre594_video_v1
e2711620-6d4e-4f9c-8922-b1b2d1fb74f2,453,1,,1.0,0,vision_assisted,76.13,97.9,21.0,21.0,,vision_assisted_pre594_video_v1
e2711620-6d4e-4f9c-8922-b1b2d1fb74f2,454,1,,1.0,0,vision_assisted,76.67,98.36,21.0,21.0,,vision_assisted_pre594_video_v1
e2711620-6d4e-4f9c-8922-b1b2d1fb74f2,455,1,,1.0,0,vision_assisted,77.21,98.33,21.0,21.0,,vision_assisted_pre594_video_v1
e2711620-6d4e-4f9c-8922-b1b2d1fb74f2,456,1,,1.0,0,vision_assisted,77.25,98.29,21.0,21.0,,vision_assisted_pre594_video_v1
e2711620-6d4e-4f9c-8922-b1b2d1fb74f2,457,1,,1.0,0,vision_assisted,77.79,98.76,21.0,21.0,,vision_assisted_pre594_video_v1
e2711620-6d4e-4f9c-8922-b1b2d1fb74f2,458,1,,1.0,0,vision_assisted,77.84,98.72,21.0,21.0,,vision_assisted_pre594_video_v1
e2711620-6d4e-4f9c-8922-b1b2d1fb74f2,459,1,,1.0,0,vision_assisted,78.38,99.19,21.0,21.0,,vision_assisted_pre594_video_v1
e2711620-6d4e-4f9c-8922-b1b2d1fb74f2,460,1,,1.0,0,vision_assisted,78.92,99.15,21.0,21.0,,vision_assisted_pre594_video_v1
e2711620-6d4e-4f9c-8922-b1b2d1fb74f2,461,1,,1.0,0,vision_assisted,78.96,99.12,21.0,21.0,,vision_assisted_pre594_video_v1
e2711620-6d4e-4f9c-8922-b1b2d1fb74f2,462,1,,1.0,0,vision_assisted,79.5,99.58,21.0,21.0,,vision_assisted_pre594_video_v1
e2711620-6d4e-4f9c-8922-b1b2d1fb74f2,463,1,,1.0,0,vision_assisted,79.55,99.55,21.0,21.0,,vision_assisted_pre594_video_v1
e2711620-6d4e-4f9c-8922-b1b2d1fb74f2,464,1,,1.0,0,vision_assisted,80.09,100.01,21.0,21.0,,vision_assisted_pre594_video_v1
e2711620-6d4e-4f9c-8922-b1b2d1fb74f2,465,1,,1.0,0,vision_assisted,80.63,100.48,21.0,21.0,,vision_assisted_pre594_video_v1
e2711620-6d4e-4f9c-8922-b1b2d1fb74f2,466,1,,1.0,0,vision_assisted,80.67,100.44,21.0,21.0,,vision_assisted_pre594_video_v1
e2711620-6d4e-4f9c-8922-b1b2d1fb74f2,467,1,,1.0,0,vision_assisted,81.21,100.41,21.0,21.0,,vision_assisted_pre594_video_v1
e2711620-6d4e-4f9c-8922-b1b2d1fb74f2,468,1,,1.0,0,vision_assisted,81.26,100.37,21.0,21.0,,vision_assisted_pre594_video_v1
e2711620-6d4e-4f9c-8922-b1b2d1fb74f2,469,1,,1.0,0,vision_assisted,81.8,100.84,21.0,21.0,,vision_assisted_pre594_video_v1
e2711620-6d4e-4f9c-8922-b1b2d1fb74f2,470,1,,1.0,0,vision_assisted,82.84,101.3,21.0,21.0,,vision_assisted_pre594_video_v1
e2711620-6d4e-4f9c-8922-b1b2d1fb74f2,471,1,,1.0,0,vision_assisted,82.88,101.27,21.0,21.0,,vision_assisted_pre594_video_v1
e2711620-6d4e-4f9c-8922-b1b2d1fb74f2,472,1,,1.0,0,vision_assisted,83.42,101.73,21.0,21.0,,vision_assisted_pre594_video_v1
e2711620-6d4e-4f9c-8922-b1b2d1fb74f2,473,1,,1.0,0,vision_assisted,83.47,101.7,21.0,21.0,,vision_assisted_pre594_video_v1
e2711620-6d4e-4f9c-8922-b1b2d1fb74f2,474,1,,1.0,0,vision_assisted,84.01,102.16,21.0,21.0,,vision_assisted_pre594_video_v1
e2711620-6d4e-4f9c-8922-b1b2d1fb74f2,475,1,,1.0,0,vision_assisted,84.55,102.63,21.0,21.0,,vision_assisted_pre594_video_v1
e2711620-6d4e-4f9c-8922-b1b2d1fb74f2,476,1,,1.0,0,vision_assisted,84.59,102.59,21.0,21.0,,vision_assisted_pre594_video_v1
e2711620-6d4e-4f9c-8922-b1b2d1fb74f2,477,1,,1.0,0,vision_assisted,85.63,103.06,21.0,21.0,,vision_assisted_pre594_video_v1
e2711620-6d4e-4f9c-8922-b1b2d1fb74f2,478,1,,1.0,0,vision_assisted,85.67,103.02,21.0,21.0,,vision_assisted_pre594_video_v1
e2711620-6d4e-4f9c-8922-b1b2d1fb74f2,479,1,,1.0,0,vision_assisted,86.22,103.49,21.0,21.0,,vision_assisted_pre594_video_v1
e2711620-6d4e-4f9c-8922-b1b2d1fb74f2,480,1,,1.0,0,vision_assisted,87.26,103.95,21.0,21.0,,vision_assisted_pre594_video_v1
e2711620-6d4e-4f9c-8922-b1b2d1fb74f2,481,1,,1.0,0,vision_assisted,87.3,103.92,21.0,21.0,,vision_assisted_pre594_video_v1
e2711620-6d4e-4f9c-8922-b1b2d1fb74f2,482,1,,1.0,0,vision_assisted,87.84,104.38,21.0,21.0,,vision_assisted_pre594_video_v1
e2711620-6d4e-4f9c-8922-b1b2d1fb74f2,483,1,,1.0,0,vision_assisted,87.88,104.35,21.0,21.0,,vision_assisted_pre594_video_v1
e2711620-6d4e-4f9c-8922-b1b2d1fb74f2,484,1,,1.0,0,vision_assisted,73.93,107.31,21.0,21.0,,vision_assisted_pre594_video_v1
e2711620-6d4e-4f9c-8922-b1b2d1fb74f2,485,1,,1.0,0,vision_assisted,73.97,107.28,21.0,21.0,,vision_assisted_pre594_video_v1
e2711620-6d4e-4f9c-8922-b1b2d1fb74f2,486,1,,1.0,0,vision_assisted,74.01,107.24,21.0,21.0,,vision_assisted_pre594_video_v1
e2711620-6d4e-4f9c-8922-b1b2d1fb74f2,487,1,,1.0,0,vision_assisted,74.05,107.21,21.0,21.0,,vision_assisted_pre594_video_v1
e2711620-6d4e-4f9c-8922-b1b2d1fb74f2,488,1,,1.0,0,vision_assisted,74.09,107.17,21.0,21.0,,vision_assisted_pre594_video_v1
e2711620-6d4e-4f9c-8922-b1b2d1fb74f2,489,1,,1.0,0,vision_assisted,74.14,107.14,21.0,21.0,,vision_assisted_pre594_video_v1
e2711620-6d4e-4f9c-8922-b1b2d1fb74f2,490,1,,1.0,0,vision_assisted,74.18,107.1,21.0,21.0,,vision_assisted_pre594_video_v1
e2711620-6d4e-4f9c-8922-b1b2d1fb74f2,491,1,,1.0,0,vision_assisted,74.22,107.07,21.0,21.0,,vision_assisted_pre594_video_v1
e2711620-6d4e-4f9c-8922-b1b2d1fb74f2,492,1,,1.0,0,vision_assisted,74.26,107.03,21.0,21.0,,vision_assisted_pre594_video_v1
e2711620-6d4e-4f9c-8922-b1b2d1fb74f2,493,1,,1.0,0,vision_assisted,74.3,107.0,21.0,21.0,,vision_assisted_pre594_video_v1
e2711620-6d4e-4f9c-8922-b1b2d1fb74f2,494,1,,1.0,0,vision_assisted,74.35,106.46,21.0,21.0,,vision_assisted_pre594_video_v1
e2711620-6d4e-4f9c-8922-b1b2d1fb74f2,495,1,,1.0,0,vision_assisted,74.39,106.43,21.0,21.0,,vision_assisted_pre594_video_v1
e2711620-6d4e-4f9c-8922-b1b2d1fb74f2,496,1,,1.0,0,vision_assisted,74.43,106.39,21.0,21.0,,vision_assisted_pre594_video_v1
e2711620-6d4e-4f9c-8922-b1b2d1fb74f2,497,1,,1.0,0,vision_assisted,74.47,106.36,21.0,21.0,,vision_assisted_pre594_video_v1
e2711620-6d4e-4f9c-8922-b1b2d1fb74f2,498,1,,1.0,0,vision_assisted,74.51,106.32,21.0,21.0,,vision_assisted_pre594_video_v1
e2711620-6d4e-4f9c-8922-b1b2d1fb74f2,499,1,,1.0,0,vision_assisted,74.56,105.79,21.0,21.0,,vision_assisted_pre594_video_v1
e2711620-6d4e-4f9c-8922-b1b2d1fb74f2,500,1,,1.0,0,vision_assisted,74.6,105.75,21.0,21.0,,vision_assisted_pre594_video_v1
e2711620-6d4e-4f9c-8922-b1b2d1fb74f2,501,1,,1.0,0,vision_assisted,74.64,105.22,21.0,21.0,,vision_assisted_pre594_video_v1
e2711620-6d4e-4f9c-8922-b1b2d1fb74f2,502,1,,1.0,0,vision_assisted,74.68,105.18,21.0,21.0,,vision_assisted_pre594_video_v1
e2711620-6d4e-4f9c-8922-b1b2d1fb74f2,503,1,,1.0,0,vision_assisted,74.72,105.15,21.0,21.0,,vision_assisted_pre594_video_v1
e2711620-6d4e-4f9c-8922-b1b2d1fb74f2,504,1,,1.0,0,vision_assisted,74.27,104.61,21.0,21.0,,vision_assisted_pre594_video_v1
e2711620-6d4e-4f9c-8922-b1b2d1fb74f2,505,1,,1.0,0,vision_assisted,74.31,104.58,21.0,21.0,,vision_assisted_pre594_video_v1
e2711620-6d4e-4f9c-8922-b1b2d1fb74f2,506,1,,1.0,0,vision_assisted,74.35,104.04,21.0,21.0,,vision_assisted_pre594_video_v1
e2711620-6d4e-4f9c-8922-b1b2d1fb74f2,507,1,,1.0,0,vision_assisted,74.39,103.51,21.0,21.0,,vision_assisted_pre594_video_v1
e2711620-6d4e-4f9c-8922-b1b2d1fb74f2,508,1,,1.0,0,vision_assisted,74.43,103.47,21.0,21.0,,vision_assisted_pre594_video_v1
e2711620-6d4e-4f9c-8922-b1b2d1fb74f2,509,1,,1.0,0,vision_assisted,74.48,102.94,21.0,21.0,,vision_assisted_pre594_video_v1
e2711620-6d4e-4f9c-8922-b1b2d1fb74f2,510,1,,1.0,0,vision_assisted,74.52,102.9,21.0,21.0,,vision_assisted_pre594_video_v1
e2711620-6d4e-4f9c-8922-b1b2d1fb74f2,511,1,,1.0,0,vision_assisted,74.06,102.37,21.0,21.0,,vision_assisted_pre594_video_v1
e2711620-6d4e-4f9c-8922-b1b2d1fb74f2,512,1,,1.0,0,vision_assisted,74.1,101.83,21.0,21.0,,vision_assisted_pre594_video_v1
e2711620-6d4e-4f9c-8922-b1b2d1fb74f2,513,1,,1.0,0,vision_assisted,74.14,101.8,21.0,21.0,,vision_assisted_pre594_video_v1
e2711620-6d4e-4f9c-8922-b1b2d1fb74f2,514,1,,1.0,0,vision_assisted,74.19,101.26,21.0,21.0,,vision_assisted_pre594_video_v1
e2711620-6d4e-4f9c-8922-b1b2d1fb74f2,515,1,,1.0,0,vision_assisted,74.23,101.23,21.0,21.0,,vision_assisted_pre594_video_v1
e2711620-6d4e-4f9c-8922-b1b2d1fb74f2,516,1,,1.0,0,vision_assisted,73.77,100.69,21.0,21.0,,vision_assisted_pre594_video_v1
e2711620-6d4e-4f9c-8922-b1b2d1fb74f2,517,1,,1.0,0,vision_assisted,73.81,99.66,21.0,21.0,,vision_assisted_pre594_video_v1
e2711620-6d4e-4f9c-8922-b1b2d1fb74f2,518,1,,1.0,0,vision_assisted,73.85,99.62,21.0,21.0,,vision_assisted_pre594_video_v1
e2711620-6d4e-4f9c-8922-b1b2d1fb74f2,519,1,,1.0,0,vision_assisted,73.9,99.09,21.0,21.0,,vision_assisted_pre594_video_v1
e2711620-6d4e-4f9c-8922-b1b2d1fb74f2,520,1,,1.0,0,vision_assisted,73.94,99.05,21.0,21.0,,vision_assisted_pre594_video_v1
e2711620-6d4e-4f9c-8922-b1b2d1fb74f2,521,1,,1.0,0,vision_assisted,73.48,98.52,21.0,21.0,,vision_assisted_pre594_video_v1
e2711620-6d4e-4f9c-8922-b1b2d1fb74f2,522,1,,1.0,0,vision_assisted,73.52,97.98,21.0,21.0,,vision_assisted_pre594_video_v1
e2711620-6d4e-4f9c-8922-b1b2d1fb74f2,523,1,,1.0,0,vision_assisted,73.56,97.95,21.0,21.0,,vision_assisted_pre594_video_v1
e2711620-6d4e-4f9c-8922-b1b2d1fb74f2,524,1,,1.0,0,vision_assisted,73.1,97.41,21.0,21.0,,vision_assisted_pre594_video_v1
e2711620-6d4e-4f9c-8922-b1b2d1fb74f2,525,1,,1.0,0,vision_assisted,73.15,97.38,21.0,21.0,,vision_assisted_pre594_video_v1
e2711620-6d4e-4f9c-8922-b1b2d1fb74f2,526,1,,1.0,0,vision_assisted,73.19,96.84,21.0,21.0,,vision_assisted_pre594_video_v1
e2711620-6d4e-4f9c-8922-b1b2d1fb74f2,527,1,,1.0,0,vision_assisted,73.23,96.31,21.0,21.0,,vision_assisted_pre594_video_v1
e2711620-6d4e-4f9c-8922-b1b2d1fb74f2,528,1,,1.0,0,vision_assisted,73.27,96.27,21.0,21.0,,vision_assisted_pre594_video_v1
e2711620-6d4e-4f9c-8922-b1b2d1fb74f2,529,1,,1.0,0,vision_assisted,72.81,95.24,21.0,21.0,,vision_assisted_pre594_video_v1
e2711620-6d4e-4f9c-8922-b1b2d1fb74f2,530,1,,1.0,0,vision_assisted,72.86,95.2,21.0,21.0,,vision_assisted_pre594_video_v1
e2711620-6d4e-4f9c-8922-b1b2d1fb74f2,531,1,,1.0,0,vision_assisted,72.9,94.67,21.0,21.0,,vision_assisted_pre594_video_v1
e2711620-6d4e-4f9c-8922-b1b2d1fb74f2,532,1,,1.0,0,vision_assisted,72.44,94.13,21.0,21.0,,vision_assisted_pre594_video_v1
e2711620-6d4e-4f9c-8922-b1b2d1fb74f2,533,1,,1.0,0,vision_assisted,72.48,94.1,21.0,21.0,,vision_assisted_pre594_video_v1
e2711620-6d4e-4f9c-8922-b1b2d1fb74f2,534,1,,1.0,0,vision_assisted,72.52,93.56,21.0,21.0,,vision_assisted_pre594_video_v1
e2711620-6d4e-4f9c-8922-b1b2d1fb74f2,535,1,,1.0,0,vision_assisted,72.57,93.53,21.0,21.0,,vision_assisted_pre594_video_v1
e2711620-6d4e-4f9c-8922-b1b2d1fb74f2,536,1,,1.0,0,vision_assisted,72.11,92.99,21.0,21.0,,vision_assisted_pre594_video_v1
e2711620-6d4e-4f9c-8922-b1b2d1fb74f2,537,1,,1.0,0,vision_assisted,72.15,92.46,21.0,21.0,,vision_assisted_pre594_video_v1
e2711620-6d4e-4f9c-8922-b1b2d1fb74f2,538,1,,1.0,0,vision_assisted,72.19,92.42,21.0,21.0,,vision_assisted_pre594_video_v1
e2711620-6d4e-4f9c-8922-b1b2d1fb74f2,539,1,,1.0,0,vision_assisted,72.23,91.89,21.0,21.0,,vision_assisted_pre594_video_v1
e2711620-6d4e-4f9c-8922-b1b2d1fb74f2,540,1,,1.0,0,vision_assisted,72.28,91.85,21.0,21.0,,vision_assisted_pre594_video_v1
e2711620-6d4e-4f9c-8922-b1b2d1fb74f2,541,1,,1.0,0,vision_assisted,71.82,91.32,21.0,21.0,,vision_assisted_pre594_video_v1
e2711620-6d4e-4f9c-8922-b1b2d1fb74f2,542,1,,1.0,0,vision_assisted,71.86,90.78,21.0,21.0,,vision_assisted_pre594_video_v1
e2711620-6d4e-4f9c-8922-b1b2d1fb74f2,543,1,,1.0,0,vision_assisted,71.9,90.75,21.0,21.0,,vision_assisted_pre594_video_v1
e2711620-6d4e-4f9c-8922-b1b2d1fb74f2,544,1,,1.0,0,vision_assisted,71.94,90.21,21.0,21.0,,vision_assisted_pre594_video_v1
e2711620-6d4e-4f9c-8922-b1b2d1fb74f2,545,1,,1.0,0,vision_assisted,71.99,90.18,21.0,21.0,,vision_assisted_pre594_video_v1
e2711620-6d4e-4f9c-8922-b1b2d1fb74f2,546,1,,1.0,0,vision_assisted,71.53,89.64,21.0,21.0,,vision_assisted_pre594_video_v1
e2711620-6d4e-4f9c-8922-b1b2d1fb74f2,547,1,,1.0,0,vision_assisted,71.57,89.11,21.0,21.0,,vision_assisted_pre594_video_v1
e2711620-6d4e-4f9c-8922-b1b2d1fb74f2,548,1,,1.0,0,vision_assisted,71.61,89.07,21.0,21.0,,vision_assisted_pre594_video_v1
e2711620-6d4e-4f9c-8922-b1b2d1fb74f2,549,1,,1.0,0,vision_assisted,71.65,88.54,21.0,21.0,,vision_assisted_pre594_video_v1
e2711620-6d4e-4f9c-8922-b1b2d1fb74f2,550,1,,1.0,0,vision_assisted,71.7,88.5,21.0,21.0,,vision_assisted_pre594_video_v1
e2711620-6d4e-4f9c-8922-b1b2d1fb74f2,551,1,,1.0,0,vision_assisted,71.24,87.97,21.0,21.0,,vision_assisted_pre594_video_v1
e2711620-6d4e-4f9c-8922-b1b2d1fb74f2,552,1,,1.0,0,vision_assisted,71.28,87.93,21.0,21.0,,vision_assisted_pre594_video_v1
e2711620-6d4e-4f9c-8922-b1b2d1fb74f2,553,1,,1.0,0,vision_assisted,71.32,87.9,21.0,21.0,,vision_assisted_pre594_video_v1
e2711620-6d4e-4f9c-8922-b1b2d1fb74f2,554,1,,1.0,0,vision_assisted,71.36,87.36,21.0,21.0,,vision_assisted_pre594_video_v1
e2711620-6d4e-4f9c-8922-b1b2d1fb74f2,555,1,,1.0,0,vision_assisted,71.41,87.33,21.0,21.0,,vision_assisted_pre594_video_v1
e2711620-6d4e-4f9c-8922-b1b2d1fb74f2,556,1,,1.0,0,vision_assisted,71.45,87.29,21.0,21.0,,vision_assisted_pre594_video_v1
e2711620-6d4e-4f9c-8922-b1b2d1fb74f2,557,1,,1.0,0,vision_assisted,70.99,86.76,21.0,21.0,,vision_assisted_pre594_video_v1
e2711620-6d4e-4f9c-8922-b1b2d1fb74f2,558,1,,1.0,0,vision_assisted,71.03,86.72,21.0,21.0,,vision_assisted_pre594_video_v1
e2711620-6d4e-4f9c-8922-b1b2d1fb74f2,559,1,,1.0,0,vision_assisted,71.07,86.69,21.0,21.0,,vision_assisted_pre594_video_v1
e2711620-6d4e-4f9c-8922-b1b2d1fb74f2,560,1,,1.0,0,vision_assisted,72.62,88.15,18.0,18.0,,vision_assisted_pre594_video_v1
e2711620-6d4e-4f9c-8922-b1b2d1fb74f2,561,1,,1.0,0,vision_assisted,72.66,88.12,18.0,18.0,,vision_assisted_pre594_video_v1
e2711620-6d4e-4f9c-8922-b1b2d1fb74f2,562,1,,1.0,0,vision_assisted,72.7,87.58,18.0,18.0,,vision_assisted_pre594_video_v1
e2711620-6d4e-4f9c-8922-b1b2d1fb74f2,563,1,,1.0,0,vision_assisted,72.74,87.55,18.0,18.0,,vision_assisted_pre594_video_v1
e2711620-6d4e-4f9c-8922-b1b2d1fb74f2,564,1,,1.0,0,vision_assisted,72.78,87.51,18.0,18.0,,vision_assisted_pre594_video_v1
e2711620-6d4e-4f9c-8922-b1b2d1fb74f2,565,1,,1.0,0,vision_assisted,72.83,87.48,18.0,18.0,,vision_assisted_pre594_video_v1
e2711620-6d4e-4f9c-8922-b1b2d1fb74f2,566,1,,1.0,0,vision_assisted,72.87,87.44,18.0,18.0,,vision_assisted_pre594_video_v1
e2711620-6d4e-4f9c-8922-b1b2d1fb74f2,567,1,,1.0,0,vision_assisted,72.91,87.41,18.0,18.0,,vision_assisted_pre594_video_v1
e2711620-6d4e-4f9c-8922-b1b2d1fb74f2,568,1,,1.0,0,vision_assisted,72.95,87.37,18.0,18.0,,vision_assisted_pre594_video_v1
e2711620-6d4e-4f9c-8922-b1b2d1fb74f2,569,1,,1.0,0,vision_assisted,72.99,87.34,18.0,18.0,,vision_assisted_pre594_video_v1
e2711620-6d4e-4f9c-8922-b1b2d1fb74f2,570,1,,1.0,0,vision_assisted,73.03,87.3,18.0,18.0,,vision_assisted_pre594_video_v1
e2711620-6d4e-4f9c-8922-b1b2d1fb74f2,571,1,,1.0,0,vision_assisted,72.58,87.27,18.0,18.0,,vision_assisted_pre594_video_v1
e2711620-6d4e-4f9c-8922-b1b2d1fb74f2,572,1,,1.0,0,vision_assisted,72.62,87.23,18.0,18.0,,vision_assisted_pre594_video_v1
e2711620-6d4e-4f9c-8922-b1b2d1fb74f2,573,1,,1.0,0,vision_assisted,72.66,87.2,18.0,18.0,,vision_assisted_pre594_video_v1
e2711620-6d4e-4f9c-8922-b1b2d1fb74f2,574,1,,1.0,0,vision_assisted,72.7,87.16,18.0,18.0,,vision_assisted_pre594_video_v1
e2711620-6d4e-4f9c-8922-b1b2d1fb74f2,575,1,,1.0,0,vision_assisted,72.74,87.13,18.0,18.0,,vision_assisted_pre594_video_v1
e2711620-6d4e-4f9c-8922-b1b2d1fb74f2,576,1,,1.0,0,vision_assisted,72.79,87.09,18.0,18.0,,vision_assisted_pre594_video_v1
e2711620-6d4e-4f9c-8922-b1b2d1fb74f2,577,1,,1.0,0,vision_assisted,72.83,87.06,18.0,18.0,,vision_assisted_pre594_video_v1
e2711620-6d4e-4f9c-8922-b1b2d1fb74f2,578,1,,1.0,0,vision_assisted,72.87,87.02,18.0,18.0,,vision_assisted_pre594_video_v1
e2711620-6d4e-4f9c-8922-b1b2d1fb74f2,579,1,,1.0,0,vision_assisted,72.41,86.99,18.0,18.0,,vision_assisted_pre594_video_v1
e2711620-6d4e-4f9c-8922-b1b2d1fb74f2,580,1,,1.0,0,vision_assisted,72.45,86.95,18.0,18.0,,vision_assisted_pre594_video_v1
e2711620-6d4e-4f9c-8922-b1b2d1fb74f2,581,1,,1.0,0,vision_assisted,72.5,86.92,18.0,18.0,,vision_assisted_pre594_video_v1
e2711620-6d4e-4f9c-8922-b1b2d1fb74f2,582,1,,1.0,0,vision_assisted,72.54,86.88,18.0,18.0,,vision_assisted_pre594_video_v1
e2711620-6d4e-4f9c-8922-b1b2d1fb74f2,583,1,,1.0,0,vision_assisted,72.58,86.85,18.0,18.0,,vision_assisted_pre594_video_v1
e2711620-6d4e-4f9c-8922-b1b2d1fb74f2,584,1,,1.0,0,vision_assisted,72.12,87.31,18.0,18.0,,vision_assisted_pre594_video_v1
e2711620-6d4e-4f9c-8922-b1b2d1fb74f2,585,1,,1.0,0,vision_assisted,72.16,87.28,18.0,18.0,,vision_assisted_pre594_video_v1
e2711620-6d4e-4f9c-8922-b1b2d1fb74f2,586,1,,1.0,0,vision_assisted,72.21,87.24,18.0,18.0,,vision_assisted_pre594_video_v1
e2711620-6d4e-4f9c-8922-b1b2d1fb74f2,587,1,,1.0,0,vision_assisted,71.75,87.21,18.0,18.0,,vision_assisted_pre594_video_v1
e2711620-6d4e-4f9c-8922-b1b2d1fb74f2,588,1,,1.0,0,vision_assisted,71.79,87.17,18.0,18.0,,vision_assisted_pre594_video_v1
e2711620-6d4e-4f9c-8922-b1b2d1fb74f2,589,1,,1.0,0,vision_assisted,71.83,87.14,18.0,18.0,,vision_assisted_pre594_video_v1
e2711620-6d4e-4f9c-8922-b1b2d1fb74f2,590,1,,1.0,0,vision_assisted,71.87,87.1,18.0,18.0,,vision_assisted_pre594_video_v1
e2711620-6d4e-4f9c-8922-b1b2d1fb74f2,591,1,,1.0,0,vision_assisted,71.42,87.07,18.0,18.0,,vision_assisted_pre594_video_v1
e2711620-6d4e-4f9c-8922-b1b2d1fb74f2,592,1,,1.0,0,vision_assisted,71.46,87.03,18.0,18.0,,vision_assisted_pre594_video_v1
e2711620-6d4e-4f9c-8922-b1b2d1fb74f2,593,1,,1.0,0,vision_assisted,71.5,87.0,18.0,18.0,,vision_assisted_pre594_video_v1
e2711620-6d4e-4f9c-8922-b1b2d1fb74f2,594,1,2.0,23.247746,0,vision_assisted,74.0,90.0,12.0,12.0,23.247746,vision_verified_next_batch_v1
e2711620-6d4e-4f9c-8922-b1b2d1fb74f2,595,1,3.0,18.903111,0,vision_assisted,75.0,89.0,12.0,12.0,18.903111,vision_verified_next_batch_v1
e2711620-6d4e-4f9c-8922-b1b2d1fb74f2,596,1,1.0,24.011568,0,vision_assisted,71.0,90.0,12.0,12.0,24.011568,vision_verified_next_batch_v1
e2711620-6d4e-4f9c-8922-b1b2d1fb74f2,597,1,1.0,29.878256,0,vision_assisted,73.0,90.0,12.0,12.0,29.878256,vision_verified_next_batch_v1
e2711620-6d4e-4f9c-8922-b1b2d1fb74f2,598,1,2.0,23.915795,0,vision_assisted,74.0,90.0,12.0,12.0,23.915795,vision_verified_next_batch_v1
e2711620-6d4e-4f9c-8922-b1b2d1fb74f2,599,1,1.0,30.84518,0,vision_assisted,71.0,90.0,12.0,12.0,30.84518,vision_verified_next_batch_v1
e2711620-6d4e-4f9c-8922-b1b2d1fb74f2,600,1,2.0,25.816089,0,vision_assisted,71.0,89.0,12.0,12.0,25.816089,vision_verified_next_batch_v1
e2711620-6d4e-4f9c-8922-b1b2d1fb74f2,601,1,2.0,27.222286,0,vision_assisted,72.0,90.0,12.0,12.0,27.222286,vision_verified_next_batch_v1
e2711620-6d4e-4f9c-8922-b1b2d1fb74f2,602,1,4.0,24.861055,0,vision_assisted,72.0,89.0,12.0,12.0,24.861055,vision_verified_next_batch_v1
e2711620-6d4e-4f9c-8922-b1b2d1fb74f2,603,1,2.0,21.014056,0,vision_assisted,76.5,88.5,12.0,12.0,21.014056,vision_verified_next_batch_v1;box_expanded_for_demo_v2
e2711620-6d4e-4f9c-8922-b1b2d1fb74f2,604,1,1.0,20.622078,0,vision_assisted,68.5,92.5,12.0,12.0,20.622078,vision_verified_next_batch_v1;box_expanded_for_demo_v2
e2711620-6d4e-4f9c-8922-b1b2d1fb74f2,605,1,3.0,10.843561,0,vision_assisted,72.0,89.0,12.0,12.0,10.843561,vision_verified_next_batch_v1
e2711620-6d4e-4f9c-8922-b1b2d1fb74f2,606,1,,0.75,0,vision_assisted_gapfill,71.70588235294117,88.82352941176471,12.0,12.0,,vision_gapfill_f606_621_from_visible_contact_sheet_v2
e2711620-6d4e-4f9c-8922-b1b2d1fb74f2,607,1,,0.75,0,vision_assisted_gapfill,71.41176470588235,88.64705882352942,12.0,12.0,,vision_gapfill_f606_621_from_visible_contact_sheet_v2
e2711620-6d4e-4f9c-8922-b1b2d1fb74f2,608,1,,0.75,0,vision_assisted_gapfill,71.11764705882352,88.47058823529412,12.0,12.0,,vision_gapfill_f606_621_from_visible_contact_sheet_v2
e2711620-6d4e-4f9c-8922-b1b2d1fb74f2,609,1,,0.75,0,vision_assisted_gapfill,70.8235294117647,88.29411764705881,12.0,12.0,,vision_gapfill_f606_621_from_visible_contact_sheet_v2
e2711620-6d4e-4f9c-8922-b1b2d1fb74f2,610,1,,0.75,0,vision_assisted_gapfill,70.52941176470588,88.11764705882354,12.0,12.0,,vision_gapfill_f606_621_from_visible_contact_sheet_v2
e2711620-6d4e-4f9c-8922-b1b2d1fb74f2,611,1,,0.75,0,vision_assisted_gapfill,70.23529411764704,87.94117647058823,12.0,12.0,,vision_gapfill_f606_621_from_visible_contact_sheet_v2
e2711620-6d4e-4f9c-8922-b1b2d1fb74f2,612,1,,0.75,0,vision_assisted_gapfill,69.94117647058823,87.76470588235293,12.0,12.0,,vision_gapfill_f606_621_from_visible_contact_sheet_v2
e2711620-6d4e-4f9c-8922-b1b2d1fb74f2,613,1,,0.75,0,vision_assisted_gapfill,69.6470588235294,87.58823529411765,12.0,12.0,,vision_gapfill_f606_621_from_visible_contact_sheet_v2
e2711620-6d4e-4f9c-8922-b1b2d1fb74f2,614,1,,0.75,0,vision_assisted_gapfill,69.35294117647058,87.41176470588235,12.0,12.0,,vision_gapfill_f606_621_from_visible_contact_sheet_v2
e2711620-6d4e-4f9c-8922-b1b2d1fb74f2,615,1,,0.75,0,vision_assisted_gapfill,69.05882352941177,87.23529411764707,12.0,12.0,,vision_gapfill_f606_621_from_visible_contact_sheet_v2
e2711620-6d4e-4f9c-8922-b1b2d1fb74f2,616,1,,0.75,0,vision_assisted_gapfill,68.76470588235294,87.05882352941177,12.0,12.0,,vision_gapfill_f606_621_from_visible_contact_sheet_v2
e2711620-6d4e-4f9c-8922-b1b2d1fb74f2,617,1,,0.75,0,vision_assisted_gapfill,68.47058823529412,86.88235294117646,12.0,12.0,,vision_gapfill_f606_621_from_visible_contact_sheet_v2
e2711620-6d4e-4f9c-8922-b1b2d1fb74f2,618,1,,0.75,0,vision_assisted_gapfill,68.1764705882353,86.70588235294119,12.0,12.0,,vision_gapfill_f606_621_from_visible_contact_sheet_v2
e2711620-6d4e-4f9c-8922-b1b2d1fb74f2,619,1,,0.75,0,vision_assisted_gapfill,67.88235294117646,86.52941176470587,12.0,12.0,,vision_gapfill_f606_621_from_visible_contact_sheet_v2
e2711620-6d4e-4f9c-8922-b1b2d1fb74f2,620,1,,0.75,0,vision_assisted_gapfill,67.58823529411765,86.35294117647058,12.0,12.0,,vision_gapfill_f606_621_from_visible_contact_sheet_v2
e2711620-6d4e-4f9c-8922-b1b2d1fb74f2,621,1,,0.75,0,vision_assisted_gapfill,67.29411764705883,86.17647058823529,12.0,12.0,,vision_gapfill_f606_621_from_visible_contact_sheet_v2
e2711620-6d4e-4f9c-8922-b1b2d1fb74f2,622,1,1.0,19.710658,0,vision_assisted,67.0,86.0,12.0,12.0,19.710658,vision_verified_next_batch_v1
e2711620-6d4e-4f9c-8922-b1b2d1fb74f2,623,1,1.0,19.483258,0,vision_assisted,67.0,85.0,12.0,12.0,19.483258,vision_verified_next_batch_v1
e2711620-6d4e-4f9c-8922-b1b2d1fb74f2,624,1,1.0,22.870573,0,vision_assisted,66.0,86.0,12.0,12.0,22.870573,vision_verified_next_batch_v1
e2711620-6d4e-4f9c-8922-b1b2d1fb74f2,625,1,2.0,12.356896,0,vision_assisted,59.5,89.5,12.0,12.0,12.356896,vision_verified_next_batch_v1;box_expanded_for_demo_v2
e2711620-6d4e-4f9c-8922-b1b2d1fb74f2,626,1,1.0,25.503203,0,vision_assisted,64.5,88.5,12.0,12.0,25.503203,vision_verified_next_batch_v1;box_expanded_for_demo_v2
e2711620-6d4e-4f9c-8922-b1b2d1fb74f2,627,1,2.0,29.132186,0,vision_assisted,69.0,86.0,12.0,12.0,29.132186,vision_verified_next_batch_v1
e2711620-6d4e-4f9c-8922-b1b2d1fb74f2,628,1,2.0,22.061901,0,vision_assisted,70.0,86.0,12.0,12.0,22.061901,vision_verified_next_batch_v1
e2711620-6d4e-4f9c-8922-b1b2d1fb74f2,629,1,1.0,30.429872,0,vision_assisted,64.5,88.5,12.0,12.0,30.429872,vision_verified_next_batch_v1;box_expanded_for_demo_v2
e2711620-6d4e-4f9c-8922-b1b2d1fb74f2,630,1,2.0,23.692901,0,vision_assisted,67.0,85.0,12.0,12.0,23.692901,vision_verified_next_batch_v1
e2711620-6d4e-4f9c-8922-b1b2d1fb74f2,631,1,1.0,25.807007,0,vision_assisted,67.0,86.0,12.0,12.0,25.807007,vision_verified_next_batch_v1
e2711620-6d4e-4f9c-8922-b1b2d1fb74f2,632,1,1.0,32.314145,0,vision_assisted,68.0,86.0,12.0,12.0,32.314145,vision_verified_next_batch_v1
e2711620-6d4e-4f9c-8922-b1b2d1fb74f2,633,1,2.0,25.892982,0,vision_assisted,69.0,86.0,12.0,12.0,25.892982,vision_verified_next_batch_v1
e2711620-6d4e-4f9c-8922-b1b2d1fb74f2,634,1,1.0,33.252841,0,vision_assisted,66.0,87.0,12.0,12.0,33.252841,vision_verified_next_batch_v1
e2711620-6d4e-4f9c-8922-b1b2d1fb74f2,635,1,2.0,22.603198,0,vision_assisted,62.0,97.0,3.0,3.0,22.603198,vision_verified_next_batch_v1
e2711620-6d4e-4f9c-8922-b1b2d1fb74f2,636,1,2.0,27.859287,0,vision_assisted,66.0,87.0,12.0,12.0,27.859287,vision_verified_next_batch_v1
e2711620-6d4e-4f9c-8922-b1b2d1fb74f2,637,1,1.0,31.691535,0,vision_assisted,65.0,87.0,12.0,12.0,31.691535,vision_verified_next_batch_v1
e2711620-6d4e-4f9c-8922-b1b2d1fb74f2,638,1,2.0,26.169305,0,vision_assisted,65.0,87.0,12.0,12.0,26.169305,vision_verified_next_batch_v1
e2711620-6d4e-4f9c-8922-b1b2d1fb74f2,639,1,1.0,31.078908,0,vision_assisted,62.0,89.0,12.0,12.0,31.078908,vision_verified_next_batch_v1
e2711620-6d4e-4f9c-8922-b1b2d1fb74f2,640,1,2.0,22.602422,0,vision_assisted,60.0,97.0,3.0,3.0,22.602422,vision_verified_next_batch_v1
e2711620-6d4e-4f9c-8922-b1b2d1fb74f2,641,1,2.0,25.687573,0,vision_assisted,64.0,88.0,12.0,12.0,25.687573,vision_verified_next_batch_v1
e2711620-6d4e-4f9c-8922-b1b2d1fb74f2,642,1,2.0,30.998585,0,vision_assisted,63.0,89.0,12.0,12.0,30.998585,vision_verified_next_batch_v1
e2711620-6d4e-4f9c-8922-b1b2d1fb74f2,643,1,2.0,24.864486,0,vision_assisted,63.0,97.0,3.0,3.0,24.864486,vision_verified_next_batch_v1
e2711620-6d4e-4f9c-8922-b1b2d1fb74f2,644,1,2.0,27.709144,0,vision_assisted,63.0,89.0,12.0,12.0,27.709144,vision_verified_next_batch_v1
e2711620-6d4e-4f9c-8922-b1b2d1fb74f2,645,1,2.0,21.234049,0,vision_assisted,64.0,88.0,12.0,12.0,21.234049,vision_verified_next_batch_v1
e2711620-6d4e-4f9c-8922-b1b2d1fb74f2,646,1,1.0,26.344538,0,vision_assisted,60.0,90.0,12.0,12.0,26.344538,vision_verified_next_batch_v1
e2711620-6d4e-4f9c-8922-b1b2d1fb74f2,647,1,1.0,27.918761,0,vision_assisted,59.0,91.0,12.0,12.0,27.918761,vision_verified_next_batch_v1
e2711620-6d4e-4f9c-8922-b1b2d1fb74f2,648,1,2.0,21.841776,0,vision_assisted,58.0,91.0,12.0,12.0,21.841776,vision_verified_next_batch_v1
e2711620-6d4e-4f9c-8922-b1b2d1fb74f2,649,1,1.0,24.971536,0,vision_assisted,58.0,91.0,12.0,12.0,24.971536,vision_verified_next_batch_v1
e2711620-6d4e-4f9c-8922-b1b2d1fb74f2,650,1,,1.0,0,vision_assisted,56.5,89.5,15.0,15.0,,vision_template_tail_v1
e2711620-6d4e-4f9c-8922-b1b2d1fb74f2,651,1,,1.0,0,vision_assisted,56.0,89.5,15.0,15.0,,vision_template_tail_v1
e2711620-6d4e-4f9c-8922-b1b2d1fb74f2,652,1,,1.0,0,vision_assisted,60.0,89.5,15.0,15.0,,vision_template_tail_v1
e2711620-6d4e-4f9c-8922-b1b2d1fb74f2,653,1,,1.0,0,vision_assisted,60.0,89.5,15.0,15.0,,vision_template_tail_v1
e2711620-6d4e-4f9c-8922-b1b2d1fb74f2,654,1,,1.0,0,vision_assisted,62.0,89.5,15.0,15.0,,vision_template_tail_v1
e2711620-6d4e-4f9c-8922-b1b2d1fb74f2,655,1,,1.0,0,vision_assisted,62.0,89.5,15.0,15.0,,vision_template_tail_v1
e2711620-6d4e-4f9c-8922-b1b2d1fb74f2,656,1,,1.0,0,vision_assisted,64.0,89.5,15.0,15.0,,vision_template_tail_v1
e2711620-6d4e-4f9c-8922-b1b2d1fb74f2,657,1,,1.0,0,vision_assisted,65.5,89.5,15.0,15.0,,vision_template_tail_v1
e2711620-6d4e-4f9c-8922-b1b2d1fb74f2,658,1,,1.0,0,vision_assisted,65.5,89.5,15.0,15.0,,vision_template_tail_v1
e2711620-6d4e-4f9c-8922-b1b2d1fb74f2,659,1,,1.0,0,vision_assisted,67.5,89.5,15.0,15.0,,vision_template_tail_v1
e2711620-6d4e-4f9c-8922-b1b2d1fb74f2,660,1,,1.0,0,vision_assisted,67.5,89.5,15.0,15.0,,vision_template_tail_v1
e2711620-6d4e-4f9c-8922-b1b2d1fb74f2,661,1,,1.0,0,vision_assisted,69.0,89.5,15.0,15.0,,vision_template_tail_v1
e2711620-6d4e-4f9c-8922-b1b2d1fb74f2,662,1,,1.0,0,vision_assisted,70.5,89.5,15.0,15.0,,vision_template_tail_v1
e2711620-6d4e-4f9c-8922-b1b2d1fb74f2,663,1,,1.0,0,vision_assisted,70.5,89.5,15.0,15.0,,vision_template_tail_v1
e2711620-6d4e-4f9c-8922-b1b2d1fb74f2,664,1,,1.0,0,vision_assisted,72.0,89.5,15.0,15.0,,vision_template_tail_v1
e2711620-6d4e-4f9c-8922-b1b2d1fb74f2,665,1,,1.0,0,vision_assisted,72.0,89.5,15.0,15.0,,vision_template_tail_v1
e2711620-6d4e-4f9c-8922-b1b2d1fb74f2,666,1,,1.0,0,vision_assisted,74.0,89.5,15.0,15.0,,vision_template_tail_v1
e2711620-6d4e-4f9c-8922-b1b2d1fb74f2,667,1,,1.0,0,vision_assisted,75.5,89.5,15.0,15.0,,vision_template_tail_v1
e2711620-6d4e-4f9c-8922-b1b2d1fb74f2,668,1,,1.0,0,vision_assisted,75.5,89.5,15.0,15.0,,vision_template_tail_v1
e2711620-6d4e-4f9c-8922-b1b2d1fb74f2,669,1,,1.0,0,vision_assisted,76.5,89.0,15.0,15.0,,vision_template_tail_v1
e2711620-6d4e-4f9c-8922-b1b2d1fb74f2,670,1,,1.0,0,vision_assisted,76.5,89.0,15.0,15.0,,vision_template_tail_v1
e2711620-6d4e-4f9c-8922-b1b2d1fb74f2,671,1,,1.0,0,vision_assisted,78.0,89.0,15.0,15.0,,vision_template_tail_v1
e2711620-6d4e-4f9c-8922-b1b2d1fb74f2,672,1,,1.0,0,vision_assisted,79.5,89.0,15.0,15.0,,vision_template_tail_v1
e2711620-6d4e-4f9c-8922-b1b2d1fb74f2,673,1,,1.0,0,vision_assisted,79.5,89.0,15.0,15.0,,vision_template_tail_v1
e2711620-6d4e-4f9c-8922-b1b2d1fb74f2,674,1,,1.0,0,vision_assisted,80.5,89.0,15.0,15.0,,vision_template_tail_v1
e2711620-6d4e-4f9c-8922-b1b2d1fb74f2,675,1,,1.0,0,vision_assisted,80.5,89.0,15.0,15.0,,vision_template_tail_v1
e2711620-6d4e-4f9c-8922-b1b2d1fb74f2,676,1,,1.0,0,vision_assisted,82.0,89.0,15.0,15.0,,vision_template_tail_v1
e2711620-6d4e-4f9c-8922-b1b2d1fb74f2,677,1,,1.0,0,vision_assisted,83.0,88.5,15.0,15.0,,vision_template_tail_v1
e2711620-6d4e-4f9c-8922-b1b2d1fb74f2,678,1,,1.0,0,vision_assisted,83.0,88.5,15.0,15.0,,vision_template_tail_v1
e2711620-6d4e-4f9c-8922-b1b2d1fb74f2,679,1,,1.0,0,vision_assisted,84.0,88.5,15.0,15.0,,vision_template_tail_v1
e2711620-6d4e-4f9c-8922-b1b2d1fb74f2,680,1,,1.0,0,vision_assisted,84.0,88.5,15.0,15.0,,vision_template_tail_v1
e2711620-6d4e-4f9c-8922-b1b2d1fb74f2,681,1,,1.0,0,vision_assisted,85.5,88.5,15.0,15.0,,vision_template_tail_v1
e2711620-6d4e-4f9c-8922-b1b2d1fb74f2,682,1,,1.0,0,vision_assisted,86.0,88.0,15.0,15.0,,vision_template_tail_v1
e2711620-6d4e-4f9c-8922-b1b2d1fb74f2,683,1,,1.0,0,vision_assisted,86.0,88.0,15.0,15.0,,vision_template_tail_v1
e2711620-6d4e-4f9c-8922-b1b2d1fb74f2,684,1,,1.0,0,vision_assisted,87.0,88.0,15.0,15.0,,vision_template_tail_v1
e2711620-6d4e-4f9c-8922-b1b2d1fb74f2,685,1,,1.0,0,vision_assisted,87.0,88.0,15.0,15.0,,vision_template_tail_v1
e2711620-6d4e-4f9c-8922-b1b2d1fb74f2,686,1,,1.0,0,vision_assisted,88.0,87.5,15.0,15.0,,vision_template_tail_v1
e2711620-6d4e-4f9c-8922-b1b2d1fb74f2,687,1,,1.0,0,vision_assisted,89.0,87.5,15.0,15.0,,vision_template_tail_v1
e2711620-6d4e-4f9c-8922-b1b2d1fb74f2,688,1,,1.0,0,vision_assisted,89.0,87.5,15.0,15.0,,vision_template_tail_v1
e2711620-6d4e-4f9c-8922-b1b2d1fb74f2,689,1,,1.0,0,vision_assisted,89.5,87.0,15.0,15.0,,vision_template_tail_v1
e2711620-6d4e-4f9c-8922-b1b2d1fb74f2,690,1,,1.0,0,vision_assisted,89.5,87.0,15.0,15.0,,vision_template_tail_v1
e2711620-6d4e-4f9c-8922-b1b2d1fb74f2,691,1,,1.0,0,vision_assisted,90.5,87.0,15.0,15.0,,vision_template_tail_v1
e2711620-6d4e-4f9c-8922-b1b2d1fb74f2,692,1,,1.0,0,vision_assisted,91.0,86.5,15.0,15.0,,vision_template_tail_v1
e2711620-6d4e-4f9c-8922-b1b2d1fb74f2,693,1,,1.0,0,vision_assisted,91.0,86.5,15.0,15.0,,vision_template_tail_v1
e2711620-6d4e-4f9c-8922-b1b2d1fb74f2,694,1,,1.0,0,vision_assisted,92.0,86.5,15.0,15.0,,vision_template_tail_v1
e2711620-6d4e-4f9c-8922-b1b2d1fb74f2,695,1,,1.0,0,vision_assisted,92.0,86.5,15.0,15.0,,vision_template_tail_v1
e2711620-6d4e-4f9c-8922-b1b2d1fb74f2,696,1,,1.0,0,vision_assisted,92.5,86.0,15.0,15.0,,vision_template_tail_v1
e2711620-6d4e-4f9c-8922-b1b2d1fb74f2,697,1,,1.0,0,vision_assisted,93.5,86.0,15.0,15.0,,vision_template_tail_v1
e2711620-6d4e-4f9c-8922-b1b2d1fb74f2,698,1,,1.0,0,vision_assisted,93.5,86.0,15.0,15.0,,vision_template_tail_v1
