clip,frame,selected,rank,learned_score,dist_px,strict_hit,loose_hit,x,y,w,h,source
e2711620-6d4e-4f9c-8922-b1b2d1fb74f2,0,0,,,,,,,,,,
e2711620-6d4e-4f9c-8922-b1b2d1fb74f2,1,1,18,0.025418,3.607,True,True,58,96,14,14,large_dark
e2711620-6d4e-4f9c-8922-b1b2d1fb74f2,2,1,27,0.026913,5.219,True,True,60,96,14,14,large_dark
e2711620-6d4e-4f9c-8922-b1b2d1fb74f2,3,1,39,0.026164,4.811,True,True,60,95,14,14,large_dark
e2711620-6d4e-4f9c-8922-b1b2d1fb74f2,4,1,38,0.027223,4.401,True,True,60,95,14,14,large_dark
e2711620-6d4e-4f9c-8922-b1b2d1fb74f2,5,1,34,0.044102,4.002,True,True,60,95,14,14,large_dark
e2711620-6d4e-4f9c-8922-b1b2d1fb74f2,6,1,29,0.061502,3.617,True,True,60,95,14,14,large_dark
e2711620-6d4e-4f9c-8922-b1b2d1fb74f2,7,1,34,0.229122,3.227,True,True,60,94,14,14,large_dark
e2711620-6d4e-4f9c-8922-b1b2d1fb74f2,8,1,32,0.45979,3.805,True,True,61,94,14,14,large_dark
e2711620-6d4e-4f9c-8922-b1b2d1fb74f2,9,1,28,0.624605,3.4,True,True,61,94,14,14,large_dark
e2711620-6d4e-4f9c-8922-b1b2d1fb74f2,10,1,28,0.701242,4.008,True,True,62,94,14,14,large_dark
e2711620-6d4e-4f9c-8922-b1b2d1fb74f2,11,1,19,0.684874,3.631,True,True,62,94,14,14,large_dark
e2711620-6d4e-4f9c-8922-b1b2d1fb74f2,12,1,19,0.712086,3.276,True,True,62,94,14,14,large_dark
e2711620-6d4e-4f9c-8922-b1b2d1fb74f2,13,1,20,0.790583,2.947,True,True,62,94,14,14,large_dark
e2711620-6d4e-4f9c-8922-b1b2d1fb74f2,14,1,18,0.724265,2.661,True,True,62,94,14,14,large_dark
e2711620-6d4e-4f9c-8922-b1b2d1fb74f2,15,1,19,0.812012,3.024,True,True,63,93,14,14,large_dark
e2711620-6d4e-4f9c-8922-b1b2d1fb74f2,16,1,16,0.724265,2.668,True,True,63,93,14,14,large_dark
e2711620-6d4e-4f9c-8922-b1b2d1fb74f2,17,1,10,0.724265,3.306,True,True,64,93,14,14,large_dark
e2711620-6d4e-4f9c-8922-b1b2d1fb74f2,18,1,5,0.77456,2.99,True,True,64,93,14,14,large_dark
e2711620-6d4e-4f9c-8922-b1b2d1fb74f2,19,1,1,0.77456,2.72,True,True,64,93,14,14,large_dark
e2711620-6d4e-4f9c-8922-b1b2d1fb74f2,20,1,2,0.791192,2.5,True,True,64,93,14,14,large_dark
e2711620-6d4e-4f9c-8922-b1b2d1fb74f2,21,1,1,0.769032,2.398,True,True,64,93,14,14,large_dark
e2711620-6d4e-4f9c-8922-b1b2d1fb74f2,22,1,1,0.769032,2.394,True,True,65,92,14,14,large_dark
e2711620-6d4e-4f9c-8922-b1b2d1fb74f2,23,1,1,0.769032,3.03,True,True,66,92,14,14,large_dark
e2711620-6d4e-4f9c-8922-b1b2d1fb74f2,24,1,1,0.774733,2.843,True,True,66,92,14,14,large_dark
e2711620-6d4e-4f9c-8922-b1b2d1fb74f2,25,1,1,0.716293,2.078,True,True,66,91,14,14,large_dark
e2711620-6d4e-4f9c-8922-b1b2d1fb74f2,26,1,1,0.716293,1.947,True,True,66,91,14,14,large_dark
e2711620-6d4e-4f9c-8922-b1b2d1fb74f2,27,1,1,0.819557,1.973,True,True,66,91,14,14,large_dark
e2711620-6d4e-4f9c-8922-b1b2d1fb74f2,28,1,1,0.823677,1.78,True,True,67,90,14,14,large_dark
e2711620-6d4e-4f9c-8922-b1b2d1fb74f2,29,1,1,0.710546,3.549,True,True,67,92,14,14,large_dark
e2711620-6d4e-4f9c-8922-b1b2d1fb74f2,30,1,1,0.862797,4.039,True,True,68,92,14,14,large_dark
e2711620-6d4e-4f9c-8922-b1b2d1fb74f2,31,1,1,0.790713,4.213,True,True,68,92,14,14,large_dark
e2711620-6d4e-4f9c-8922-b1b2d1fb74f2,32,1,1,0.750668,3.453,True,True,68,91,14,14,large_dark
e2711620-6d4e-4f9c-8922-b1b2d1fb74f2,33,1,1,0.921058,3.894,True,True,69,91,14,14,large_dark
e2711620-6d4e-4f9c-8922-b1b2d1fb74f2,34,1,1,0.847806,4.11,True,True,69,91,14,14,large_dark
e2711620-6d4e-4f9c-8922-b1b2d1fb74f2,35,1,1,0.920856,3.604,True,True,70,90,14,14,large_dark
e2711620-6d4e-4f9c-8922-b1b2d1fb74f2,36,1,1,0.894507,3.785,True,True,70,90,14,14,large_dark
e2711620-6d4e-4f9c-8922-b1b2d1fb74f2,37,1,1,0.819653,4.045,True,True,70,90,14,14,large_dark
e2711620-6d4e-4f9c-8922-b1b2d1fb74f2,38,1,1,0.901076,4.351,True,True,70,90,14,14,large_dark
e2711620-6d4e-4f9c-8922-b1b2d1fb74f2,39,1,1,0.781683,4.702,True,True,70,90,14,14,large_dark
e2711620-6d4e-4f9c-8922-b1b2d1fb74f2,40,1,1,0.898542,5.0,True,True,71,90,14,14,large_dark
e2711620-6d4e-4f9c-8922-b1b2d1fb74f2,41,1,1,0.794687,5.162,True,True,71,90,14,14,large_dark
e2711620-6d4e-4f9c-8922-b1b2d1fb74f2,42,1,1,0.794687,5.217,True,True,72,90,14,14,large_dark
e2711620-6d4e-4f9c-8922-b1b2d1fb74f2,43,1,1,0.919414,4.681,True,True,72,89,14,14,large_dark
e2711620-6d4e-4f9c-8922-b1b2d1fb74f2,44,1,1,0.756601,5.28,True,True,72,89,14,14,large_dark
e2711620-6d4e-4f9c-8922-b1b2d1fb74f2,45,1,1,0.919414,5.349,True,True,72,88,14,14,large_dark
e2711620-6d4e-4f9c-8922-b1b2d1fb74f2,46,1,1,0.884822,6.243,True,True,72,88,14,14,large_dark
e2711620-6d4e-4f9c-8922-b1b2d1fb74f2,47,1,1,0.895718,6.764,True,True,72,87,14,14,large_dark
e2711620-6d4e-4f9c-8922-b1b2d1fb74f2,48,1,1,0.925791,7.247,True,True,73,88,14,14,large_dark
e2711620-6d4e-4f9c-8922-b1b2d1fb74f2,49,1,1,0.84575,8.212,False,True,73,88,14,14,large_dark
e2711620-6d4e-4f9c-8922-b1b2d1fb74f2,50,1,1,0.911441,8.631,False,True,73,86,14,14,large_dark
e2711620-6d4e-4f9c-8922-b1b2d1fb74f2,51,1,1,0.810909,9.671,False,True,73,86,14,14,large_dark
e2711620-6d4e-4f9c-8922-b1b2d1fb74f2,52,1,1,0.830903,9.732,False,True,74,86,14,14,large_dark
e2711620-6d4e-4f9c-8922-b1b2d1fb74f2,53,1,1,0.941598,10.675,False,True,74,85,14,14,large_dark
e2711620-6d4e-4f9c-8922-b1b2d1fb74f2,54,1,1,0.870434,11.721,False,True,74,85,14,14,large_dark
e2711620-6d4e-4f9c-8922-b1b2d1fb74f2,55,1,1,0.944738,12.758,False,True,74,84,14,14,large_dark
e2711620-6d4e-4f9c-8922-b1b2d1fb74f2,56,1,1,0.863663,13.801,False,True,74,84,14,14,large_dark
e2711620-6d4e-4f9c-8922-b1b2d1fb74f2,57,1,1,0.863663,14.846,False,True,74,84,14,14,large_dark
e2711620-6d4e-4f9c-8922-b1b2d1fb74f2,58,1,2,0.939406,16.575,False,False,79,92,3,3,hybrid_coast
e2711620-6d4e-4f9c-8922-b1b2d1fb74f2,59,1,4,0.928774,17.792,False,False,79,93,3,3,hybrid_coast
e2711620-6d4e-4f9c-8922-b1b2d1fb74f2,60,1,4,0.929612,18.069,False,False,80,94,3,3,hybrid_coast
e2711620-6d4e-4f9c-8922-b1b2d1fb74f2,61,1,2,0.927263,16.967,False,False,80,91,3,3,hybrid_coast
e2711620-6d4e-4f9c-8922-b1b2d1fb74f2,62,1,3,0.935927,16.476,False,False,80,92,3,3,hybrid_coast
e2711620-6d4e-4f9c-8922-b1b2d1fb74f2,63,1,2,0.924358,15.709,False,True,80,89,3,3,hybrid_coast
e2711620-6d4e-4f9c-8922-b1b2d1fb74f2,64,1,3,0.942469,15.116,False,True,80,89,3,3,hybrid_coast
e2711620-6d4e-4f9c-8922-b1b2d1fb74f2,65,1,1,0.945992,13.197,False,True,76,82,14,14,large_dark
e2711620-6d4e-4f9c-8922-b1b2d1fb74f2,66,1,1,0.919038,12.612,False,True,76,82,14,14,large_dark
e2711620-6d4e-4f9c-8922-b1b2d1fb74f2,67,1,1,0.934405,11.047,False,True,77,82,14,14,large_dark
e2711620-6d4e-4f9c-8922-b1b2d1fb74f2,68,1,1,0.94585,9.508,False,True,78,82,14,14,large_dark
e2711620-6d4e-4f9c-8922-b1b2d1fb74f2,69,1,1,0.934405,8.948,False,True,78,82,14,14,large_dark
e2711620-6d4e-4f9c-8922-b1b2d1fb74f2,70,1,2,0.952495,5.852,True,True,86,88,3,3,hybrid_coast
e2711620-6d4e-4f9c-8922-b1b2d1fb74f2,71,1,3,0.951035,4.399,True,True,87,88,3,3,hybrid_coast
e2711620-6d4e-4f9c-8922-b1b2d1fb74f2,72,1,4,0.951035,3.86,True,True,88,87,3,3,hybrid_coast
e2711620-6d4e-4f9c-8922-b1b2d1fb74f2,73,1,6,0.951035,3.169,True,True,90,87,3,3,hybrid_coast
e2711620-6d4e-4f9c-8922-b1b2d1fb74f2,74,1,9,0.952495,3.722,True,True,91,87,3,3,hybrid_coast
e2711620-6d4e-4f9c-8922-b1b2d1fb74f2,75,1,9,0.951035,1.96,True,True,90,89,3,3,hybrid_coast
e2711620-6d4e-4f9c-8922-b1b2d1fb74f2,76,1,12,0.942469,2.121,True,True,90,90,3,3,hybrid_coast
e2711620-6d4e-4f9c-8922-b1b2d1fb74f2,77,1,13,0.942469,2.773,True,True,90,91,3,3,hybrid_coast
e2711620-6d4e-4f9c-8922-b1b2d1fb74f2,78,1,13,0.942469,2.907,True,True,88,93,3,3,hybrid_coast
e2711620-6d4e-4f9c-8922-b1b2d1fb74f2,79,1,15,0.928132,4.661,True,True,90,93,3,3,hybrid_coast
e2711620-6d4e-4f9c-8922-b1b2d1fb74f2,80,1,6,0.924358,1.581,True,True,87,90,3,3,hybrid_coast
e2711620-6d4e-4f9c-8922-b1b2d1fb74f2,81,1,6,0.837413,2.608,True,True,88,90,3,3,hybrid_coast
e2711620-6d4e-4f9c-8922-b1b2d1fb74f2,82,1,6,0.809734,3.92,True,True,89,89,3,3,hybrid_coast
e2711620-6d4e-4f9c-8922-b1b2d1fb74f2,83,1,7,0.941998,3.7,True,True,89,90,3,3,hybrid_coast
e2711620-6d4e-4f9c-8922-b1b2d1fb74f2,84,1,18,0.929379,5.869,True,True,91,92,3,3,hybrid_coast
e2711620-6d4e-4f9c-8922-b1b2d1fb74f2,85,1,16,0.90277,6.784,True,True,92,90,3,3,hybrid_coast
e2711620-6d4e-4f9c-8922-b1b2d1fb74f2,86,1,15,0.867592,6.933,True,True,92,92,3,3,hybrid_coast
e2711620-6d4e-4f9c-8922-b1b2d1fb74f2,87,1,7,0.90278,4.194,True,True,89,89,3,3,hybrid_coast
e2711620-6d4e-4f9c-8922-b1b2d1fb74f2,88,1,6,0.94008,3.962,True,True,89,90,3,3,hybrid_coast
e2711620-6d4e-4f9c-8922-b1b2d1fb74f2,89,1,4,0.547276,3.955,True,True,89,91,3,3,hybrid_coast
e2711620-6d4e-4f9c-8922-b1b2d1fb74f2,90,1,5,0.908255,5.056,True,True,90,90,3,3,hybrid_coast
e2711620-6d4e-4f9c-8922-b1b2d1fb74f2,91,1,4,0.580496,4.128,True,True,89,90,3,3,hybrid_coast
e2711620-6d4e-4f9c-8922-b1b2d1fb74f2,92,1,4,0.753736,4.177,True,True,89,90,3,3,hybrid_coast
e2711620-6d4e-4f9c-8922-b1b2d1fb74f2,93,1,6,0.951035,5.221,True,True,90,90,3,3,hybrid_coast
e2711620-6d4e-4f9c-8922-b1b2d1fb74f2,94,1,6,0.90277,4.355,True,True,89,92,3,3,hybrid_coast
e2711620-6d4e-4f9c-8922-b1b2d1fb74f2,95,1,7,0.951035,4.747,True,True,89,93,3,3,hybrid_coast
e2711620-6d4e-4f9c-8922-b1b2d1fb74f2,96,1,8,0.942469,5.701,True,True,90,93,3,3,hybrid_coast
e2711620-6d4e-4f9c-8922-b1b2d1fb74f2,97,1,8,0.937288,5.452,True,True,90,92,3,3,hybrid_coast
e2711620-6d4e-4f9c-8922-b1b2d1fb74f2,98,1,15,0.952495,6.202,True,True,90,94,3,3,hybrid_coast
e2711620-6d4e-4f9c-8922-b1b2d1fb74f2,99,1,7,0.948982,2.651,True,True,87,92,3,3,hybrid_coast
e2711620-6d4e-4f9c-8922-b1b2d1fb74f2,100,1,11,0.926552,1.118,True,True,84,90,3,3,appearance
e2711620-6d4e-4f9c-8922-b1b2d1fb74f2,101,1,9,0.924358,1.057,True,True,84,90,3,3,appearance
e2711620-6d4e-4f9c-8922-b1b2d1fb74f2,102,1,2,0.926552,1.351,True,True,83,91,3,3,hybrid_coast
e2711620-6d4e-4f9c-8922-b1b2d1fb74f2,103,1,2,0.950631,1.675,True,True,83,92,3,3,hybrid_coast
e2711620-6d4e-4f9c-8922-b1b2d1fb74f2,104,1,4,0.951035,3.324,True,True,83,94,3,3,hybrid_coast
e2711620-6d4e-4f9c-8922-b1b2d1fb74f2,105,1,7,0.952495,5.241,True,True,83,96,3,3,hybrid_coast
e2711620-6d4e-4f9c-8922-b1b2d1fb74f2,106,1,4,0.952495,6.239,True,True,83,97,3,3,hybrid_coast
e2711620-6d4e-4f9c-8922-b1b2d1fb74f2,107,1,10,0.940647,8.227,False,True,83,99,3,3,hybrid_coast
e2711620-6d4e-4f9c-8922-b1b2d1fb74f2,108,1,12,0.94947,8.249,False,True,83,99,3,3,hybrid_coast
e2711620-6d4e-4f9c-8922-b1b2d1fb74f2,109,1,9,0.947922,7.268,True,True,83,98,3,3,hybrid_coast
e2711620-6d4e-4f9c-8922-b1b2d1fb74f2,110,1,12,0.947922,7.289,True,True,83,98,3,3,hybrid_coast
e2711620-6d4e-4f9c-8922-b1b2d1fb74f2,111,1,12,0.94947,8.307,False,True,83,99,3,3,hybrid_coast
e2711620-6d4e-4f9c-8922-b1b2d1fb74f2,112,1,11,0.945788,9.319,False,True,83,100,3,3,hybrid_coast
e2711620-6d4e-4f9c-8922-b1b2d1fb74f2,113,1,6,0.947922,8.347,False,True,83,99,3,3,hybrid_coast
e2711620-6d4e-4f9c-8922-b1b2d1fb74f2,114,1,7,0.94947,9.361,False,True,83,100,3,3,hybrid_coast
e2711620-6d4e-4f9c-8922-b1b2d1fb74f2,115,1,10,0.945788,10.387,False,True,83,101,3,3,hybrid_coast
e2711620-6d4e-4f9c-8922-b1b2d1fb74f2,116,1,7,0.94947,9.405,False,True,83,100,3,3,hybrid_coast
e2711620-6d4e-4f9c-8922-b1b2d1fb74f2,117,1,10,0.944134,9.423,False,True,83,100,3,3,hybrid_coast
e2711620-6d4e-4f9c-8922-b1b2d1fb74f2,118,1,10,0.945788,10.451,False,True,83,101,3,3,hybrid_coast
e2711620-6d4e-4f9c-8922-b1b2d1fb74f2,119,1,6,0.947922,9.47,False,True,83,100,3,3,hybrid_coast
e2711620-6d4e-4f9c-8922-b1b2d1fb74f2,120,1,10,0.959768,8.382,False,True,80,98,4,4,hybrid_coast
e2711620-6d4e-4f9c-8922-b1b2d1fb74f2,121,1,6,0.956769,6.516,True,True,80,96,4,4,hybrid_coast
e2711620-6d4e-4f9c-8922-b1b2d1fb74f2,122,1,6,0.959768,7.464,True,True,80,97,4,4,hybrid_coast
e2711620-6d4e-4f9c-8922-b1b2d1fb74f2,123,1,15,0.956516,8.435,False,True,80,98,4,4,hybrid_coast
e2711620-6d4e-4f9c-8922-b1b2d1fb74f2,124,1,1,0.956516,6.555,True,True,80,96,4,4,hybrid_coast
e2711620-6d4e-4f9c-8922-b1b2d1fb74f2,125,1,16,0.958228,4.758,True,True,80,94,4,4,hybrid_coast
e2711620-6d4e-4f9c-8922-b1b2d1fb74f2,126,1,13,0.939354,4.974,True,True,79,93,3,4,appearance
e2711620-6d4e-4f9c-8922-b1b2d1fb74f2,127,1,12,0.94853,4.669,True,True,79,92,3,5,appearance
e2711620-6d4e-4f9c-8922-b1b2d1fb74f2,128,1,10,0.94853,5.36,True,True,78,93,4,4,appearance
e2711620-6d4e-4f9c-8922-b1b2d1fb74f2,129,1,10,0.944331,5.356,True,True,78,93,4,4,appearance
e2711620-6d4e-4f9c-8922-b1b2d1fb74f2,130,1,12,0.947332,6.374,True,True,76,92,5,5,map
e2711620-6d4e-4f9c-8922-b1b2d1fb74f2,131,1,9,0.822918,5.345,True,True,78,93,4,4,appearance
e2711620-6d4e-4f9c-8922-b1b2d1fb74f2,132,1,20,0.901079,5.341,True,True,78,93,4,4,appearance
e2711620-6d4e-4f9c-8922-b1b2d1fb74f2,133,1,29,0.859931,5.461,True,True,78,92,3,5,appearance
e2711620-6d4e-4f9c-8922-b1b2d1fb74f2,134,1,40,0.732247,5.454,True,True,78,92,3,5,appearance
e2711620-6d4e-4f9c-8922-b1b2d1fb74f2,135,1,50,0.775128,5.874,True,True,77,92,4,5,appearance
e2711620-6d4e-4f9c-8922-b1b2d1fb74f2,136,1,37,0.795584,5.867,True,True,77,92,4,5,appearance
e2711620-6d4e-4f9c-8922-b1b2d1fb74f2,137,1,50,0.811729,5.859,True,True,77,92,4,5,appearance
e2711620-6d4e-4f9c-8922-b1b2d1fb74f2,138,1,44,0.821623,5.254,True,True,77,90,4,6,appearance
e2711620-6d4e-4f9c-8922-b1b2d1fb74f2,139,1,39,0.834724,5.24,True,True,77,90,4,6,appearance
e2711620-6d4e-4f9c-8922-b1b2d1fb74f2,140,1,58,0.699381,5.59,True,True,77,92,4,4,appearance
e2711620-6d4e-4f9c-8922-b1b2d1fb74f2,141,1,55,0.305518,5.477,True,True,77,92,4,4,appearance
e2711620-6d4e-4f9c-8922-b1b2d1fb74f2,142,1,24,0.747633,5.371,True,True,77,92,4,4,appearance
e2711620-6d4e-4f9c-8922-b1b2d1fb74f2,143,1,10,0.878435,4.837,True,True,77,91,4,4,appearance
e2711620-6d4e-4f9c-8922-b1b2d1fb74f2,144,1,11,0.831763,4.717,True,True,77,91,4,4,appearance
e2711620-6d4e-4f9c-8922-b1b2d1fb74f2,145,1,5,0.876121,6.861,True,True,74,90,5,5,map
e2711620-6d4e-4f9c-8922-b1b2d1fb74f2,146,1,2,0.928275,5.749,True,True,75,90,5,5,hybrid_coast
e2711620-6d4e-4f9c-8922-b1b2d1fb74f2,147,1,3,0.936452,3.708,True,True,77,90,5,5,hybrid_coast
e2711620-6d4e-4f9c-8922-b1b2d1fb74f2,148,1,2,0.954899,5.482,True,True,75,90,5,5,hybrid_coast
e2711620-6d4e-4f9c-8922-b1b2d1fb74f2,149,1,3,0.950868,4.399,True,True,76,90,5,5,hybrid_coast
e2711620-6d4e-4f9c-8922-b1b2d1fb74f2,150,1,7,0.954847,5.59,True,True,75,91,5,5,hybrid_coast
e2711620-6d4e-4f9c-8922-b1b2d1fb74f2,151,1,4,0.940199,3.345,True,True,77,88,4,6,appearance
e2711620-6d4e-4f9c-8922-b1b2d1fb74f2,152,1,14,0.954293,5.201,True,True,75,88,4,6,hybrid_coast
e2711620-6d4e-4f9c-8922-b1b2d1fb74f2,153,1,7,0.942162,4.74,True,True,74,86,7,7,map
e2711620-6d4e-4f9c-8922-b1b2d1fb74f2,154,1,6,0.939477,2.408,True,True,77,88,5,6,appearance
e2711620-6d4e-4f9c-8922-b1b2d1fb74f2,155,1,17,0.954293,2.269,True,True,77,88,5,5,appearance
e2711620-6d4e-4f9c-8922-b1b2d1fb74f2,156,1,13,0.952094,2.11,True,True,77,88,5,5,appearance
e2711620-6d4e-4f9c-8922-b1b2d1fb74f2,157,1,15,0.954293,1.961,True,True,77,88,5,5,appearance
e2711620-6d4e-4f9c-8922-b1b2d1fb74f2,158,1,22,0.954293,1.432,True,True,77,87,6,6,appearance
e2711620-6d4e-4f9c-8922-b1b2d1fb74f2,159,1,14,0.94406,1.281,True,True,77,87,6,6,appearance
e2711620-6d4e-4f9c-8922-b1b2d1fb74f2,160,1,11,0.957831,3.64,True,True,74,86,7,7,map
e2711620-6d4e-4f9c-8922-b1b2d1fb74f2,161,1,1,0.923727,6.961,True,True,68,80,14,14,large_dark
e2711620-6d4e-4f9c-8922-b1b2d1fb74f2,162,1,4,0.893047,7.469,True,True,68,79,14,14,large_dark
e2711620-6d4e-4f9c-8922-b1b2d1fb74f2,163,1,1,0.954847,8.157,False,True,72,83,5,5,hybrid_coast
e2711620-6d4e-4f9c-8922-b1b2d1fb74f2,164,1,1,0.954847,8.682,False,True,72,82,5,5,hybrid_coast
e2711620-6d4e-4f9c-8922-b1b2d1fb74f2,165,1,1,0.948743,7.147,True,True,69,78,14,14,large_dark
e2711620-6d4e-4f9c-8922-b1b2d1fb74f2,166,1,1,0.948743,7.144,True,True,69,78,14,14,large_dark
e2711620-6d4e-4f9c-8922-b1b2d1fb74f2,167,1,1,0.948743,6.294,True,True,70,78,14,14,large_dark
e2711620-6d4e-4f9c-8922-b1b2d1fb74f2,168,1,1,0.948743,6.306,True,True,70,78,14,14,large_dark
e2711620-6d4e-4f9c-8922-b1b2d1fb74f2,169,1,1,0.948118,6.818,True,True,70,77,14,14,large_dark
e2711620-6d4e-4f9c-8922-b1b2d1fb74f2,170,1,2,0.948118,7.353,True,True,70,76,14,14,hybrid_coast
e2711620-6d4e-4f9c-8922-b1b2d1fb74f2,171,1,17,0.95663,4.42,True,True,77,82,5,5,hybrid_coast
e2711620-6d4e-4f9c-8922-b1b2d1fb74f2,172,1,17,0.95663,4.429,True,True,77,82,5,5,hybrid_coast
e2711620-6d4e-4f9c-8922-b1b2d1fb74f2,173,1,18,0.956458,3.568,True,True,78,82,5,5,hybrid_coast
e2711620-6d4e-4f9c-8922-b1b2d1fb74f2,174,1,20,0.935319,3.605,True,True,78,82,5,5,hybrid_coast
e2711620-6d4e-4f9c-8922-b1b2d1fb74f2,175,1,4,0.944551,2.737,True,True,79,82,5,5,hybrid_coast
e2711620-6d4e-4f9c-8922-b1b2d1fb74f2,176,1,4,0.944551,1.063,True,True,81,82,5,5,hybrid_coast
e2711620-6d4e-4f9c-8922-b1b2d1fb74f2,177,1,5,0.944551,1.056,True,True,82,82,4,4,native_map
e2711620-6d4e-4f9c-8922-b1b2d1fb74f2,178,1,3,0.944551,1.591,True,True,81,81,5,5,hybrid_coast
e2711620-6d4e-4f9c-8922-b1b2d1fb74f2,179,1,3,0.966792,1.544,True,True,81,81,5,5,hybrid_coast
e2711620-6d4e-4f9c-8922-b1b2d1fb74f2,180,1,3,0.966792,0.707,True,True,82,81,5,5,hybrid_coast
e2711620-6d4e-4f9c-8922-b1b2d1fb74f2,181,1,6,0.966792,0.746,True,True,82,81,5,5,hybrid_coast
e2711620-6d4e-4f9c-8922-b1b2d1fb74f2,182,1,9,0.95719,1.817,True,True,81,81,5,5,hybrid_coast
e2711620-6d4e-4f9c-8922-b1b2d1fb74f2,183,1,4,0.954271,1.535,True,True,84,80,5,5,hybrid_coast
e2711620-6d4e-4f9c-8922-b1b2d1fb74f2,184,1,2,0.954271,3.068,True,True,86,80,5,5,hybrid_coast
e2711620-6d4e-4f9c-8922-b1b2d1fb74f2,185,1,5,0.954271,2.891,True,True,86,80,5,5,hybrid_coast
e2711620-6d4e-4f9c-8922-b1b2d1fb74f2,186,1,3,0.954271,2.371,True,True,85,79,5,5,hybrid_coast
e2711620-6d4e-4f9c-8922-b1b2d1fb74f2,187,1,2,0.954271,4.733,True,True,88,79,5,5,hybrid_coast
e2711620-6d4e-4f9c-8922-b1b2d1fb74f2,188,1,4,0.954271,3.625,True,True,87,79,5,5,hybrid_coast
e2711620-6d4e-4f9c-8922-b1b2d1fb74f2,189,1,4,0.954293,3.207,True,True,86,78,5,5,hybrid_coast
e2711620-6d4e-4f9c-8922-b1b2d1fb74f2,190,1,5,0.966792,3.092,True,True,87,81,5,5,hybrid_coast
e2711620-6d4e-4f9c-8922-b1b2d1fb74f2,191,1,7,0.966792,2.042,True,True,86,81,5,5,hybrid_coast
e2711620-6d4e-4f9c-8922-b1b2d1fb74f2,192,1,3,0.948958,4.7,True,True,89,80,5,5,hybrid_coast
e2711620-6d4e-4f9c-8922-b1b2d1fb74f2,193,1,3,0.954293,3.729,True,True,88,81,5,5,hybrid_coast
e2711620-6d4e-4f9c-8922-b1b2d1fb74f2,194,1,3,0.954293,2.706,True,True,87,81,5,5,hybrid_coast
e2711620-6d4e-4f9c-8922-b1b2d1fb74f2,195,1,4,0.951279,1.855,True,True,86,81,5,5,hybrid_coast
e2711620-6d4e-4f9c-8922-b1b2d1fb74f2,196,1,7,0.923452,2.581,True,True,87,81,5,5,hybrid_coast
e2711620-6d4e-4f9c-8922-b1b2d1fb74f2,197,1,9,0.933518,4.004,True,True,89,80,5,5,hybrid_coast
e2711620-6d4e-4f9c-8922-b1b2d1fb74f2,198,1,6,0.954932,2.811,True,True,88,79,5,5,hybrid_coast
e2711620-6d4e-4f9c-8922-b1b2d1fb74f2,199,1,5,0.912066,1.65,True,True,87,79,5,5,hybrid_coast
e2711620-6d4e-4f9c-8922-b1b2d1fb74f2,200,1,7,0.899324,2.828,True,True,87,76,6,7,appearance
e2711620-6d4e-4f9c-8922-b1b2d1fb74f2,201,1,7,0.520422,3.31,True,True,88,76,5,7,appearance
e2711620-6d4e-4f9c-8922-b1b2d1fb74f2,202,1,14,0.950732,5.882,True,True,90,76,7,7,map
e2711620-6d4e-4f9c-8922-b1b2d1fb74f2,203,1,8,0.545681,3.585,True,True,88,76,5,7,appearance
e2711620-6d4e-4f9c-8922-b1b2d1fb74f2,204,1,7,0.793242,3.744,True,True,88,76,5,7,appearance
e2711620-6d4e-4f9c-8922-b1b2d1fb74f2,205,1,5,0.954293,3.829,True,True,89,78,5,5,hybrid_coast
e2711620-6d4e-4f9c-8922-b1b2d1fb74f2,206,1,6,0.954293,4.715,True,True,90,78,5,5,hybrid_coast
e2711620-6d4e-4f9c-8922-b1b2d1fb74f2,207,1,6,0.954293,3.43,True,True,88,78,5,5,hybrid_coast
e2711620-6d4e-4f9c-8922-b1b2d1fb74f2,208,1,8,0.899324,4.072,True,True,88,76,5,8,appearance
e2711620-6d4e-4f9c-8922-b1b2d1fb74f2,209,1,2,0.954293,3.493,True,True,86,78,5,5,map
e2711620-6d4e-4f9c-8922-b1b2d1fb74f2,210,1,2,0.954847,4.507,True,True,84,78,5,5,hybrid_coast
e2711620-6d4e-4f9c-8922-b1b2d1fb74f2,211,1,3,0.940448,4.336,True,True,85,78,5,5,hybrid_coast
e2711620-6d4e-4f9c-8922-b1b2d1fb74f2,212,1,3,0.954293,3.373,True,True,86,79,5,5,hybrid_coast
e2711620-6d4e-4f9c-8922-b1b2d1fb74f2,213,1,6,0.937199,3.776,True,True,88,79,5,5,hybrid_coast
e2711620-6d4e-4f9c-8922-b1b2d1fb74f2,214,1,9,0.942092,4.487,True,True,88,77,5,8,appearance
e2711620-6d4e-4f9c-8922-b1b2d1fb74f2,215,1,6,0.954293,3.276,True,True,86,80,5,5,map
e2711620-6d4e-4f9c-8922-b1b2d1fb74f2,216,1,3,0.936764,3.92,True,True,84,81,5,5,hybrid_coast
e2711620-6d4e-4f9c-8922-b1b2d1fb74f2,217,1,2,0.948958,4.168,True,True,84,81,5,5,hybrid_coast
e2711620-6d4e-4f9c-8922-b1b2d1fb74f2,218,1,2,0.934197,3.741,True,True,85,81,5,5,hybrid_coast
e2711620-6d4e-4f9c-8922-b1b2d1fb74f2,219,1,2,0.948983,3.245,True,True,87,81,5,5,hybrid_coast
e2711620-6d4e-4f9c-8922-b1b2d1fb74f2,220,1,2,0.954293,4.301,True,True,85,81,5,5,hybrid_coast
e2711620-6d4e-4f9c-8922-b1b2d1fb74f2,221,1,2,0.935706,6.752,True,True,78,78,12,12,hybrid_coast
e2711620-6d4e-4f9c-8922-b1b2d1fb74f2,222,1,1,0.948092,7.262,True,True,76,78,14,14,large_dark
e2711620-6d4e-4f9c-8922-b1b2d1fb74f2,223,1,1,0.948092,7.276,True,True,76,78,14,14,large_dark
e2711620-6d4e-4f9c-8922-b1b2d1fb74f2,224,1,1,0.948092,6.926,True,True,76,79,14,14,large_dark
e2711620-6d4e-4f9c-8922-b1b2d1fb74f2,225,1,1,0.942134,6.639,True,True,76,80,14,14,large_dark
e2711620-6d4e-4f9c-8922-b1b2d1fb74f2,226,1,1,0.942134,6.609,True,True,76,80,14,14,large_dark
e2711620-6d4e-4f9c-8922-b1b2d1fb74f2,227,1,1,0.954847,4.504,True,True,83,84,5,5,hybrid_coast
e2711620-6d4e-4f9c-8922-b1b2d1fb74f2,228,1,4,0.954847,7.224,True,True,80,84,5,5,hybrid_coast
e2711620-6d4e-4f9c-8922-b1b2d1fb74f2,229,1,1,0.948118,7.247,True,True,75,81,14,14,large_dark
e2711620-6d4e-4f9c-8922-b1b2d1fb74f2,230,1,1,0.948118,8.035,False,True,74,82,14,14,large_dark
e2711620-6d4e-4f9c-8922-b1b2d1fb74f2,231,1,1,0.948118,7.971,True,True,74,82,14,14,large_dark
e2711620-6d4e-4f9c-8922-b1b2d1fb74f2,232,1,1,0.948118,7.908,True,True,74,82,14,14,large_dark
e2711620-6d4e-4f9c-8922-b1b2d1fb74f2,233,1,1,0.948118,7.864,True,True,74,82,14,14,large_dark
e2711620-6d4e-4f9c-8922-b1b2d1fb74f2,234,1,1,0.948118,7.647,True,True,74,83,14,14,large_dark
e2711620-6d4e-4f9c-8922-b1b2d1fb74f2,235,1,2,0.954293,10.012,False,True,76,89,5,5,hybrid_coast
e2711620-6d4e-4f9c-8922-b1b2d1fb74f2,236,1,6,0.948958,6.987,True,True,79,90,5,5,hybrid_coast
e2711620-6d4e-4f9c-8922-b1b2d1fb74f2,237,1,1,0.937942,7.326,True,True,74,84,14,14,large_dark
e2711620-6d4e-4f9c-8922-b1b2d1fb74f2,238,1,1,0.937942,7.262,True,True,74,84,14,14,large_dark
e2711620-6d4e-4f9c-8922-b1b2d1fb74f2,239,1,1,0.937942,8.187,False,True,73,84,14,14,large_dark
e2711620-6d4e-4f9c-8922-b1b2d1fb74f2,240,1,1,0.937942,8.139,False,True,73,84,14,14,large_dark
e2711620-6d4e-4f9c-8922-b1b2d1fb74f2,241,1,1,0.937942,7.812,True,True,73,84,14,14,large_dark
e2711620-6d4e-4f9c-8922-b1b2d1fb74f2,242,1,1,0.937942,8.36,False,True,72,85,14,14,large_dark
e2711620-6d4e-4f9c-8922-b1b2d1fb74f2,243,1,1,0.937942,8.032,False,True,72,85,14,14,large_dark
e2711620-6d4e-4f9c-8922-b1b2d1fb74f2,244,1,1,0.937942,7.706,True,True,72,85,14,14,large_dark
e2711620-6d4e-4f9c-8922-b1b2d1fb74f2,245,1,1,0.935506,6.38,True,True,73,85,14,14,hybrid_coast
e2711620-6d4e-4f9c-8922-b1b2d1fb74f2,246,1,1,0.935506,6.053,True,True,73,85,14,14,hybrid_coast
e2711620-6d4e-4f9c-8922-b1b2d1fb74f2,247,1,1,0.935506,6.778,True,True,72,86,14,14,large_dark
e2711620-6d4e-4f9c-8922-b1b2d1fb74f2,248,1,1,0.935506,6.463,True,True,72,86,14,14,large_dark
e2711620-6d4e-4f9c-8922-b1b2d1fb74f2,249,1,1,0.935506,6.15,True,True,72,86,14,14,large_dark
e2711620-6d4e-4f9c-8922-b1b2d1fb74f2,250,1,1,0.948958,7.267,True,True,75,90,5,5,hybrid_coast
e2711620-6d4e-4f9c-8922-b1b2d1fb74f2,251,1,1,0.948958,7.944,True,True,74,90,5,5,hybrid_coast
e2711620-6d4e-4f9c-8922-b1b2d1fb74f2,252,1,1,0.942105,6.198,True,True,71,86,14,14,large_dark
e2711620-6d4e-4f9c-8922-b1b2d1fb74f2,253,1,1,0.942105,5.889,True,True,71,86,14,14,large_dark
e2711620-6d4e-4f9c-8922-b1b2d1fb74f2,254,1,2,0.948958,2.072,True,True,79,90,5,5,hybrid_coast
e2711620-6d4e-4f9c-8922-b1b2d1fb74f2,255,1,1,0.954293,2.905,True,True,78,88,5,5,map
e2711620-6d4e-4f9c-8922-b1b2d1fb74f2,256,1,1,0.948118,2.707,True,True,76,82,14,14,large_dark
e2711620-6d4e-4f9c-8922-b1b2d1fb74f2,257,1,1,0.948118,2.706,True,True,76,82,14,14,large_dark
e2711620-6d4e-4f9c-8922-b1b2d1fb74f2,258,1,1,0.948118,2.735,True,True,76,82,14,14,large_dark
e2711620-6d4e-4f9c-8922-b1b2d1fb74f2,259,1,1,0.948118,2.803,True,True,76,82,14,14,large_dark
e2711620-6d4e-4f9c-8922-b1b2d1fb74f2,260,1,3,0.948118,2.915,True,True,77,83,12,12,map
e2711620-6d4e-4f9c-8922-b1b2d1fb74f2,261,1,1,0.948118,2.977,True,True,75,82,14,14,large_dark
e2711620-6d4e-4f9c-8922-b1b2d1fb74f2,262,1,1,0.948118,3.412,True,True,75,82,14,14,large_dark
e2711620-6d4e-4f9c-8922-b1b2d1fb74f2,263,1,1,0.948118,3.848,True,True,75,82,14,14,large_dark
e2711620-6d4e-4f9c-8922-b1b2d1fb74f2,264,1,1,0.935506,4.205,True,True,74,82,14,14,large_dark
e2711620-6d4e-4f9c-8922-b1b2d1fb74f2,265,1,1,0.935506,3.632,True,True,74,83,14,14,large_dark
e2711620-6d4e-4f9c-8922-b1b2d1fb74f2,266,1,1,0.935506,4.05,True,True,74,83,14,14,large_dark
e2711620-6d4e-4f9c-8922-b1b2d1fb74f2,267,1,1,0.935506,3.47,True,True,74,84,14,14,large_dark
e2711620-6d4e-4f9c-8922-b1b2d1fb74f2,268,1,1,0.935506,3.901,True,True,74,84,14,14,large_dark
e2711620-6d4e-4f9c-8922-b1b2d1fb74f2,269,1,1,0.937942,4.333,True,True,74,84,14,14,large_dark
e2711620-6d4e-4f9c-8922-b1b2d1fb74f2,270,1,1,0.937942,3.758,True,True,74,85,14,14,large_dark
e2711620-6d4e-4f9c-8922-b1b2d1fb74f2,271,1,1,0.937942,4.183,True,True,74,85,14,14,large_dark
e2711620-6d4e-4f9c-8922-b1b2d1fb74f2,272,1,1,0.944362,2.631,True,True,74,87,14,14,large_dark
e2711620-6d4e-4f9c-8922-b1b2d1fb74f2,273,1,1,0.944362,3.066,True,True,74,87,14,14,large_dark
e2711620-6d4e-4f9c-8922-b1b2d1fb74f2,274,1,1,0.944362,3.494,True,True,74,87,14,14,large_dark
e2711620-6d4e-4f9c-8922-b1b2d1fb74f2,275,1,1,0.944362,2.938,True,True,74,88,14,14,large_dark
e2711620-6d4e-4f9c-8922-b1b2d1fb74f2,276,1,1,0.944362,3.373,True,True,74,88,14,14,large_dark
e2711620-6d4e-4f9c-8922-b1b2d1fb74f2,277,1,1,0.945625,1.734,True,True,73,90,14,14,large_dark
e2711620-6d4e-4f9c-8922-b1b2d1fb74f2,278,1,1,0.945625,2.155,True,True,73,90,14,14,large_dark
e2711620-6d4e-4f9c-8922-b1b2d1fb74f2,279,1,1,0.945625,2.581,True,True,73,90,14,14,large_dark
e2711620-6d4e-4f9c-8922-b1b2d1fb74f2,280,1,1,0.958491,1.0,True,True,73,92,14,14,large_dark
e2711620-6d4e-4f9c-8922-b1b2d1fb74f2,281,1,1,0.958491,1.609,True,True,73,92,14,14,large_dark
e2711620-6d4e-4f9c-8922-b1b2d1fb74f2,282,1,1,0.958491,2.228,True,True,73,92,14,14,large_dark
e2711620-6d4e-4f9c-8922-b1b2d1fb74f2,283,1,1,0.958491,2.85,True,True,73,92,14,14,large_dark
e2711620-6d4e-4f9c-8922-b1b2d1fb74f2,284,1,1,0.958491,1.565,True,True,73,94,14,14,large_dark
e2711620-6d4e-4f9c-8922-b1b2d1fb74f2,285,1,1,0.958491,1.325,True,True,73,95,14,14,large_dark
e2711620-6d4e-4f9c-8922-b1b2d1fb74f2,286,1,1,0.958491,1.914,True,True,73,95,14,14,large_dark
e2711620-6d4e-4f9c-8922-b1b2d1fb74f2,287,1,1,0.936568,0.305,True,True,72,97,14,14,large_dark
e2711620-6d4e-4f9c-8922-b1b2d1fb74f2,288,1,1,0.912009,0.894,True,True,72,97,14,14,large_dark
e2711620-6d4e-4f9c-8922-b1b2d1fb74f2,289,1,1,0.899944,1.698,True,True,72,100,14,14,large_dark
e2711620-6d4e-4f9c-8922-b1b2d1fb74f2,290,1,2,0.888933,1.25,True,True,72,100,14,14,large_dark
e2711620-6d4e-4f9c-8922-b1b2d1fb74f2,291,1,1,0.826646,1.012,True,True,72,100,14,14,large_dark
e2711620-6d4e-4f9c-8922-b1b2d1fb74f2,292,1,1,0.815029,2.11,True,True,72,102,14,14,large_dark
e2711620-6d4e-4f9c-8922-b1b2d1fb74f2,293,1,1,0.395903,1.747,True,True,72,102,14,14,large_dark
e2711620-6d4e-4f9c-8922-b1b2d1fb74f2,294,1,1,0.209793,2.977,True,True,72,104,14,14,large_dark
e2711620-6d4e-4f9c-8922-b1b2d1fb74f2,295,1,1,0.270367,2.58,True,True,72,104,14,14,large_dark
e2711620-6d4e-4f9c-8922-b1b2d1fb74f2,296,1,1,0.19822,3.0,True,True,72,105,14,14,large_dark
e2711620-6d4e-4f9c-8922-b1b2d1fb74f2,297,1,1,0.270367,3.424,True,True,72,106,14,14,large_dark
e2711620-6d4e-4f9c-8922-b1b2d1fb74f2,298,1,1,0.19822,3.076,True,True,72,106,14,14,large_dark
e2711620-6d4e-4f9c-8922-b1b2d1fb74f2,299,1,1,0.19822,4.288,True,True,72,108,14,14,large_dark
e2711620-6d4e-4f9c-8922-b1b2d1fb74f2,300,1,1,0.270367,4.717,True,True,72,109,14,14,large_dark
e2711620-6d4e-4f9c-8922-b1b2d1fb74f2,301,1,1,0.189749,4.127,True,True,72,109,14,14,large_dark
e2711620-6d4e-4f9c-8922-b1b2d1fb74f2,302,1,1,0.19822,4.373,True,True,72,110,14,14,large_dark
e2711620-6d4e-4f9c-8922-b1b2d1fb74f2,303,1,1,0.189749,3.779,True,True,72,110,14,14,large_dark
e2711620-6d4e-4f9c-8922-b1b2d1fb74f2,304,1,1,0.112968,4.924,True,True,72,112,14,14,large_dark
e2711620-6d4e-4f9c-8922-b1b2d1fb74f2,305,1,1,0.28935,5.223,True,True,72,113,14,14,large_dark
e2711620-6d4e-4f9c-8922-b1b2d1fb74f2,306,1,1,0.15525,4.596,True,True,72,113,14,14,large_dark
e2711620-6d4e-4f9c-8922-b1b2d1fb74f2,307,1,1,0.17338,4.902,True,True,72,114,14,14,large_dark
e2711620-6d4e-4f9c-8922-b1b2d1fb74f2,308,1,1,0.081893,4.272,True,True,72,114,14,14,large_dark
e2711620-6d4e-4f9c-8922-b1b2d1fb74f2,309,1,1,0.264707,3.644,True,True,72,114,14,14,large_dark
e2711620-6d4e-4f9c-8922-b1b2d1fb74f2,310,1,1,0.374885,4.912,True,True,72,116,14,14,large_dark
e2711620-6d4e-4f9c-8922-b1b2d1fb74f2,311,1,1,0.183742,4.276,True,True,72,116,14,14,large_dark
e2711620-6d4e-4f9c-8922-b1b2d1fb74f2,312,1,1,0.438197,4.61,True,True,72,117,14,14,large_dark
e2711620-6d4e-4f9c-8922-b1b2d1fb74f2,313,1,1,0.190522,3.973,True,True,72,117,14,14,large_dark
e2711620-6d4e-4f9c-8922-b1b2d1fb74f2,314,1,1,0.170605,2.264,True,True,71,116,14,14,large_dark
e2711620-6d4e-4f9c-8922-b1b2d1fb74f2,315,1,1,0.405354,3.644,True,True,71,118,14,14,large_dark
e2711620-6d4e-4f9c-8922-b1b2d1fb74f2,316,1,1,0.068928,3.041,True,True,71,118,14,14,large_dark
e2711620-6d4e-4f9c-8922-b1b2d1fb74f2,317,1,1,0.082388,2.878,True,True,70,118,14,14,large_dark
e2711620-6d4e-4f9c-8922-b1b2d1fb74f2,318,1,2,0.068928,2.475,True,True,70,118,14,14,large_dark
e2711620-6d4e-4f9c-8922-b1b2d1fb74f2,319,1,2,0.051782,2.187,True,True,70,118,14,14,large_dark
e2711620-6d4e-4f9c-8922-b1b2d1fb74f2,320,1,1,0.14169,2.062,True,True,70,118,14,14,large_dark
e2711620-6d4e-4f9c-8922-b1b2d1fb74f2,321,1,1,0.062117,2.016,True,True,70,118,14,14,large_dark
e2711620-6d4e-4f9c-8922-b1b2d1fb74f2,322,1,1,0.15525,2.344,True,True,70,119,14,14,large_dark
e2711620-6d4e-4f9c-8922-b1b2d1fb74f2,323,1,1,0.073858,2.266,True,True,70,119,14,14,large_dark
e2711620-6d4e-4f9c-8922-b1b2d1fb74f2,324,1,1,0.092558,2.832,True,True,70,120,14,14,large_dark
e2711620-6d4e-4f9c-8922-b1b2d1fb74f2,325,1,1,0.17338,2.127,True,True,70,119,14,14,large_dark
e2711620-6d4e-4f9c-8922-b1b2d1fb74f2,326,1,1,0.14169,2.057,True,True,70,119,14,14,large_dark
e2711620-6d4e-4f9c-8922-b1b2d1fb74f2,327,1,1,0.278337,1.991,True,True,70,119,14,14,large_dark
e2711620-6d4e-4f9c-8922-b1b2d1fb74f2,328,1,1,0.15525,1.931,True,True,70,119,14,14,large_dark
e2711620-6d4e-4f9c-8922-b1b2d1fb74f2,329,1,1,0.16428,2.393,True,True,70,120,14,14,large_dark
e2711620-6d4e-4f9c-8922-b1b2d1fb74f2,330,1,1,0.732442,2.305,True,True,70,120,14,14,large_dark
e2711620-6d4e-4f9c-8922-b1b2d1fb74f2,331,1,1,0.656558,2.218,True,True,70,120,14,14,large_dark
e2711620-6d4e-4f9c-8922-b1b2d1fb74f2,332,1,1,0.787732,2.14,True,True,70,120,14,14,large_dark
e2711620-6d4e-4f9c-8922-b1b2d1fb74f2,333,1,1,0.656558,2.063,True,True,70,120,14,14,large_dark
e2711620-6d4e-4f9c-8922-b1b2d1fb74f2,334,1,1,0.793251,1.653,True,True,70,119,14,14,large_dark
e2711620-6d4e-4f9c-8922-b1b2d1fb74f2,335,1,1,0.809387,1.625,True,True,70,119,14,14,large_dark
e2711620-6d4e-4f9c-8922-b1b2d1fb74f2,336,1,1,0.800887,1.603,True,True,70,119,14,14,large_dark
e2711620-6d4e-4f9c-8922-b1b2d1fb74f2,337,1,1,0.809387,1.587,True,True,70,119,14,14,large_dark
e2711620-6d4e-4f9c-8922-b1b2d1fb74f2,338,1,1,0.809458,1.579,True,True,70,119,14,14,large_dark
e2711620-6d4e-4f9c-8922-b1b2d1fb74f2,339,1,1,0.809387,2.074,True,True,70,118,14,14,large_dark
e2711620-6d4e-4f9c-8922-b1b2d1fb74f2,340,1,1,0.809387,2.121,True,True,70,118,14,14,large_dark
e2711620-6d4e-4f9c-8922-b1b2d1fb74f2,341,1,1,0.809387,2.058,True,True,70,118,14,14,large_dark
e2711620-6d4e-4f9c-8922-b1b2d1fb74f2,342,1,1,0.809387,2.011,True,True,70,118,14,14,large_dark
e2711620-6d4e-4f9c-8922-b1b2d1fb74f2,343,1,1,0.809387,1.981,True,True,70,118,14,14,large_dark
e2711620-6d4e-4f9c-8922-b1b2d1fb74f2,344,1,1,0.800887,1.97,True,True,70,118,14,14,large_dark
e2711620-6d4e-4f9c-8922-b1b2d1fb74f2,345,1,1,0.809387,1.976,True,True,70,118,14,14,large_dark
e2711620-6d4e-4f9c-8922-b1b2d1fb74f2,346,1,1,0.800887,2.001,True,True,70,118,14,14,large_dark
e2711620-6d4e-4f9c-8922-b1b2d1fb74f2,347,1,1,0.787732,2.044,True,True,70,118,14,14,large_dark
e2711620-6d4e-4f9c-8922-b1b2d1fb74f2,348,1,1,0.71211,2.102,True,True,70,118,14,14,large_dark
e2711620-6d4e-4f9c-8922-b1b2d1fb74f2,349,1,1,0.72169,2.364,True,True,70,117,14,14,large_dark
e2711620-6d4e-4f9c-8922-b1b2d1fb74f2,350,1,1,0.787732,2.372,True,True,70,117,14,14,large_dark
e2711620-6d4e-4f9c-8922-b1b2d1fb74f2,351,1,1,0.778531,2.395,True,True,70,117,14,14,large_dark
e2711620-6d4e-4f9c-8922-b1b2d1fb74f2,352,1,1,0.787732,2.778,True,True,70,116,14,14,large_dark
e2711620-6d4e-4f9c-8922-b1b2d1fb74f2,353,1,1,0.778531,2.762,True,True,70,116,14,14,large_dark
e2711620-6d4e-4f9c-8922-b1b2d1fb74f2,354,1,1,0.778531,2.758,True,True,70,116,14,14,large_dark
e2711620-6d4e-4f9c-8922-b1b2d1fb74f2,355,1,1,0.787732,2.767,True,True,70,116,14,14,large_dark
e2711620-6d4e-4f9c-8922-b1b2d1fb74f2,356,1,1,0.778531,2.789,True,True,70,116,14,14,large_dark
e2711620-6d4e-4f9c-8922-b1b2d1fb74f2,357,1,1,0.787732,3.166,True,True,70,115,14,14,large_dark
e2711620-6d4e-4f9c-8922-b1b2d1fb74f2,358,1,1,0.778531,3.154,True,True,70,115,14,14,large_dark
e2711620-6d4e-4f9c-8922-b1b2d1fb74f2,359,1,1,0.72169,3.645,True,True,70,114,14,14,large_dark
e2711620-6d4e-4f9c-8922-b1b2d1fb74f2,360,1,1,0.732442,3.606,True,True,70,114,14,14,large_dark
e2711620-6d4e-4f9c-8922-b1b2d1fb74f2,361,1,1,0.72169,3.547,True,True,70,114,14,14,large_dark
e2711620-6d4e-4f9c-8922-b1b2d1fb74f2,362,1,1,0.732442,3.495,True,True,70,114,14,14,large_dark
e2711620-6d4e-4f9c-8922-b1b2d1fb74f2,363,1,1,0.732442,3.436,True,True,70,114,14,14,large_dark
e2711620-6d4e-4f9c-8922-b1b2d1fb74f2,364,1,1,0.732442,4.801,True,True,70,112,14,14,large_dark
e2711620-6d4e-4f9c-8922-b1b2d1fb74f2,365,1,1,0.28935,4.756,True,True,70,112,14,14,large_dark
e2711620-6d4e-4f9c-8922-b1b2d1fb74f2,366,1,1,0.28935,4.702,True,True,70,112,14,14,large_dark
e2711620-6d4e-4f9c-8922-b1b2d1fb74f2,367,1,1,0.28935,4.657,True,True,70,112,14,14,large_dark
e2711620-6d4e-4f9c-8922-b1b2d1fb74f2,368,1,1,0.278337,4.604,True,True,70,112,14,14,large_dark
e2711620-6d4e-4f9c-8922-b1b2d1fb74f2,369,1,1,0.278337,4.56,True,True,70,112,14,14,large_dark
e2711620-6d4e-4f9c-8922-b1b2d1fb74f2,370,1,1,0.28935,5.368,True,True,70,111,14,14,large_dark
e2711620-6d4e-4f9c-8922-b1b2d1fb74f2,371,1,1,0.278337,5.318,True,True,70,111,14,14,large_dark
e2711620-6d4e-4f9c-8922-b1b2d1fb74f2,372,1,1,0.28935,6.185,True,True,70,110,14,14,large_dark
e2711620-6d4e-4f9c-8922-b1b2d1fb74f2,373,1,1,0.17338,6.138,True,True,70,110,14,14,large_dark
e2711620-6d4e-4f9c-8922-b1b2d1fb74f2,374,1,1,0.17338,5.798,True,True,71,110,14,14,large_dark
e2711620-6d4e-4f9c-8922-b1b2d1fb74f2,375,1,1,0.28935,5.757,True,True,71,110,14,14,large_dark
e2711620-6d4e-4f9c-8922-b1b2d1fb74f2,376,1,1,0.17338,5.727,True,True,71,110,14,14,large_dark
e2711620-6d4e-4f9c-8922-b1b2d1fb74f2,377,1,1,0.28935,6.68,True,True,71,109,14,14,large_dark
e2711620-6d4e-4f9c-8922-b1b2d1fb74f2,378,1,1,0.17338,6.642,True,True,71,109,14,14,large_dark
e2711620-6d4e-4f9c-8922-b1b2d1fb74f2,379,1,1,0.585096,6.53,True,True,72,109,14,14,large_dark
e2711620-6d4e-4f9c-8922-b1b2d1fb74f2,380,1,1,0.787732,7.5,True,True,72,108,14,14,large_dark
e2711620-6d4e-4f9c-8922-b1b2d1fb74f2,381,1,1,0.641787,7.837,True,True,72,108,14,14,large_dark
e2711620-6d4e-4f9c-8922-b1b2d1fb74f2,382,1,2,0.787732,8.176,False,True,72,108,14,14,large_dark
e2711620-6d4e-4f9c-8922-b1b2d1fb74f2,383,1,1,0.641787,8.525,False,True,72,108,14,14,large_dark
e2711620-6d4e-4f9c-8922-b1b2d1fb74f2,384,1,1,0.569268,8.896,False,True,72,108,14,14,large_dark
e2711620-6d4e-4f9c-8922-b1b2d1fb74f2,385,1,2,0.732442,9.263,False,True,72,108,14,14,large_dark
e2711620-6d4e-4f9c-8922-b1b2d1fb74f2,386,1,2,0.572143,9.649,False,True,72,108,14,14,large_dark
e2711620-6d4e-4f9c-8922-b1b2d1fb74f2,387,1,3,0.73728,10.042,False,True,72,108,14,14,large_dark
e2711620-6d4e-4f9c-8922-b1b2d1fb74f2,388,1,2,0.572143,10.429,False,True,72,108,14,14,large_dark
e2711620-6d4e-4f9c-8922-b1b2d1fb74f2,389,1,2,0.518301,10.821,False,True,72,108,14,14,large_dark
e2711620-6d4e-4f9c-8922-b1b2d1fb74f2,390,1,3,0.671435,11.231,False,True,72,108,14,14,large_dark
e2711620-6d4e-4f9c-8922-b1b2d1fb74f2,391,1,3,0.159381,11.644,False,True,72,108,14,14,large_dark
e2711620-6d4e-4f9c-8922-b1b2d1fb74f2,392,1,3,0.244398,12.049,False,True,72,108,14,14,large_dark
e2711620-6d4e-4f9c-8922-b1b2d1fb74f2,393,1,3,0.145522,12.457,False,True,72,108,14,14,large_dark
e2711620-6d4e-4f9c-8922-b1b2d1fb74f2,394,1,4,0.145522,12.88,False,True,72,108,14,14,large_dark
e2711620-6d4e-4f9c-8922-b1b2d1fb74f2,395,1,5,0.149833,13.307,False,True,72,108,14,14,large_dark
e2711620-6d4e-4f9c-8922-b1b2d1fb74f2,396,1,5,0.145299,13.723,False,True,72,108,14,14,large_dark
e2711620-6d4e-4f9c-8922-b1b2d1fb74f2,397,1,5,0.103072,14.155,False,True,72,108,14,14,large_dark
e2711620-6d4e-4f9c-8922-b1b2d1fb74f2,398,1,15,0.093565,14.575,False,True,72,108,14,14,large_dark
e2711620-6d4e-4f9c-8922-b1b2d1fb74f2,399,1,13,0.052828,15.007,False,True,72,108,14,14,large_dark
e2711620-6d4e-4f9c-8922-b1b2d1fb74f2,400,1,16,0.118885,16.348,False,False,72,107,14,14,large_dark
e2711620-6d4e-4f9c-8922-b1b2d1fb74f2,401,1,16,0.06146,15.639,False,True,72,107,14,14,large_dark
e2711620-6d4e-4f9c-8922-b1b2d1fb74f2,402,1,17,0.165863,14.931,False,True,72,107,14,14,large_dark
e2711620-6d4e-4f9c-8922-b1b2d1fb74f2,403,1,15,0.068081,14.224,False,True,72,107,14,14,large_dark
e2711620-6d4e-4f9c-8922-b1b2d1fb74f2,404,1,10,0.079431,14.456,False,True,72,106,14,14,large_dark
e2711620-6d4e-4f9c-8922-b1b2d1fb74f2,405,1,11,0.246695,13.757,False,True,72,106,14,14,large_dark
e2711620-6d4e-4f9c-8922-b1b2d1fb74f2,406,1,9,0.137144,13.06,False,True,72,106,14,14,large_dark
e2711620-6d4e-4f9c-8922-b1b2d1fb74f2,407,1,10,0.56263,12.366,False,True,72,106,14,14,large_dark
e2711620-6d4e-4f9c-8922-b1b2d1fb74f2,408,1,11,0.416551,11.676,False,True,72,106,14,14,large_dark
e2711620-6d4e-4f9c-8922-b1b2d1fb74f2,409,1,11,0.536067,10.99,False,True,72,106,14,14,large_dark
e2711620-6d4e-4f9c-8922-b1b2d1fb74f2,410,1,12,0.669721,10.308,False,True,72,106,14,14,large_dark
e2711620-6d4e-4f9c-8922-b1b2d1fb74f2,411,1,7,0.529498,9.632,False,True,72,106,14,14,large_dark
e2711620-6d4e-4f9c-8922-b1b2d1fb74f2,412,1,11,0.669721,9.946,False,True,72,105,14,14,large_dark
e2711620-6d4e-4f9c-8922-b1b2d1fb74f2,413,1,14,0.529498,9.291,False,True,72,105,14,14,large_dark
e2711620-6d4e-4f9c-8922-b1b2d1fb74f2,414,1,21,0.496005,9.642,False,True,72,104,14,14,large_dark
e2711620-6d4e-4f9c-8922-b1b2d1fb74f2,415,1,26,0.602575,9.014,False,True,72,104,14,14,large_dark
e2711620-6d4e-4f9c-8922-b1b2d1fb74f2,416,1,23,0.445379,8.401,False,True,72,104,14,14,large_dark
e2711620-6d4e-4f9c-8922-b1b2d1fb74f2,417,1,39,0.230444,7.806,True,True,72,104,14,14,large_dark
e2711620-6d4e-4f9c-8922-b1b2d1fb74f2,418,1,36,0.16469,7.234,True,True,72,104,14,14,large_dark
e2711620-6d4e-4f9c-8922-b1b2d1fb74f2,419,1,41,0.021928,8.134,False,True,77,104,12,12,map
e2711620-6d4e-4f9c-8922-b1b2d1fb74f2,420,1,39,0.190062,15.305,False,True,83,98,14,14,large_dark
e2711620-6d4e-4f9c-8922-b1b2d1fb74f2,421,1,8,0.535053,15.149,False,True,83,98,14,14,large_dark
e2711620-6d4e-4f9c-8922-b1b2d1fb74f2,422,1,9,0.574536,15.646,False,True,84,98,14,14,large_dark
e2711620-6d4e-4f9c-8922-b1b2d1fb74f2,423,1,6,0.175896,15.499,False,True,84,98,14,14,large_dark
e2711620-6d4e-4f9c-8922-b1b2d1fb74f2,424,1,27,0.015651,7.622,True,True,77,103,12,12,map
e2711620-6d4e-4f9c-8922-b1b2d1fb74f2,425,1,11,0.014324,6.021,True,True,75,104,12,12,map
e2711620-6d4e-4f9c-8922-b1b2d1fb74f2,426,1,15,0.015055,5.029,True,True,73,105,12,12,map
e2711620-6d4e-4f9c-8922-b1b2d1fb74f2,427,1,23,0.011144,7.747,True,True,72,101,14,14,large_dark
e2711620-6d4e-4f9c-8922-b1b2d1fb74f2,428,1,29,0.011198,7.55,True,True,72,101,14,14,large_dark
e2711620-6d4e-4f9c-8922-b1b2d1fb74f2,429,1,28,0.011144,7.355,True,True,72,101,14,14,large_dark
e2711620-6d4e-4f9c-8922-b1b2d1fb74f2,430,1,21,0.03766,8.016,False,True,74,101,12,12,map
e2711620-6d4e-4f9c-8922-b1b2d1fb74f2,431,1,31,0.019545,9.005,False,True,70,101,12,12,map
e2711620-6d4e-4f9c-8922-b1b2d1fb74f2,432,1,38,0.011762,11.402,False,True,66,101,12,12,map
e2711620-6d4e-4f9c-8922-b1b2d1fb74f2,433,1,13,0.152284,21.157,False,False,58,93,14,14,hybrid_coast
e2711620-6d4e-4f9c-8922-b1b2d1fb74f2,434,1,10,0.082536,28.321,False,False,51,90,14,14,large_dark
e2711620-6d4e-4f9c-8922-b1b2d1fb74f2,435,1,12,0.093754,28.2,False,False,51,90,14,14,large_dark
e2711620-6d4e-4f9c-8922-b1b2d1fb74f2,436,1,13,0.0996,28.08,False,False,51,90,14,14,large_dark
e2711620-6d4e-4f9c-8922-b1b2d1fb74f2,437,1,13,0.10978,27.163,False,False,52,90,14,14,large_dark
e2711620-6d4e-4f9c-8922-b1b2d1fb74f2,438,1,8,0.1849,27.041,False,False,52,90,14,14,large_dark
e2711620-6d4e-4f9c-8922-b1b2d1fb74f2,439,1,9,0.1849,26.92,False,False,52,90,14,14,large_dark
e2711620-6d4e-4f9c-8922-b1b2d1fb74f2,440,1,8,0.1849,26.8,False,False,52,90,14,14,large_dark
e2711620-6d4e-4f9c-8922-b1b2d1fb74f2,441,1,4,0.300203,26.982,False,False,52,90,14,14,large_dark
e2711620-6d4e-4f9c-8922-b1b2d1fb74f2,442,1,2,0.58794,27.18,False,False,52,90,14,14,large_dark
e2711620-6d4e-4f9c-8922-b1b2d1fb74f2,443,1,2,0.58794,27.396,False,False,52,90,14,14,large_dark
e2711620-6d4e-4f9c-8922-b1b2d1fb74f2,444,1,2,0.58794,27.628,False,False,52,90,14,14,large_dark
e2711620-6d4e-4f9c-8922-b1b2d1fb74f2,445,1,2,0.58794,27.877,False,False,52,90,14,14,large_dark
e2711620-6d4e-4f9c-8922-b1b2d1fb74f2,446,1,1,0.58794,28.141,False,False,52,90,14,14,large_dark
e2711620-6d4e-4f9c-8922-b1b2d1fb74f2,447,1,1,0.58794,28.421,False,False,52,90,14,14,large_dark
e2711620-6d4e-4f9c-8922-b1b2d1fb74f2,448,1,1,0.58794,28.715,False,False,52,90,14,14,large_dark
e2711620-6d4e-4f9c-8922-b1b2d1fb74f2,449,1,1,0.58794,29.024,False,False,52,90,14,14,large_dark
e2711620-6d4e-4f9c-8922-b1b2d1fb74f2,450,1,1,0.58794,29.347,False,False,52,90,14,14,large_dark
e2711620-6d4e-4f9c-8922-b1b2d1fb74f2,451,1,1,0.58794,29.372,False,False,52,90,14,14,large_dark
e2711620-6d4e-4f9c-8922-b1b2d1fb74f2,452,1,1,0.58794,29.855,False,False,52,90,14,14,large_dark
e2711620-6d4e-4f9c-8922-b1b2d1fb74f2,453,1,1,0.58794,29.889,False,False,52,90,14,14,large_dark
e2711620-6d4e-4f9c-8922-b1b2d1fb74f2,454,1,1,0.58794,30.565,False,False,52,90,14,14,large_dark
e2711620-6d4e-4f9c-8922-b1b2d1fb74f2,455,1,1,0.58794,31.052,False,False,52,90,14,14,large_dark
e2711620-6d4e-4f9c-8922-b1b2d1fb74f2,456,1,1,0.58794,31.074,False,False,52,90,14,14,large_dark
e2711620-6d4e-4f9c-8922-b1b2d1fb74f2,457,1,2,0.51235,26.226,False,False,61,103,3,3,appearance
e2711620-6d4e-4f9c-8922-b1b2d1fb74f2,458,1,5,0.545156,20.911,False,False,66,106,3,3,hybrid_coast
e2711620-6d4e-4f9c-8922-b1b2d1fb74f2,459,1,47,0.372543,18.398,False,False,69,109,3,3,hybrid_coast
e2711620-6d4e-4f9c-8922-b1b2d1fb74f2,460,1,24,0.024284,11.579,False,True,77,112,3,3,hybrid_coast
e2711620-6d4e-4f9c-8922-b1b2d1fb74f2,461,1,3,0.569832,5.055,True,True,78,105,14,14,large_dark
e2711620-6d4e-4f9c-8922-b1b2d1fb74f2,462,1,3,0.608523,5.79,True,True,78,106,14,14,large_dark
e2711620-6d4e-4f9c-8922-b1b2d1fb74f2,463,1,2,0.640675,5.849,True,True,78,106,14,14,large_dark
e2711620-6d4e-4f9c-8922-b1b2d1fb74f2,464,1,1,0.661567,6.119,True,True,78,106,14,14,large_dark
e2711620-6d4e-4f9c-8922-b1b2d1fb74f2,465,1,1,0.801563,6.454,True,True,78,106,14,14,large_dark
e2711620-6d4e-4f9c-8922-b1b2d1fb74f2,466,1,1,0.661567,6.505,True,True,78,106,14,14,large_dark
e2711620-6d4e-4f9c-8922-b1b2d1fb74f2,467,1,1,0.801563,7.028,True,True,78,106,14,14,large_dark
e2711620-6d4e-4f9c-8922-b1b2d1fb74f2,468,1,1,0.67661,7.088,True,True,78,106,14,14,large_dark
e2711620-6d4e-4f9c-8922-b1b2d1fb74f2,469,1,1,0.746167,7.77,True,True,78,107,14,14,large_dark
e2711620-6d4e-4f9c-8922-b1b2d1fb74f2,470,1,1,0.850195,8.933,False,True,78,108,14,14,large_dark
e2711620-6d4e-4f9c-8922-b1b2d1fb74f2,471,1,1,0.746167,8.981,False,True,78,108,14,14,large_dark
e2711620-6d4e-4f9c-8922-b1b2d1fb74f2,472,1,1,0.850195,8.39,False,True,79,108,14,14,large_dark
e2711620-6d4e-4f9c-8922-b1b2d1fb74f2,473,1,1,0.746167,8.448,False,True,79,108,14,14,large_dark
e2711620-6d4e-4f9c-8922-b1b2d1fb74f2,474,1,1,0.746167,8.826,False,True,79,108,14,14,large_dark
e2711620-6d4e-4f9c-8922-b1b2d1fb74f2,475,1,1,0.850195,9.241,False,True,79,108,14,14,large_dark
e2711620-6d4e-4f9c-8922-b1b2d1fb74f2,476,1,1,0.746167,9.288,False,True,79,108,14,14,large_dark
e2711620-6d4e-4f9c-8922-b1b2d1fb74f2,477,1,1,0.850195,9.243,False,True,80,108,14,14,large_dark
e2711620-6d4e-4f9c-8922-b1b2d1fb74f2,478,1,1,0.780471,9.289,False,True,80,108,14,14,large_dark
e2711620-6d4e-4f9c-8922-b1b2d1fb74f2,479,1,1,0.850195,9.772,False,True,80,108,14,14,large_dark
e2711620-6d4e-4f9c-8922-b1b2d1fb74f2,480,1,1,0.864839,10.774,False,True,80,108,14,14,large_dark
e2711620-6d4e-4f9c-8922-b1b2d1fb74f2,481,1,1,0.946647,10.816,False,True,80,108,14,14,large_dark
e2711620-6d4e-4f9c-8922-b1b2d1fb74f2,482,1,1,0.952391,11.341,False,True,80,108,14,14,large_dark
e2711620-6d4e-4f9c-8922-b1b2d1fb74f2,483,1,1,0.946647,11.381,False,True,80,108,14,14,large_dark
e2711620-6d4e-4f9c-8922-b1b2d1fb74f2,484,1,1,0.946647,3.808,True,True,80,108,14,14,large_dark
e2711620-6d4e-4f9c-8922-b1b2d1fb74f2,485,1,1,0.954077,3.759,True,True,80,108,14,14,large_dark
e2711620-6d4e-4f9c-8922-b1b2d1fb74f2,486,1,1,0.952391,3.702,True,True,80,108,14,14,large_dark
e2711620-6d4e-4f9c-8922-b1b2d1fb74f2,487,1,1,0.954077,3.653,True,True,80,108,14,14,large_dark
e2711620-6d4e-4f9c-8922-b1b2d1fb74f2,488,1,1,0.952391,3.597,True,True,80,108,14,14,large_dark
e2711620-6d4e-4f9c-8922-b1b2d1fb74f2,489,1,1,0.952391,3.541,True,True,80,108,14,14,large_dark
e2711620-6d4e-4f9c-8922-b1b2d1fb74f2,490,1,1,0.954077,3.485,True,True,80,108,14,14,large_dark
e2711620-6d4e-4f9c-8922-b1b2d1fb74f2,491,1,1,0.952391,3.436,True,True,80,108,14,14,large_dark
e2711620-6d4e-4f9c-8922-b1b2d1fb74f2,492,1,1,0.954077,3.379,True,True,80,108,14,14,large_dark
e2711620-6d4e-4f9c-8922-b1b2d1fb74f2,493,1,1,0.952391,3.33,True,True,80,108,14,14,large_dark
e2711620-6d4e-4f9c-8922-b1b2d1fb74f2,494,1,2,0.920875,2.909,True,True,80,108,14,14,large_dark
e2711620-6d4e-4f9c-8922-b1b2d1fb74f2,495,1,2,0.920875,3.611,True,True,80,107,14,14,large_dark
e2711620-6d4e-4f9c-8922-b1b2d1fb74f2,496,1,2,0.920875,3.555,True,True,80,107,14,14,large_dark
e2711620-6d4e-4f9c-8922-b1b2d1fb74f2,497,1,2,0.920875,3.507,True,True,80,107,14,14,large_dark
e2711620-6d4e-4f9c-8922-b1b2d1fb74f2,498,1,3,0.920875,3.451,True,True,80,107,14,14,large_dark
e2711620-6d4e-4f9c-8922-b1b2d1fb74f2,499,1,3,0.920875,3.819,True,True,80,106,14,14,large_dark
e2711620-6d4e-4f9c-8922-b1b2d1fb74f2,500,1,3,0.920875,3.765,True,True,80,106,14,14,large_dark
e2711620-6d4e-4f9c-8922-b1b2d1fb74f2,501,1,3,0.920875,3.295,True,True,80,106,14,14,large_dark
e2711620-6d4e-4f9c-8922-b1b2d1fb74f2,502,1,3,0.920875,3.24,True,True,80,106,14,14,large_dark
e2711620-6d4e-4f9c-8922-b1b2d1fb74f2,503,1,4,0.920875,3.192,True,True,80,106,14,14,large_dark
e2711620-6d4e-4f9c-8922-b1b2d1fb74f2,504,1,4,0.920875,3.07,True,True,80,106,14,14,large_dark
e2711620-6d4e-4f9c-8922-b1b2d1fb74f2,505,1,3,0.920875,3.02,True,True,80,106,14,14,large_dark
e2711620-6d4e-4f9c-8922-b1b2d1fb74f2,506,1,3,0.920875,3.328,True,True,80,105,14,14,large_dark
e2711620-6d4e-4f9c-8922-b1b2d1fb74f2,507,1,3,0.920875,3.676,True,True,80,104,14,14,large_dark
e2711620-6d4e-4f9c-8922-b1b2d1fb74f2,508,1,3,0.920875,3.62,True,True,80,104,14,14,large_dark
e2711620-6d4e-4f9c-8922-b1b2d1fb74f2,509,1,3,0.920875,3.168,True,True,80,104,14,14,large_dark
e2711620-6d4e-4f9c-8922-b1b2d1fb74f2,510,1,3,0.920875,3.111,True,True,80,104,14,14,large_dark
e2711620-6d4e-4f9c-8922-b1b2d1fb74f2,511,1,3,0.920875,2.36,True,True,79,104,14,14,large_dark
e2711620-6d4e-4f9c-8922-b1b2d1fb74f2,512,1,6,0.961817,2.073,True,True,85,110,3,3,appearance
e2711620-6d4e-4f9c-8922-b1b2d1fb74f2,513,1,5,0.961817,2.025,True,True,85,110,3,3,hybrid_coast
e2711620-6d4e-4f9c-8922-b1b2d1fb74f2,514,1,6,0.961817,2.822,True,True,86,110,3,3,hybrid_coast
e2711620-6d4e-4f9c-8922-b1b2d1fb74f2,515,1,2,0.920875,3.011,True,True,79,102,14,14,large_dark
e2711620-6d4e-4f9c-8922-b1b2d1fb74f2,516,1,5,0.961817,5.695,True,True,86,105,3,3,hybrid_coast
e2711620-6d4e-4f9c-8922-b1b2d1fb74f2,517,1,6,0.961817,4.855,True,True,86,105,3,3,hybrid_coast
e2711620-6d4e-4f9c-8922-b1b2d1fb74f2,518,1,6,0.961817,4.622,True,True,83,104,3,3,hybrid_coast
e2711620-6d4e-4f9c-8922-b1b2d1fb74f2,519,1,6,0.961817,5.091,True,True,83,103,3,3,hybrid_coast
e2711620-6d4e-4f9c-8922-b1b2d1fb74f2,520,1,5,0.961817,4.05,True,True,83,104,3,3,hybrid_coast
e2711620-6d4e-4f9c-8922-b1b2d1fb74f2,521,1,4,0.961817,4.55,True,True,83,103,3,3,hybrid_coast
e2711620-6d4e-4f9c-8922-b1b2d1fb74f2,522,1,6,0.961817,5.003,True,True,83,102,3,3,hybrid_coast
e2711620-6d4e-4f9c-8922-b1b2d1fb74f2,523,1,4,0.961817,3.974,True,True,83,103,3,3,hybrid_coast
e2711620-6d4e-4f9c-8922-b1b2d1fb74f2,524,1,4,0.961817,4.501,True,True,83,102,3,3,hybrid_coast
e2711620-6d4e-4f9c-8922-b1b2d1fb74f2,525,1,4,0.961817,5.447,True,True,83,101,3,3,hybrid_coast
e2711620-6d4e-4f9c-8922-b1b2d1fb74f2,526,1,3,0.961817,5.896,True,True,83,100,3,3,hybrid_coast
e2711620-6d4e-4f9c-8922-b1b2d1fb74f2,527,1,3,0.961817,7.35,True,True,83,98,3,3,hybrid_coast
e2711620-6d4e-4f9c-8922-b1b2d1fb74f2,528,1,3,0.961817,5.32,True,True,83,100,3,3,hybrid_coast
e2711620-6d4e-4f9c-8922-b1b2d1fb74f2,529,1,4,0.961817,5.373,True,True,83,99,3,3,hybrid_coast
e2711620-6d4e-4f9c-8922-b1b2d1fb74f2,530,1,4,0.961817,4.352,True,True,83,100,3,3,hybrid_coast
e2711620-6d4e-4f9c-8922-b1b2d1fb74f2,531,1,3,0.961817,3.397,True,True,84,101,3,3,hybrid_coast
e2711620-6d4e-4f9c-8922-b1b2d1fb74f2,532,1,1,0.954077,1.631,True,True,76,96,14,14,large_dark
e2711620-6d4e-4f9c-8922-b1b2d1fb74f2,533,1,1,0.954077,1.6,True,True,76,96,14,14,large_dark
e2711620-6d4e-4f9c-8922-b1b2d1fb74f2,534,1,1,0.954077,1.06,True,True,76,96,14,14,large_dark
e2711620-6d4e-4f9c-8922-b1b2d1fb74f2,535,1,1,0.954077,1.032,True,True,76,96,14,14,large_dark
e2711620-6d4e-4f9c-8922-b1b2d1fb74f2,536,1,1,0.954077,2.52,True,True,76,94,14,14,large_dark
e2711620-6d4e-4f9c-8922-b1b2d1fb74f2,537,1,1,0.954077,1.991,True,True,76,94,14,14,large_dark
e2711620-6d4e-4f9c-8922-b1b2d1fb74f2,538,1,1,0.954077,1.945,True,True,76,94,14,14,large_dark
e2711620-6d4e-4f9c-8922-b1b2d1fb74f2,539,1,1,0.954077,1.416,True,True,76,94,14,14,large_dark
e2711620-6d4e-4f9c-8922-b1b2d1fb74f2,540,1,1,0.954077,1.368,True,True,76,94,14,14,large_dark
e2711620-6d4e-4f9c-8922-b1b2d1fb74f2,541,1,1,0.954077,2.901,True,True,76,92,14,14,large_dark
e2711620-6d4e-4f9c-8922-b1b2d1fb74f2,542,1,1,0.954077,1.431,True,True,76,93,14,14,large_dark
e2711620-6d4e-4f9c-8922-b1b2d1fb74f2,543,1,1,0.954077,1.387,True,True,76,93,14,14,large_dark
e2711620-6d4e-4f9c-8922-b1b2d1fb74f2,544,1,1,0.954077,1.799,True,True,76,92,14,14,large_dark
e2711620-6d4e-4f9c-8922-b1b2d1fb74f2,545,1,1,0.954077,1.756,True,True,76,92,14,14,large_dark
e2711620-6d4e-4f9c-8922-b1b2d1fb74f2,546,1,1,0.954077,1.14,True,True,75,92,14,14,large_dark
e2711620-6d4e-4f9c-8922-b1b2d1fb74f2,547,1,1,0.954077,0.614,True,True,75,92,14,14,large_dark
e2711620-6d4e-4f9c-8922-b1b2d1fb74f2,548,1,1,0.954077,0.581,True,True,75,92,14,14,large_dark
e2711620-6d4e-4f9c-8922-b1b2d1fb74f2,549,1,1,0.954077,0.155,True,True,75,92,14,14,large_dark
e2711620-6d4e-4f9c-8922-b1b2d1fb74f2,550,1,1,0.954077,0.2,True,True,75,92,14,14,large_dark
e2711620-6d4e-4f9c-8922-b1b2d1fb74f2,551,1,1,0.954077,1.493,True,True,75,90,14,14,large_dark
e2711620-6d4e-4f9c-8922-b1b2d1fb74f2,552,1,1,0.954077,1.447,True,True,75,90,14,14,large_dark
e2711620-6d4e-4f9c-8922-b1b2d1fb74f2,553,1,1,0.954077,1.412,True,True,75,90,14,14,large_dark
e2711620-6d4e-4f9c-8922-b1b2d1fb74f2,554,1,1,0.954077,1.865,True,True,75,89,14,14,large_dark
e2711620-6d4e-4f9c-8922-b1b2d1fb74f2,555,1,1,0.954077,1.832,True,True,75,89,14,14,large_dark
e2711620-6d4e-4f9c-8922-b1b2d1fb74f2,556,1,5,0.952391,1.791,True,True,75,89,14,14,large_dark
e2711620-6d4e-4f9c-8922-b1b2d1fb74f2,557,1,15,0.960812,2.313,True,True,74,88,14,14,large_dark
e2711620-6d4e-4f9c-8922-b1b2d1fb74f2,558,1,9,0.959363,2.282,True,True,74,88,14,14,large_dark
e2711620-6d4e-4f9c-8922-b1b2d1fb74f2,559,1,1,0.960812,2.263,True,True,74,88,14,14,large_dark
e2711620-6d4e-4f9c-8922-b1b2d1fb74f2,560,1,1,0.938684,2.238,True,True,74,88,14,14,large_dark
e2711620-6d4e-4f9c-8922-b1b2d1fb74f2,561,1,1,0.940308,0.671,True,True,74,90,14,14,large_dark
e2711620-6d4e-4f9c-8922-b1b2d1fb74f2,562,1,2,0.936608,1.366,True,True,77,91,12,12,map
e2711620-6d4e-4f9c-8922-b1b2d1fb74f2,563,1,3,0.939258,0.245,True,True,79,94,5,5,hybrid_coast
e2711620-6d4e-4f9c-8922-b1b2d1fb74f2,564,1,10,0.936608,0.921,True,True,74,90,14,14,large_dark
e2711620-6d4e-4f9c-8922-b1b2d1fb74f2,565,1,4,0.935549,0.979,True,True,74,90,14,14,large_dark
e2711620-6d4e-4f9c-8922-b1b2d1fb74f2,566,1,1,0.935549,1.035,True,True,74,90,14,14,large_dark
e2711620-6d4e-4f9c-8922-b1b2d1fb74f2,567,1,1,0.935549,1.085,True,True,74,90,14,14,large_dark
e2711620-6d4e-4f9c-8922-b1b2d1fb74f2,568,1,1,0.935549,1.14,True,True,74,90,14,14,large_dark
e2711620-6d4e-4f9c-8922-b1b2d1fb74f2,569,1,1,0.930655,1.19,True,True,74,90,14,14,large_dark
e2711620-6d4e-4f9c-8922-b1b2d1fb74f2,570,1,1,0.930655,1.245,True,True,74,90,14,14,large_dark
e2711620-6d4e-4f9c-8922-b1b2d1fb74f2,571,1,1,0.930655,1.396,True,True,74,88,14,14,large_dark
e2711620-6d4e-4f9c-8922-b1b2d1fb74f2,572,1,1,0.930655,1.377,True,True,74,88,14,14,large_dark
e2711620-6d4e-4f9c-8922-b1b2d1fb74f2,573,1,1,0.935549,1.37,True,True,74,88,14,14,large_dark
e2711620-6d4e-4f9c-8922-b1b2d1fb74f2,574,1,2,0.939258,0.869,True,True,80,94,5,5,map
e2711620-6d4e-4f9c-8922-b1b2d1fb74f2,575,1,2,0.934627,1.798,True,True,81,94,5,5,hybrid_coast
e2711620-6d4e-4f9c-8922-b1b2d1fb74f2,576,1,5,0.934627,3.055,True,True,82,95,5,5,hybrid_coast
e2711620-6d4e-4f9c-8922-b1b2d1fb74f2,577,1,19,0.924672,3.942,True,True,83,95,5,5,hybrid_coast
e2711620-6d4e-4f9c-8922-b1b2d1fb74f2,578,1,5,0.939258,2.968,True,True,81,96,5,5,hybrid_coast
e2711620-6d4e-4f9c-8922-b1b2d1fb74f2,579,1,2,0.943821,3.511,True,True,79,97,5,5,hybrid_coast
e2711620-6d4e-4f9c-8922-b1b2d1fb74f2,580,1,2,0.943821,5.0,True,True,76,97,5,5,hybrid_coast
e2711620-6d4e-4f9c-8922-b1b2d1fb74f2,581,1,2,0.943821,5.622,True,True,77,97,5,5,hybrid_coast
e2711620-6d4e-4f9c-8922-b1b2d1fb74f2,582,1,4,0.953805,4.173,True,True,78,97,1,3,motion
e2711620-6d4e-4f9c-8922-b1b2d1fb74f2,583,1,6,0.956992,4.911,True,True,79,97,1,3,hybrid_coast
e2711620-6d4e-4f9c-8922-b1b2d1fb74f2,584,1,3,0.956992,4.104,True,True,78,97,1,3,hybrid_coast
e2711620-6d4e-4f9c-8922-b1b2d1fb74f2,585,1,3,0.953805,4.802,True,True,78,98,1,3,hybrid_coast
e2711620-6d4e-4f9c-8922-b1b2d1fb74f2,586,1,5,0.956992,3.081,True,True,78,95,1,3,hybrid_coast
e2711620-6d4e-4f9c-8922-b1b2d1fb74f2,587,1,3,0.956992,2.593,True,True,77,96,1,3,hybrid_coast
e2711620-6d4e-4f9c-8922-b1b2d1fb74f2,588,1,4,0.956992,3.4,True,True,78,96,1,3,hybrid_coast
e2711620-6d4e-4f9c-8922-b1b2d1fb74f2,589,1,2,0.956992,2.739,True,True,76,97,1,3,hybrid_coast
e2711620-6d4e-4f9c-8922-b1b2d1fb74f2,590,1,2,0.956992,3.202,True,True,77,97,1,3,hybrid_coast
e2711620-6d4e-4f9c-8922-b1b2d1fb74f2,591,1,14,0.956992,3.873,True,True,78,97,1,3,hybrid_coast
e2711620-6d4e-4f9c-8922-b1b2d1fb74f2,592,1,2,0.942813,2.6,True,True,74,96,5,5,map
e2711620-6d4e-4f9c-8922-b1b2d1fb74f2,593,1,2,0.942813,3.086,True,True,75,96,5,5,hybrid_coast
e2711620-6d4e-4f9c-8922-b1b2d1fb74f2,594,1,2,0.942813,2.508,True,True,74,96,5,5,map
e2711620-6d4e-4f9c-8922-b1b2d1fb74f2,595,1,2,0.942813,3.01,True,True,75,96,5,5,hybrid_coast
e2711620-6d4e-4f9c-8922-b1b2d1fb74f2,596,1,2,0.956992,3.353,True,True,74,97,5,5,hybrid_coast
e2711620-6d4e-4f9c-8922-b1b2d1fb74f2,597,1,5,0.950405,4.35,True,True,76,97,5,5,hybrid_coast
e2711620-6d4e-4f9c-8922-b1b2d1fb74f2,598,1,7,0.942813,2.9,True,True,75,96,5,5,appearance
e2711620-6d4e-4f9c-8922-b1b2d1fb74f2,599,1,5,0.942813,2.53,True,True,75,95,5,6,appearance
e2711620-6d4e-4f9c-8922-b1b2d1fb74f2,600,1,8,0.956992,2.236,True,True,77,96,1,3,hybrid_coast
e2711620-6d4e-4f9c-8922-b1b2d1fb74f2,601,1,4,0.958218,2.14,True,True,75,97,1,3,hybrid_coast
e2711620-6d4e-4f9c-8922-b1b2d1fb74f2,602,1,5,0.958218,3.288,True,True,75,98,1,3,hybrid_coast
e2711620-6d4e-4f9c-8922-b1b2d1fb74f2,603,1,2,0.958218,3.384,True,True,74,98,1,3,hybrid_coast
e2711620-6d4e-4f9c-8922-b1b2d1fb74f2,604,1,2,0.958218,2.5,True,True,72,96,5,5,map
e2711620-6d4e-4f9c-8922-b1b2d1fb74f2,605,1,5,0.958218,2.907,True,True,73,96,5,5,hybrid_coast
e2711620-6d4e-4f9c-8922-b1b2d1fb74f2,606,1,6,0.94442,2.704,True,True,73,95,5,6,appearance
e2711620-6d4e-4f9c-8922-b1b2d1fb74f2,607,1,5,0.958218,3.947,True,True,74,98,1,3,hybrid_coast
e2711620-6d4e-4f9c-8922-b1b2d1fb74f2,608,1,21,0.955925,5.0,True,True,76,98,1,3,hybrid_coast
e2711620-6d4e-4f9c-8922-b1b2d1fb74f2,609,1,9,0.955925,3.851,True,True,75,97,1,3,hybrid_coast
e2711620-6d4e-4f9c-8922-b1b2d1fb74f2,610,1,2,0.955925,4.279,True,True,71,97,5,5,hybrid_coast
e2711620-6d4e-4f9c-8922-b1b2d1fb74f2,611,1,3,0.953381,6.496,True,True,69,99,5,5,hybrid_coast
e2711620-6d4e-4f9c-8922-b1b2d1fb74f2,612,1,2,0.9558,6.801,True,True,68,99,5,5,hybrid_coast
e2711620-6d4e-4f9c-8922-b1b2d1fb74f2,613,1,3,0.953381,4.025,True,True,68,96,5,5,hybrid_coast
e2711620-6d4e-4f9c-8922-b1b2d1fb74f2,614,1,1,0.940308,5.154,True,True,61,91,14,14,large_dark
e2711620-6d4e-4f9c-8922-b1b2d1fb74f2,615,1,1,0.940308,5.045,True,True,61,91,14,14,large_dark
e2711620-6d4e-4f9c-8922-b1b2d1fb74f2,616,1,1,0.940308,5.148,True,True,62,92,14,14,hybrid_coast
e2711620-6d4e-4f9c-8922-b1b2d1fb74f2,617,1,1,0.940308,4.995,True,True,60,90,14,14,large_dark
e2711620-6d4e-4f9c-8922-b1b2d1fb74f2,618,1,1,0.940308,4.854,True,True,60,90,14,14,large_dark
e2711620-6d4e-4f9c-8922-b1b2d1fb74f2,619,1,1,0.940308,4.725,True,True,60,90,14,14,large_dark
e2711620-6d4e-4f9c-8922-b1b2d1fb74f2,620,1,1,0.940308,4.61,True,True,60,90,14,14,large_dark
e2711620-6d4e-4f9c-8922-b1b2d1fb74f2,621,1,1,0.93458,4.464,True,True,60,90,14,14,large_dark
e2711620-6d4e-4f9c-8922-b1b2d1fb74f2,622,1,1,0.925545,4.319,True,True,60,90,14,14,large_dark
e2711620-6d4e-4f9c-8922-b1b2d1fb74f2,623,1,1,0.925545,4.174,True,True,60,90,14,14,large_dark
e2711620-6d4e-4f9c-8922-b1b2d1fb74f2,624,1,1,0.925545,3.413,True,True,60,89,14,14,large_dark
e2711620-6d4e-4f9c-8922-b1b2d1fb74f2,625,1,1,0.9293,3.26,True,True,60,89,14,14,large_dark
e2711620-6d4e-4f9c-8922-b1b2d1fb74f2,626,1,1,0.927399,3.106,True,True,60,89,14,14,large_dark
e2711620-6d4e-4f9c-8922-b1b2d1fb74f2,627,1,1,0.927399,2.954,True,True,60,89,14,14,large_dark
e2711620-6d4e-4f9c-8922-b1b2d1fb74f2,628,1,1,0.927399,2.802,True,True,60,89,14,14,large_dark
e2711620-6d4e-4f9c-8922-b1b2d1fb74f2,629,1,1,0.927399,3.511,True,True,59,89,14,14,large_dark
e2711620-6d4e-4f9c-8922-b1b2d1fb74f2,630,1,1,0.927399,3.354,True,True,59,89,14,14,large_dark
e2711620-6d4e-4f9c-8922-b1b2d1fb74f2,631,1,1,0.927399,3.198,True,True,59,89,14,14,large_dark
e2711620-6d4e-4f9c-8922-b1b2d1fb74f2,632,1,1,0.927399,4.41,True,True,58,90,14,14,large_dark
e2711620-6d4e-4f9c-8922-b1b2d1fb74f2,633,1,1,0.927399,4.257,True,True,58,90,14,14,large_dark
e2711620-6d4e-4f9c-8922-b1b2d1fb74f2,634,1,1,0.927399,4.105,True,True,58,90,14,14,large_dark
e2711620-6d4e-4f9c-8922-b1b2d1fb74f2,635,1,1,0.927399,3.953,True,True,58,90,14,14,large_dark
e2711620-6d4e-4f9c-8922-b1b2d1fb74f2,636,1,1,0.927399,3.801,True,True,58,90,14,14,large_dark
e2711620-6d4e-4f9c-8922-b1b2d1fb74f2,637,1,1,0.927399,4.497,True,True,57,90,14,14,large_dark
e2711620-6d4e-4f9c-8922-b1b2d1fb74f2,638,1,1,0.927399,4.342,True,True,57,90,14,14,large_dark
e2711620-6d4e-4f9c-8922-b1b2d1fb74f2,639,1,1,0.927399,5.561,True,True,56,91,14,14,large_dark
e2711620-6d4e-4f9c-8922-b1b2d1fb74f2,640,1,1,0.927399,5.408,True,True,56,91,14,14,large_dark
e2711620-6d4e-4f9c-8922-b1b2d1fb74f2,641,1,4,0.927399,4.999,True,True,56,91,14,14,large_dark
e2711620-6d4e-4f9c-8922-b1b2d1fb74f2,642,1,3,0.920611,2.823,True,True,62,94,5,6,hybrid_coast
e2711620-6d4e-4f9c-8922-b1b2d1fb74f2,643,1,5,0.918497,2.486,True,True,62,94,5,6,hybrid_coast
e2711620-6d4e-4f9c-8922-b1b2d1fb74f2,644,1,1,0.923552,0.361,True,True,60,90,14,14,large_dark
e2711620-6d4e-4f9c-8922-b1b2d1fb74f2,645,1,1,0.923552,0.559,True,True,60,90,14,14,large_dark
e2711620-6d4e-4f9c-8922-b1b2d1fb74f2,646,1,1,0.925545,0.762,True,True,59,90,14,14,large_dark
e2711620-6d4e-4f9c-8922-b1b2d1fb74f2,647,1,1,0.925545,1.591,True,True,58,90,14,14,large_dark
e2711620-6d4e-4f9c-8922-b1b2d1fb74f2,648,1,1,0.925545,1.836,True,True,58,90,14,14,large_dark
e2711620-6d4e-4f9c-8922-b1b2d1fb74f2,649,1,2,0.920611,2.438,True,True,61,95,5,6,hybrid_coast
e2711620-6d4e-4f9c-8922-b1b2d1fb74f2,650,1,2,0.920611,3.354,True,True,60,95,5,6,hybrid_coast
e2711620-6d4e-4f9c-8922-b1b2d1fb74f2,651,1,4,0.920611,2.302,True,True,61,95,5,6,hybrid_coast
e2711620-6d4e-4f9c-8922-b1b2d1fb74f2,652,1,7,0.910372,4.272,True,True,58,95,5,6,hybrid_coast
e2711620-6d4e-4f9c-8922-b1b2d1fb74f2,653,1,2,0.920611,1.703,True,True,61,96,5,6,hybrid_coast
e2711620-6d4e-4f9c-8922-b1b2d1fb74f2,654,1,2,0.920611,2.247,True,True,61,96,5,6,hybrid_coast
e2711620-6d4e-4f9c-8922-b1b2d1fb74f2,655,1,2,0.914967,2.55,True,True,60,96,5,6,hybrid_coast
e2711620-6d4e-4f9c-8922-b1b2d1fb74f2,656,1,2,0.87361,3.138,True,True,60,96,5,6,hybrid_coast
e2711620-6d4e-4f9c-8922-b1b2d1fb74f2,657,1,1,0.878127,1.432,True,True,53,94,14,14,large_dark
e2711620-6d4e-4f9c-8922-b1b2d1fb74f2,658,1,1,0.878053,1.703,True,True,53,94,14,14,large_dark
e2711620-6d4e-4f9c-8922-b1b2d1fb74f2,659,1,1,0.834439,0.949,True,True,57,101,5,6,hybrid_coast
e2711620-6d4e-4f9c-8922-b1b2d1fb74f2,660,1,1,0.613806,3.808,True,True,48,98,14,14,large_dark
e2711620-6d4e-4f9c-8922-b1b2d1fb74f2,661,1,1,0.530584,3.431,True,True,48,98,14,14,large_dark
e2711620-6d4e-4f9c-8922-b1b2d1fb74f2,662,1,2,0.421186,4.346,True,True,47,99,14,14,large_dark
e2711620-6d4e-4f9c-8922-b1b2d1fb74f2,663,1,1,0.421186,3.969,True,True,47,99,14,14,large_dark
e2711620-6d4e-4f9c-8922-b1b2d1fb74f2,664,1,2,0.421186,4.885,True,True,46,100,14,14,large_dark
e2711620-6d4e-4f9c-8922-b1b2d1fb74f2,665,1,1,0.774938,4.507,True,True,46,100,14,14,large_dark
e2711620-6d4e-4f9c-8922-b1b2d1fb74f2,666,1,3,0.37407,0.9,True,True,50,98,14,14,large_dark
e2711620-6d4e-4f9c-8922-b1b2d1fb74f2,667,1,4,0.37407,1.501,True,True,49,98,14,14,large_dark
e2711620-6d4e-4f9c-8922-b1b2d1fb74f2,668,1,4,0.531428,1.772,True,True,49,98,14,14,large_dark
e2711620-6d4e-4f9c-8922-b1b2d1fb74f2,669,1,5,0.628112,1.665,True,True,48,99,14,14,large_dark
e2711620-6d4e-4f9c-8922-b1b2d1fb74f2,670,1,4,0.680574,1.803,True,True,48,99,14,14,large_dark
e2711620-6d4e-4f9c-8922-b1b2d1fb74f2,671,1,3,0.351834,2.688,True,True,50,99,12,12,map
e2711620-6d4e-4f9c-8922-b1b2d1fb74f2,672,1,7,0.246209,3.384,True,True,51,99,12,12,hybrid_coast
e2711620-6d4e-4f9c-8922-b1b2d1fb74f2,673,1,6,0.089445,3.798,True,True,44,102,14,14,large_dark
e2711620-6d4e-4f9c-8922-b1b2d1fb74f2,674,1,7,0.046993,3.722,True,True,44,103,14,14,hybrid_coast
e2711620-6d4e-4f9c-8922-b1b2d1fb74f2,675,1,17,0.028465,9.334,False,True,50,110,14,14,large_dark
e2711620-6d4e-4f9c-8922-b1b2d1fb74f2,676,1,22,0.022008,9.801,False,True,51,110,14,14,large_dark
e2711620-6d4e-4f9c-8922-b1b2d1fb74f2,677,1,28,0.010403,10.451,False,True,52,110,14,14,large_dark
e2711620-6d4e-4f9c-8922-b1b2d1fb74f2,678,1,30,0.010403,10.604,False,True,52,110,14,14,large_dark
e2711620-6d4e-4f9c-8922-b1b2d1fb74f2,679,1,30,0.009729,11.455,False,True,53,110,14,14,large_dark
e2711620-6d4e-4f9c-8922-b1b2d1fb74f2,680,1,14,0.011052,11.673,False,True,53,110,14,14,large_dark
e2711620-6d4e-4f9c-8922-b1b2d1fb74f2,681,1,9,0.009611,12.236,False,True,54,110,14,14,large_dark
e2711620-6d4e-4f9c-8922-b1b2d1fb74f2,682,1,7,0.056457,17.868,False,False,59,113,14,14,hybrid_coast
e2711620-6d4e-4f9c-8922-b1b2d1fb74f2,683,1,2,0.517957,23.2,False,False,66,121,7,7,hybrid_coast
e2711620-6d4e-4f9c-8922-b1b2d1fb74f2,684,1,2,0.59287,21.477,False,False,64,121,7,7,hybrid_coast
e2711620-6d4e-4f9c-8922-b1b2d1fb74f2,685,1,2,0.879783,25.311,False,False,69,121,7,7,hybrid_coast
e2711620-6d4e-4f9c-8922-b1b2d1fb74f2,686,1,1,0.840329,29.306,False,False,70,118,14,14,large_dark
e2711620-6d4e-4f9c-8922-b1b2d1fb74f2,687,1,1,0.876222,30.075,False,False,71,118,14,14,large_dark
e2711620-6d4e-4f9c-8922-b1b2d1fb74f2,688,1,1,0.873544,29.964,False,False,71,118,14,14,large_dark
e2711620-6d4e-4f9c-8922-b1b2d1fb74f2,689,1,1,0.888795,30.762,False,False,72,118,14,14,large_dark
e2711620-6d4e-4f9c-8922-b1b2d1fb74f2,690,1,1,0.886353,30.663,False,False,72,118,14,14,large_dark
e2711620-6d4e-4f9c-8922-b1b2d1fb74f2,691,1,1,0.886353,30.12,False,False,72,117,14,14,large_dark
e2711620-6d4e-4f9c-8922-b1b2d1fb74f2,692,1,1,0.888795,29.972,False,False,72,117,14,14,large_dark
e2711620-6d4e-4f9c-8922-b1b2d1fb74f2,693,1,1,0.888795,29.815,False,False,72,117,14,14,large_dark
e2711620-6d4e-4f9c-8922-b1b2d1fb74f2,694,1,2,0.888795,30.607,False,False,73,117,14,14,large_dark
e2711620-6d4e-4f9c-8922-b1b2d1fb74f2,695,1,2,0.888863,30.466,False,False,73,117,14,14,large_dark
e2711620-6d4e-4f9c-8922-b1b2d1fb74f2,696,1,2,0.888863,31.263,False,False,74,117,14,14,large_dark
e2711620-6d4e-4f9c-8922-b1b2d1fb74f2,697,1,2,0.923242,29.874,False,False,76,121,7,7,hybrid_coast
e2711620-6d4e-4f9c-8922-b1b2d1fb74f2,698,1,3,0.921975,29.732,False,False,76,121,7,7,hybrid_coast
