clip,frame,checkpoint_label,rank,bbox,verified_score,raw_score,tube_verifier_score,candidate_source,notes,overview_image,crop_sheet,human_label,human_notes
529a6584-8974-4cf9-b7f7-f66d49cd3845,123,active_mine_high_score,1,"[105, 100, 12, 12]",47.64096,44.908484,2.732477,map,learned_score=0.952; selected_rank=1; source=map; label whether this high-score candidate is target or clutter,results/tube_hard_negative_review_packet_thr060_top8/overviews/529a6584-8974-4cf9-b7f7-f66d49cd3845_f00123_overview.jpg,results/tube_hard_negative_review_packet_thr060_top8/crops/529a6584-8974-4cf9-b7f7-f66d49cd3845_f00123_crops.jpg,,
529a6584-8974-4cf9-b7f7-f66d49cd3845,123,active_mine_high_score,2,"[95, 101, 12, 12]",35.509431,32.797889,2.711542,map,learned_score=0.952; selected_rank=1; source=map; label whether this high-score candidate is target or clutter,results/tube_hard_negative_review_packet_thr060_top8/overviews/529a6584-8974-4cf9-b7f7-f66d49cd3845_f00123_overview.jpg,results/tube_hard_negative_review_packet_thr060_top8/crops/529a6584-8974-4cf9-b7f7-f66d49cd3845_f00123_crops.jpg,,
529a6584-8974-4cf9-b7f7-f66d49cd3845,123,active_mine_high_score,4,"[32, 111, 12, 12]",19.821008,16.936847,2.884161,map,learned_score=0.952; selected_rank=1; source=map; label whether this high-score candidate is target or clutter,results/tube_hard_negative_review_packet_thr060_top8/overviews/529a6584-8974-4cf9-b7f7-f66d49cd3845_f00123_overview.jpg,results/tube_hard_negative_review_packet_thr060_top8/crops/529a6584-8974-4cf9-b7f7-f66d49cd3845_f00123_crops.jpg,,
529a6584-8974-4cf9-b7f7-f66d49cd3845,123,active_mine_high_score,5,"[189, 77, 12, 12]",16.521952,13.070918,3.451034,map,learned_score=0.952; selected_rank=1; source=map; label whether this high-score candidate is target or clutter,results/tube_hard_negative_review_packet_thr060_top8/overviews/529a6584-8974-4cf9-b7f7-f66d49cd3845_f00123_overview.jpg,results/tube_hard_negative_review_packet_thr060_top8/crops/529a6584-8974-4cf9-b7f7-f66d49cd3845_f00123_crops.jpg,,
529a6584-8974-4cf9-b7f7-f66d49cd3845,123,active_mine_high_score,6,"[194, 82, 3, 4]",14.015032,11.084605,2.930426,appearance,learned_score=0.952; selected_rank=1; source=map; label whether this high-score candidate is target or clutter,results/tube_hard_negative_review_packet_thr060_top8/overviews/529a6584-8974-4cf9-b7f7-f66d49cd3845_f00123_overview.jpg,results/tube_hard_negative_review_packet_thr060_top8/crops/529a6584-8974-4cf9-b7f7-f66d49cd3845_f00123_crops.jpg,,
529a6584-8974-4cf9-b7f7-f66d49cd3845,123,active_mine_high_score,7,"[35, 117, 5, 17]",10.923745,8.300571,2.623175,motion,learned_score=0.952; selected_rank=1; source=map; label whether this high-score candidate is target or clutter,results/tube_hard_negative_review_packet_thr060_top8/overviews/529a6584-8974-4cf9-b7f7-f66d49cd3845_f00123_overview.jpg,results/tube_hard_negative_review_packet_thr060_top8/crops/529a6584-8974-4cf9-b7f7-f66d49cd3845_f00123_crops.jpg,,
529a6584-8974-4cf9-b7f7-f66d49cd3845,98,active_mine_high_score,1,"[125, 96, 12, 12]",44.038275,41.286592,2.751682,map,learned_score=0.951; selected_rank=1; source=map; label whether this high-score candidate is target or clutter,results/tube_hard_negative_review_packet_thr060_top8/overviews/529a6584-8974-4cf9-b7f7-f66d49cd3845_f00098_overview.jpg,results/tube_hard_negative_review_packet_thr060_top8/crops/529a6584-8974-4cf9-b7f7-f66d49cd3845_f00098_crops.jpg,,
529a6584-8974-4cf9-b7f7-f66d49cd3845,98,active_mine_high_score,2,"[130, 104, 3, 3]",37.386216,34.488979,2.897237,map,learned_score=0.951; selected_rank=1; source=map; label whether this high-score candidate is target or clutter,results/tube_hard_negative_review_packet_thr060_top8/overviews/529a6584-8974-4cf9-b7f7-f66d49cd3845_f00098_overview.jpg,results/tube_hard_negative_review_packet_thr060_top8/crops/529a6584-8974-4cf9-b7f7-f66d49cd3845_f00098_crops.jpg,,
529a6584-8974-4cf9-b7f7-f66d49cd3845,98,active_mine_high_score,3,"[122, 104, 7, 7]",34.509246,31.818112,2.691134,map,learned_score=0.951; selected_rank=1; source=map; label whether this high-score candidate is target or clutter,results/tube_hard_negative_review_packet_thr060_top8/overviews/529a6584-8974-4cf9-b7f7-f66d49cd3845_f00098_overview.jpg,results/tube_hard_negative_review_packet_thr060_top8/crops/529a6584-8974-4cf9-b7f7-f66d49cd3845_f00098_crops.jpg,,
529a6584-8974-4cf9-b7f7-f66d49cd3845,98,active_mine_high_score,4,"[132, 102, 5, 5]",34.181639,31.632747,2.548892,map,learned_score=0.951; selected_rank=1; source=map; label whether this high-score candidate is target or clutter,results/tube_hard_negative_review_packet_thr060_top8/overviews/529a6584-8974-4cf9-b7f7-f66d49cd3845_f00098_overview.jpg,results/tube_hard_negative_review_packet_thr060_top8/crops/529a6584-8974-4cf9-b7f7-f66d49cd3845_f00098_crops.jpg,,
529a6584-8974-4cf9-b7f7-f66d49cd3845,98,active_mine_high_score,5,"[120, 102, 5, 5]",30.157411,27.524479,2.632933,map,learned_score=0.951; selected_rank=1; source=map; label whether this high-score candidate is target or clutter,results/tube_hard_negative_review_packet_thr060_top8/overviews/529a6584-8974-4cf9-b7f7-f66d49cd3845_f00098_overview.jpg,results/tube_hard_negative_review_packet_thr060_top8/crops/529a6584-8974-4cf9-b7f7-f66d49cd3845_f00098_crops.jpg,,
529a6584-8974-4cf9-b7f7-f66d49cd3845,98,active_mine_high_score,6,"[237, 57, 12, 12]",15.375579,11.948844,3.426735,map,learned_score=0.951; selected_rank=1; source=map; label whether this high-score candidate is target or clutter,results/tube_hard_negative_review_packet_thr060_top8/overviews/529a6584-8974-4cf9-b7f7-f66d49cd3845_f00098_overview.jpg,results/tube_hard_negative_review_packet_thr060_top8/crops/529a6584-8974-4cf9-b7f7-f66d49cd3845_f00098_crops.jpg,,
529a6584-8974-4cf9-b7f7-f66d49cd3845,98,active_mine_high_score,7,"[90, 157, 12, 12]",9.793503,8.436249,1.357254,map,learned_score=0.951; selected_rank=1; source=map; label whether this high-score candidate is target or clutter,results/tube_hard_negative_review_packet_thr060_top8/overviews/529a6584-8974-4cf9-b7f7-f66d49cd3845_f00098_overview.jpg,results/tube_hard_negative_review_packet_thr060_top8/crops/529a6584-8974-4cf9-b7f7-f66d49cd3845_f00098_crops.jpg,,
529a6584-8974-4cf9-b7f7-f66d49cd3845,98,active_mine_high_score,8,"[240, 57, 12, 12]",9.682581,6.519621,3.16296,map,learned_score=0.951; selected_rank=1; source=map; label whether this high-score candidate is target or clutter,results/tube_hard_negative_review_packet_thr060_top8/overviews/529a6584-8974-4cf9-b7f7-f66d49cd3845_f00098_overview.jpg,results/tube_hard_negative_review_packet_thr060_top8/crops/529a6584-8974-4cf9-b7f7-f66d49cd3845_f00098_crops.jpg,,
7bd296cd-c800-4be9-ab0f-07e8d68cb648,518,active_mine_high_score,1,"[107, 98, 12, 12]",50.013704,47.088091,2.925612,map,learned_score=0.951; selected_rank=1; source=map; label whether this high-score candidate is target or clutter,results/tube_hard_negative_review_packet_thr060_top8/overviews/7bd296cd-c800-4be9-ab0f-07e8d68cb648_f00518_overview.jpg,results/tube_hard_negative_review_packet_thr060_top8/crops/7bd296cd-c800-4be9-ab0f-07e8d68cb648_f00518_crops.jpg,,
7bd296cd-c800-4be9-ab0f-07e8d68cb648,518,active_mine_high_score,2,"[100, 101, 12, 12]",39.686758,36.879994,2.806764,map,learned_score=0.951; selected_rank=1; source=map; label whether this high-score candidate is target or clutter,results/tube_hard_negative_review_packet_thr060_top8/overviews/7bd296cd-c800-4be9-ab0f-07e8d68cb648_f00518_overview.jpg,results/tube_hard_negative_review_packet_thr060_top8/crops/7bd296cd-c800-4be9-ab0f-07e8d68cb648_f00518_crops.jpg,,
7bd296cd-c800-4be9-ab0f-07e8d68cb648,518,active_mine_high_score,3,"[97, 101, 12, 12]",33.607003,31.001735,2.605268,map,learned_score=0.951; selected_rank=1; source=map; label whether this high-score candidate is target or clutter,results/tube_hard_negative_review_packet_thr060_top8/overviews/7bd296cd-c800-4be9-ab0f-07e8d68cb648_f00518_overview.jpg,results/tube_hard_negative_review_packet_thr060_top8/crops/7bd296cd-c800-4be9-ab0f-07e8d68cb648_f00518_crops.jpg,,
7bd296cd-c800-4be9-ab0f-07e8d68cb648,518,active_mine_high_score,5,"[198, 76, 12, 12]",25.481253,22.302588,3.178665,map,learned_score=0.951; selected_rank=1; source=map; label whether this high-score candidate is target or clutter,results/tube_hard_negative_review_packet_thr060_top8/overviews/7bd296cd-c800-4be9-ab0f-07e8d68cb648_f00518_overview.jpg,results/tube_hard_negative_review_packet_thr060_top8/crops/7bd296cd-c800-4be9-ab0f-07e8d68cb648_f00518_crops.jpg,,
7bd296cd-c800-4be9-ab0f-07e8d68cb648,518,active_mine_high_score,6,"[197, 79, 12, 12]",20.782354,17.716813,3.065541,map,learned_score=0.951; selected_rank=1; source=map; label whether this high-score candidate is target or clutter,results/tube_hard_negative_review_packet_thr060_top8/overviews/7bd296cd-c800-4be9-ab0f-07e8d68cb648_f00518_overview.jpg,results/tube_hard_negative_review_packet_thr060_top8/crops/7bd296cd-c800-4be9-ab0f-07e8d68cb648_f00518_crops.jpg,,
7bd296cd-c800-4be9-ab0f-07e8d68cb648,518,active_mine_high_score,7,"[38, 110, 12, 12]",18.036454,15.621355,2.415099,map,learned_score=0.951; selected_rank=1; source=map; label whether this high-score candidate is target or clutter,results/tube_hard_negative_review_packet_thr060_top8/overviews/7bd296cd-c800-4be9-ab0f-07e8d68cb648_f00518_overview.jpg,results/tube_hard_negative_review_packet_thr060_top8/crops/7bd296cd-c800-4be9-ab0f-07e8d68cb648_f00518_crops.jpg,,
529a6584-8974-4cf9-b7f7-f66d49cd3845,59,active_mine_high_score,1,"[154, 75, 12, 12]",53.033267,46.680146,6.35312,map,learned_score=0.950; selected_rank=2; source=map; label whether this high-score candidate is target or clutter,results/tube_hard_negative_review_packet_thr060_top8/overviews/529a6584-8974-4cf9-b7f7-f66d49cd3845_f00059_overview.jpg,results/tube_hard_negative_review_packet_thr060_top8/crops/529a6584-8974-4cf9-b7f7-f66d49cd3845_f00059_crops.jpg,,
529a6584-8974-4cf9-b7f7-f66d49cd3845,59,active_mine_high_score,2,"[156, 72, 12, 12]",49.409653,43.144185,6.265468,map,learned_score=0.950; selected_rank=2; source=map; label whether this high-score candidate is target or clutter,results/tube_hard_negative_review_packet_thr060_top8/overviews/529a6584-8974-4cf9-b7f7-f66d49cd3845_f00059_overview.jpg,results/tube_hard_negative_review_packet_thr060_top8/crops/529a6584-8974-4cf9-b7f7-f66d49cd3845_f00059_crops.jpg,,
529a6584-8974-4cf9-b7f7-f66d49cd3845,59,active_mine_high_score,3,"[148, 78, 5, 5]",26.613273,22.45226,4.161013,map,learned_score=0.950; selected_rank=2; source=map; label whether this high-score candidate is target or clutter,results/tube_hard_negative_review_packet_thr060_top8/overviews/529a6584-8974-4cf9-b7f7-f66d49cd3845_f00059_overview.jpg,results/tube_hard_negative_review_packet_thr060_top8/crops/529a6584-8974-4cf9-b7f7-f66d49cd3845_f00059_crops.jpg,,
529a6584-8974-4cf9-b7f7-f66d49cd3845,59,active_mine_high_score,5,"[185, 116, 3, 4]",9.883019,8.333911,1.549108,appearance,learned_score=0.950; selected_rank=2; source=map; label whether this high-score candidate is target or clutter,results/tube_hard_negative_review_packet_thr060_top8/overviews/529a6584-8974-4cf9-b7f7-f66d49cd3845_f00059_overview.jpg,results/tube_hard_negative_review_packet_thr060_top8/crops/529a6584-8974-4cf9-b7f7-f66d49cd3845_f00059_crops.jpg,,
529a6584-8974-4cf9-b7f7-f66d49cd3845,59,active_mine_high_score,6,"[178, 114, 5, 5]",8.463549,6.617044,1.846505,map,learned_score=0.950; selected_rank=2; source=map; label whether this high-score candidate is target or clutter,results/tube_hard_negative_review_packet_thr060_top8/overviews/529a6584-8974-4cf9-b7f7-f66d49cd3845_f00059_overview.jpg,results/tube_hard_negative_review_packet_thr060_top8/crops/529a6584-8974-4cf9-b7f7-f66d49cd3845_f00059_crops.jpg,,
529a6584-8974-4cf9-b7f7-f66d49cd3845,59,active_mine_high_score,7,"[181, 117, 7, 7]",7.490445,5.701232,1.789213,map,learned_score=0.950; selected_rank=2; source=map; label whether this high-score candidate is target or clutter,results/tube_hard_negative_review_packet_thr060_top8/overviews/529a6584-8974-4cf9-b7f7-f66d49cd3845_f00059_overview.jpg,results/tube_hard_negative_review_packet_thr060_top8/crops/529a6584-8974-4cf9-b7f7-f66d49cd3845_f00059_crops.jpg,,
b96cec7a-3912-46b7-9014-dc3c632ffa12,273,active_mine_high_score,1,"[104, 98, 12, 12]",46.461671,43.65989,2.801781,map,learned_score=0.950; selected_rank=1; source=map; label whether this high-score candidate is target or clutter,results/tube_hard_negative_review_packet_thr060_top8/overviews/b96cec7a-3912-46b7-9014-dc3c632ffa12_f00273_overview.jpg,results/tube_hard_negative_review_packet_thr060_top8/crops/b96cec7a-3912-46b7-9014-dc3c632ffa12_f00273_crops.jpg,,
b96cec7a-3912-46b7-9014-dc3c632ffa12,273,active_mine_high_score,2,"[110, 106, 3, 3]",38.633435,35.764996,2.868439,map,learned_score=0.950; selected_rank=1; source=map; label whether this high-score candidate is target or clutter,results/tube_hard_negative_review_packet_thr060_top8/overviews/b96cec7a-3912-46b7-9014-dc3c632ffa12_f00273_overview.jpg,results/tube_hard_negative_review_packet_thr060_top8/crops/b96cec7a-3912-46b7-9014-dc3c632ffa12_f00273_crops.jpg,,
b96cec7a-3912-46b7-9014-dc3c632ffa12,273,active_mine_high_score,3,"[97, 102, 12, 12]",36.572178,33.876856,2.695322,map,learned_score=0.950; selected_rank=1; source=map; label whether this high-score candidate is target or clutter,results/tube_hard_negative_review_packet_thr060_top8/overviews/b96cec7a-3912-46b7-9014-dc3c632ffa12_f00273_overview.jpg,results/tube_hard_negative_review_packet_thr060_top8/crops/b96cec7a-3912-46b7-9014-dc3c632ffa12_f00273_crops.jpg,,
b96cec7a-3912-46b7-9014-dc3c632ffa12,273,active_mine_high_score,4,"[190, 77, 12, 12]",25.24288,21.586877,3.656004,map,learned_score=0.950; selected_rank=1; source=map; label whether this high-score candidate is target or clutter,results/tube_hard_negative_review_packet_thr060_top8/overviews/b96cec7a-3912-46b7-9014-dc3c632ffa12_f00273_overview.jpg,results/tube_hard_negative_review_packet_thr060_top8/crops/b96cec7a-3912-46b7-9014-dc3c632ffa12_f00273_crops.jpg,,
b96cec7a-3912-46b7-9014-dc3c632ffa12,273,active_mine_high_score,5,"[30, 113, 12, 12]",19.15966,16.801001,2.358659,map,learned_score=0.950; selected_rank=1; source=map; label whether this high-score candidate is target or clutter,results/tube_hard_negative_review_packet_thr060_top8/overviews/b96cec7a-3912-46b7-9014-dc3c632ffa12_f00273_overview.jpg,results/tube_hard_negative_review_packet_thr060_top8/crops/b96cec7a-3912-46b7-9014-dc3c632ffa12_f00273_crops.jpg,,
b96cec7a-3912-46b7-9014-dc3c632ffa12,273,active_mine_high_score,6,"[194, 81, 5, 17]",16.376388,12.891745,3.484643,motion,learned_score=0.950; selected_rank=1; source=map; label whether this high-score candidate is target or clutter,results/tube_hard_negative_review_packet_thr060_top8/overviews/b96cec7a-3912-46b7-9014-dc3c632ffa12_f00273_overview.jpg,results/tube_hard_negative_review_packet_thr060_top8/crops/b96cec7a-3912-46b7-9014-dc3c632ffa12_f00273_crops.jpg,,
b96cec7a-3912-46b7-9014-dc3c632ffa12,273,active_mine_high_score,8,"[157, 150, 3, 4]",5.152741,5.585378,-0.432637,appearance,learned_score=0.950; selected_rank=1; source=map; label whether this high-score candidate is target or clutter,results/tube_hard_negative_review_packet_thr060_top8/overviews/b96cec7a-3912-46b7-9014-dc3c632ffa12_f00273_overview.jpg,results/tube_hard_negative_review_packet_thr060_top8/crops/b96cec7a-3912-46b7-9014-dc3c632ffa12_f00273_crops.jpg,,
b96cec7a-3912-46b7-9014-dc3c632ffa12,203,active_mine_high_score,1,"[162, 75, 12, 12]",58.754082,52.462704,6.291377,map,learned_score=0.949; selected_rank=1; source=map; label whether this high-score candidate is target or clutter,results/tube_hard_negative_review_packet_thr060_top8/overviews/b96cec7a-3912-46b7-9014-dc3c632ffa12_f00203_overview.jpg,results/tube_hard_negative_review_packet_thr060_top8/crops/b96cec7a-3912-46b7-9014-dc3c632ffa12_f00203_crops.jpg,,
b96cec7a-3912-46b7-9014-dc3c632ffa12,203,active_mine_high_score,3,"[196, 114, 12, 12]",20.874356,17.558166,3.31619,map,learned_score=0.949; selected_rank=1; source=map; label whether this high-score candidate is target or clutter,results/tube_hard_negative_review_packet_thr060_top8/overviews/b96cec7a-3912-46b7-9014-dc3c632ffa12_f00203_overview.jpg,results/tube_hard_negative_review_packet_thr060_top8/crops/b96cec7a-3912-46b7-9014-dc3c632ffa12_f00203_crops.jpg,,
7bd296cd-c800-4be9-ab0f-07e8d68cb648,444,active_mine_high_score,1,"[171, 73, 12, 12]",58.795823,52.396326,6.399497,map,learned_score=0.946; selected_rank=2; source=map; label whether this high-score candidate is target or clutter,results/tube_hard_negative_review_packet_thr060_top8/overviews/7bd296cd-c800-4be9-ab0f-07e8d68cb648_f00444_overview.jpg,results/tube_hard_negative_review_packet_thr060_top8/crops/7bd296cd-c800-4be9-ab0f-07e8d68cb648_f00444_crops.jpg,,
7bd296cd-c800-4be9-ab0f-07e8d68cb648,444,active_mine_high_score,2,"[174, 71, 12, 12]",54.928479,48.62896,6.299518,map,learned_score=0.946; selected_rank=2; source=map; label whether this high-score candidate is target or clutter,results/tube_hard_negative_review_packet_thr060_top8/overviews/7bd296cd-c800-4be9-ab0f-07e8d68cb648_f00444_overview.jpg,results/tube_hard_negative_review_packet_thr060_top8/crops/7bd296cd-c800-4be9-ab0f-07e8d68cb648_f00444_crops.jpg,,
7bd296cd-c800-4be9-ab0f-07e8d68cb648,444,active_mine_high_score,4,"[234, 116, 4, 4]",12.111207,10.265939,1.845267,appearance,learned_score=0.946; selected_rank=2; source=map; label whether this high-score candidate is target or clutter,results/tube_hard_negative_review_packet_thr060_top8/overviews/7bd296cd-c800-4be9-ab0f-07e8d68cb648_f00444_overview.jpg,results/tube_hard_negative_review_packet_thr060_top8/crops/7bd296cd-c800-4be9-ab0f-07e8d68cb648_f00444_crops.jpg,,
7bd296cd-c800-4be9-ab0f-07e8d68cb648,444,active_mine_high_score,5,"[226, 114, 12, 12]",10.887815,8.74422,2.143595,map,learned_score=0.946; selected_rank=2; source=map; label whether this high-score candidate is target or clutter,results/tube_hard_negative_review_packet_thr060_top8/overviews/7bd296cd-c800-4be9-ab0f-07e8d68cb648_f00444_overview.jpg,results/tube_hard_negative_review_packet_thr060_top8/crops/7bd296cd-c800-4be9-ab0f-07e8d68cb648_f00444_crops.jpg,,
b96cec7a-3912-46b7-9014-dc3c632ffa12,248,active_mine_high_score,1,"[126, 99, 12, 12]",42.444252,39.858895,2.585357,map,learned_score=0.945; selected_rank=1; source=map; label whether this high-score candidate is target or clutter,results/tube_hard_negative_review_packet_thr060_top8/overviews/b96cec7a-3912-46b7-9014-dc3c632ffa12_f00248_overview.jpg,results/tube_hard_negative_review_packet_thr060_top8/crops/b96cec7a-3912-46b7-9014-dc3c632ffa12_f00248_crops.jpg,,
b96cec7a-3912-46b7-9014-dc3c632ffa12,248,active_mine_high_score,2,"[116, 99, 12, 12]",28.791708,26.265711,2.525998,map,learned_score=0.945; selected_rank=1; source=map; label whether this high-score candidate is target or clutter,results/tube_hard_negative_review_packet_thr060_top8/overviews/b96cec7a-3912-46b7-9014-dc3c632ffa12_f00248_overview.jpg,results/tube_hard_negative_review_packet_thr060_top8/crops/b96cec7a-3912-46b7-9014-dc3c632ffa12_f00248_crops.jpg,,
b96cec7a-3912-46b7-9014-dc3c632ffa12,248,active_mine_high_score,3,"[240, 60, 7, 7]",16.100621,13.078191,3.022431,map,learned_score=0.945; selected_rank=1; source=map; label whether this high-score candidate is target or clutter,results/tube_hard_negative_review_packet_thr060_top8/overviews/b96cec7a-3912-46b7-9014-dc3c632ffa12_f00248_overview.jpg,results/tube_hard_negative_review_packet_thr060_top8/crops/b96cec7a-3912-46b7-9014-dc3c632ffa12_f00248_crops.jpg,,
b96cec7a-3912-46b7-9014-dc3c632ffa12,248,active_mine_high_score,4,"[244, 56, 7, 7]",14.162519,11.480084,2.682435,map,learned_score=0.945; selected_rank=1; source=map; label whether this high-score candidate is target or clutter,results/tube_hard_negative_review_packet_thr060_top8/overviews/b96cec7a-3912-46b7-9014-dc3c632ffa12_f00248_overview.jpg,results/tube_hard_negative_review_packet_thr060_top8/crops/b96cec7a-3912-46b7-9014-dc3c632ffa12_f00248_crops.jpg,,
b96cec7a-3912-46b7-9014-dc3c632ffa12,248,active_mine_high_score,6,"[87, 133, 12, 12]",2.566813,-0.747272,3.314085,map,learned_score=0.945; selected_rank=1; source=map; label whether this high-score candidate is target or clutter,results/tube_hard_negative_review_packet_thr060_top8/overviews/b96cec7a-3912-46b7-9014-dc3c632ffa12_f00248_overview.jpg,results/tube_hard_negative_review_packet_thr060_top8/crops/b96cec7a-3912-46b7-9014-dc3c632ffa12_f00248_crops.jpg,,
b96cec7a-3912-46b7-9014-dc3c632ffa12,248,active_mine_high_score,8,"[92, 137, 5, 23]",2.14783,-0.755309,2.90314,motion,learned_score=0.945; selected_rank=1; source=map; label whether this high-score candidate is target or clutter,results/tube_hard_negative_review_packet_thr060_top8/overviews/b96cec7a-3912-46b7-9014-dc3c632ffa12_f00248_overview.jpg,results/tube_hard_negative_review_packet_thr060_top8/crops/b96cec7a-3912-46b7-9014-dc3c632ffa12_f00248_crops.jpg,,
7bd296cd-c800-4be9-ab0f-07e8d68cb648,493,active_mine_high_score,1,"[131, 98, 12, 12]",57.839107,52.885129,4.953978,map,learned_score=0.927; selected_rank=1; source=map; label whether this high-score candidate is target or clutter,results/tube_hard_negative_review_packet_thr060_top8/overviews/7bd296cd-c800-4be9-ab0f-07e8d68cb648_f00493_overview.jpg,results/tube_hard_negative_review_packet_thr060_top8/crops/7bd296cd-c800-4be9-ab0f-07e8d68cb648_f00493_crops.jpg,,
7bd296cd-c800-4be9-ab0f-07e8d68cb648,493,active_mine_high_score,2,"[128, 102, 7, 7]",52.058713,47.087371,4.971343,map,learned_score=0.927; selected_rank=1; source=map; label whether this high-score candidate is target or clutter,results/tube_hard_negative_review_packet_thr060_top8/overviews/7bd296cd-c800-4be9-ab0f-07e8d68cb648_f00493_overview.jpg,results/tube_hard_negative_review_packet_thr060_top8/crops/7bd296cd-c800-4be9-ab0f-07e8d68cb648_f00493_crops.jpg,,
7bd296cd-c800-4be9-ab0f-07e8d68cb648,493,active_mine_high_score,3,"[138, 103, 5, 5]",50.95692,46.206233,4.750687,map,learned_score=0.927; selected_rank=1; source=map; label whether this high-score candidate is target or clutter,results/tube_hard_negative_review_packet_thr060_top8/overviews/7bd296cd-c800-4be9-ab0f-07e8d68cb648_f00493_overview.jpg,results/tube_hard_negative_review_packet_thr060_top8/crops/7bd296cd-c800-4be9-ab0f-07e8d68cb648_f00493_crops.jpg,,
7bd296cd-c800-4be9-ab0f-07e8d68cb648,493,active_mine_high_score,4,"[129, 93, 12, 12]",46.94889,44.44049,2.5084,map,learned_score=0.927; selected_rank=1; source=map; label whether this high-score candidate is target or clutter,results/tube_hard_negative_review_packet_thr060_top8/overviews/7bd296cd-c800-4be9-ab0f-07e8d68cb648_f00493_overview.jpg,results/tube_hard_negative_review_packet_thr060_top8/crops/7bd296cd-c800-4be9-ab0f-07e8d68cb648_f00493_crops.jpg,,
7bd296cd-c800-4be9-ab0f-07e8d68cb648,493,active_mine_high_score,5,"[255, 66, 3, 3]",17.432884,14.620927,2.811957,appearance,learned_score=0.927; selected_rank=1; source=map; label whether this high-score candidate is target or clutter,results/tube_hard_negative_review_packet_thr060_top8/overviews/7bd296cd-c800-4be9-ab0f-07e8d68cb648_f00493_overview.jpg,results/tube_hard_negative_review_packet_thr060_top8/crops/7bd296cd-c800-4be9-ab0f-07e8d68cb648_f00493_crops.jpg,,
7bd296cd-c800-4be9-ab0f-07e8d68cb648,493,active_mine_high_score,6,"[251, 59, 12, 12]",15.887118,12.335253,3.551865,map,learned_score=0.927; selected_rank=1; source=map; label whether this high-score candidate is target or clutter,results/tube_hard_negative_review_packet_thr060_top8/overviews/7bd296cd-c800-4be9-ab0f-07e8d68cb648_f00493_overview.jpg,results/tube_hard_negative_review_packet_thr060_top8/crops/7bd296cd-c800-4be9-ab0f-07e8d68cb648_f00493_crops.jpg,,
7bd296cd-c800-4be9-ab0f-07e8d68cb648,493,active_mine_high_score,7,"[252, 63, 12, 12]",14.124547,10.679155,3.445393,map,learned_score=0.927; selected_rank=1; source=map; label whether this high-score candidate is target or clutter,results/tube_hard_negative_review_packet_thr060_top8/overviews/7bd296cd-c800-4be9-ab0f-07e8d68cb648_f00493_overview.jpg,results/tube_hard_negative_review_packet_thr060_top8/crops/7bd296cd-c800-4be9-ab0f-07e8d68cb648_f00493_crops.jpg,,
7bd296cd-c800-4be9-ab0f-07e8d68cb648,493,active_mine_high_score,8,"[105, 171, 5, 3]",3.994748,5.129068,-1.13432,appearance,learned_score=0.927; selected_rank=1; source=map; label whether this high-score candidate is target or clutter,results/tube_hard_negative_review_packet_thr060_top8/overviews/7bd296cd-c800-4be9-ab0f-07e8d68cb648_f00493_overview.jpg,results/tube_hard_negative_review_packet_thr060_top8/crops/7bd296cd-c800-4be9-ab0f-07e8d68cb648_f00493_crops.jpg,,
1c1258a1-d0f6-433e-9466-dbc1705fa263,280,active_mine_high_score,1,"[185, 140, 12, 12]",46.745884,43.917451,2.828433,map,learned_score=0.916; selected_rank=1; source=map; label whether this high-score candidate is target or clutter,results/tube_hard_negative_review_packet_thr060_top8/overviews/1c1258a1-d0f6-433e-9466-dbc1705fa263_f00280_overview.jpg,results/tube_hard_negative_review_packet_thr060_top8/crops/1c1258a1-d0f6-433e-9466-dbc1705fa263_f00280_crops.jpg,,
1c1258a1-d0f6-433e-9466-dbc1705fa263,280,active_mine_high_score,2,"[192, 144, 7, 7]",39.112481,36.486026,2.626456,map,learned_score=0.916; selected_rank=1; source=map; label whether this high-score candidate is target or clutter,results/tube_hard_negative_review_packet_thr060_top8/overviews/1c1258a1-d0f6-433e-9466-dbc1705fa263_f00280_overview.jpg,results/tube_hard_negative_review_packet_thr060_top8/crops/1c1258a1-d0f6-433e-9466-dbc1705fa263_f00280_crops.jpg,,
1c1258a1-d0f6-433e-9466-dbc1705fa263,50,active_mine_high_score,1,"[182, 75, 12, 12]",46.383126,42.024043,4.359083,map,learned_score=0.914; selected_rank=1; source=map; label whether this high-score candidate is target or clutter,results/tube_hard_negative_review_packet_thr060_top8/overviews/1c1258a1-d0f6-433e-9466-dbc1705fa263_f00050_overview.jpg,results/tube_hard_negative_review_packet_thr060_top8/crops/1c1258a1-d0f6-433e-9466-dbc1705fa263_f00050_crops.jpg,,
1c1258a1-d0f6-433e-9466-dbc1705fa263,50,active_mine_high_score,2,"[190, 86, 3, 2]",23.8676,21.987556,1.880044,motion,learned_score=0.914; selected_rank=1; source=map; label whether this high-score candidate is target or clutter,results/tube_hard_negative_review_packet_thr060_top8/overviews/1c1258a1-d0f6-433e-9466-dbc1705fa263_f00050_overview.jpg,results/tube_hard_negative_review_packet_thr060_top8/crops/1c1258a1-d0f6-433e-9466-dbc1705fa263_f00050_crops.jpg,,
e6a60298-989b-4c37-9b8f-79e0af4d62a0,2230,active_mine_high_score,1,"[185, 140, 12, 12]",47.189722,44.363948,2.825774,map,learned_score=0.913; selected_rank=1; source=map; label whether this high-score candidate is target or clutter,results/tube_hard_negative_review_packet_thr060_top8/overviews/e6a60298-989b-4c37-9b8f-79e0af4d62a0_f02230_overview.jpg,results/tube_hard_negative_review_packet_thr060_top8/crops/e6a60298-989b-4c37-9b8f-79e0af4d62a0_f02230_crops.jpg,,
e6a60298-989b-4c37-9b8f-79e0af4d62a0,2230,active_mine_high_score,2,"[192, 144, 7, 7]",39.574166,36.95267,2.621496,map,learned_score=0.913; selected_rank=1; source=map; label whether this high-score candidate is target or clutter,results/tube_hard_negative_review_packet_thr060_top8/overviews/e6a60298-989b-4c37-9b8f-79e0af4d62a0_f02230_overview.jpg,results/tube_hard_negative_review_packet_thr060_top8/crops/e6a60298-989b-4c37-9b8f-79e0af4d62a0_f02230_crops.jpg,,
e6a60298-989b-4c37-9b8f-79e0af4d62a0,2230,active_mine_high_score,3,"[284, 132, 3, 3]",4.138914,0.289253,3.849661,map,learned_score=0.913; selected_rank=1; source=map; label whether this high-score candidate is target or clutter,results/tube_hard_negative_review_packet_thr060_top8/overviews/e6a60298-989b-4c37-9b8f-79e0af4d62a0_f02230_overview.jpg,results/tube_hard_negative_review_packet_thr060_top8/crops/e6a60298-989b-4c37-9b8f-79e0af4d62a0_f02230_crops.jpg,,
e6a60298-989b-4c37-9b8f-79e0af4d62a0,2230,active_mine_high_score,6,"[278, 124, 3, 3]",2.963208,-0.804323,3.767531,map,learned_score=0.913; selected_rank=1; source=map; label whether this high-score candidate is target or clutter,results/tube_hard_negative_review_packet_thr060_top8/overviews/e6a60298-989b-4c37-9b8f-79e0af4d62a0_f02230_overview.jpg,results/tube_hard_negative_review_packet_thr060_top8/crops/e6a60298-989b-4c37-9b8f-79e0af4d62a0_f02230_crops.jpg,,
1c1258a1-d0f6-433e-9466-dbc1705fa263,90,active_mine_high_score,1,"[134, 68, 12, 12]",52.20913,47.672238,4.536891,map,learned_score=0.909; selected_rank=1; source=map; label whether this high-score candidate is target or clutter,results/tube_hard_negative_review_packet_thr060_top8/overviews/1c1258a1-d0f6-433e-9466-dbc1705fa263_f00090_overview.jpg,results/tube_hard_negative_review_packet_thr060_top8/crops/1c1258a1-d0f6-433e-9466-dbc1705fa263_f00090_crops.jpg,,
1c1258a1-d0f6-433e-9466-dbc1705fa263,90,active_mine_high_score,2,"[142, 72, 7, 7]",40.413276,38.28587,2.127406,map,learned_score=0.909; selected_rank=1; source=map; label whether this high-score candidate is target or clutter,results/tube_hard_negative_review_packet_thr060_top8/overviews/1c1258a1-d0f6-433e-9466-dbc1705fa263_f00090_overview.jpg,results/tube_hard_negative_review_packet_thr060_top8/crops/1c1258a1-d0f6-433e-9466-dbc1705fa263_f00090_crops.jpg,,
1c1258a1-d0f6-433e-9466-dbc1705fa263,90,active_mine_high_score,3,"[132, 76, 3, 3]",39.766606,35.156917,4.609689,map,learned_score=0.909; selected_rank=1; source=map; label whether this high-score candidate is target or clutter,results/tube_hard_negative_review_packet_thr060_top8/overviews/1c1258a1-d0f6-433e-9466-dbc1705fa263_f00090_overview.jpg,results/tube_hard_negative_review_packet_thr060_top8/crops/1c1258a1-d0f6-433e-9466-dbc1705fa263_f00090_crops.jpg,,
1c1258a1-d0f6-433e-9466-dbc1705fa263,90,active_mine_high_score,4,"[134, 68, 3, 3]",39.714783,35.066144,4.648639,map,learned_score=0.909; selected_rank=1; source=map; label whether this high-score candidate is target or clutter,results/tube_hard_negative_review_packet_thr060_top8/overviews/1c1258a1-d0f6-433e-9466-dbc1705fa263_f00090_overview.jpg,results/tube_hard_negative_review_packet_thr060_top8/crops/1c1258a1-d0f6-433e-9466-dbc1705fa263_f00090_crops.jpg,,
1c1258a1-d0f6-433e-9466-dbc1705fa263,90,active_mine_high_score,7,"[30, 216, 3, 3]",5.189958,1.449993,3.739965,map,learned_score=0.909; selected_rank=1; source=map; label whether this high-score candidate is target or clutter,results/tube_hard_negative_review_packet_thr060_top8/overviews/1c1258a1-d0f6-433e-9466-dbc1705fa263_f00090_overview.jpg,results/tube_hard_negative_review_packet_thr060_top8/crops/1c1258a1-d0f6-433e-9466-dbc1705fa263_f00090_crops.jpg,,
1c1258a1-d0f6-433e-9466-dbc1705fa263,90,active_mine_high_score,8,"[16, 210, 3, 3]",4.667797,1.22096,3.446837,map,learned_score=0.909; selected_rank=1; source=map; label whether this high-score candidate is target or clutter,results/tube_hard_negative_review_packet_thr060_top8/overviews/1c1258a1-d0f6-433e-9466-dbc1705fa263_f00090_overview.jpg,results/tube_hard_negative_review_packet_thr060_top8/crops/1c1258a1-d0f6-433e-9466-dbc1705fa263_f00090_crops.jpg,,
e6a60298-989b-4c37-9b8f-79e0af4d62a0,2040,active_mine_high_score,1,"[134, 68, 12, 12]",51.489772,46.93361,4.556162,map,learned_score=0.908; selected_rank=1; source=map; label whether this high-score candidate is target or clutter,results/tube_hard_negative_review_packet_thr060_top8/overviews/e6a60298-989b-4c37-9b8f-79e0af4d62a0_f02040_overview.jpg,results/tube_hard_negative_review_packet_thr060_top8/crops/e6a60298-989b-4c37-9b8f-79e0af4d62a0_f02040_crops.jpg,,
e6a60298-989b-4c37-9b8f-79e0af4d62a0,2040,active_mine_high_score,2,"[142, 72, 7, 7]",39.65357,37.507194,2.146376,map,learned_score=0.908; selected_rank=1; source=map; label whether this high-score candidate is target or clutter,results/tube_hard_negative_review_packet_thr060_top8/overviews/e6a60298-989b-4c37-9b8f-79e0af4d62a0_f02040_overview.jpg,results/tube_hard_negative_review_packet_thr060_top8/crops/e6a60298-989b-4c37-9b8f-79e0af4d62a0_f02040_crops.jpg,,
e6a60298-989b-4c37-9b8f-79e0af4d62a0,2040,active_mine_high_score,3,"[132, 76, 3, 3]",38.901789,34.3049,4.596889,map,learned_score=0.908; selected_rank=1; source=map; label whether this high-score candidate is target or clutter,results/tube_hard_negative_review_packet_thr060_top8/overviews/e6a60298-989b-4c37-9b8f-79e0af4d62a0_f02040_overview.jpg,results/tube_hard_negative_review_packet_thr060_top8/crops/e6a60298-989b-4c37-9b8f-79e0af4d62a0_f02040_crops.jpg,,
e6a60298-989b-4c37-9b8f-79e0af4d62a0,2040,active_mine_high_score,4,"[134, 68, 3, 3]",35.871226,31.236537,4.634689,map,learned_score=0.908; selected_rank=1; source=map; label whether this high-score candidate is target or clutter,results/tube_hard_negative_review_packet_thr060_top8/overviews/e6a60298-989b-4c37-9b8f-79e0af4d62a0_f02040_overview.jpg,results/tube_hard_negative_review_packet_thr060_top8/crops/e6a60298-989b-4c37-9b8f-79e0af4d62a0_f02040_crops.jpg,,
e6a60298-989b-4c37-9b8f-79e0af4d62a0,2040,active_mine_high_score,7,"[30, 216, 3, 3]",6.715795,3.180357,3.535438,map,learned_score=0.908; selected_rank=1; source=map; label whether this high-score candidate is target or clutter,results/tube_hard_negative_review_packet_thr060_top8/overviews/e6a60298-989b-4c37-9b8f-79e0af4d62a0_f02040_overview.jpg,results/tube_hard_negative_review_packet_thr060_top8/crops/e6a60298-989b-4c37-9b8f-79e0af4d62a0_f02040_crops.jpg,,
e6a60298-989b-4c37-9b8f-79e0af4d62a0,2040,active_mine_high_score,8,"[50, 226, 3, 3]",4.999627,1.342767,3.65686,map,learned_score=0.908; selected_rank=1; source=map; label whether this high-score candidate is target or clutter,results/tube_hard_negative_review_packet_thr060_top8/overviews/e6a60298-989b-4c37-9b8f-79e0af4d62a0_f02040_overview.jpg,results/tube_hard_negative_review_packet_thr060_top8/crops/e6a60298-989b-4c37-9b8f-79e0af4d62a0_f02040_crops.jpg,,
e6a60298-989b-4c37-9b8f-79e0af4d62a0,1999,active_mine_high_score,1,"[184, 79, 10, 7]",47.898813,43.484302,4.414511,appearance,learned_score=0.903; selected_rank=2; source=map; label whether this high-score candidate is target or clutter,results/tube_hard_negative_review_packet_thr060_top8/overviews/e6a60298-989b-4c37-9b8f-79e0af4d62a0_f01999_overview.jpg,results/tube_hard_negative_review_packet_thr060_top8/crops/e6a60298-989b-4c37-9b8f-79e0af4d62a0_f01999_crops.jpg,,
e6a60298-989b-4c37-9b8f-79e0af4d62a0,1999,active_mine_high_score,2,"[180, 76, 12, 12]",45.728355,40.977468,4.750887,map,learned_score=0.903; selected_rank=2; source=map; label whether this high-score candidate is target or clutter,results/tube_hard_negative_review_packet_thr060_top8/overviews/e6a60298-989b-4c37-9b8f-79e0af4d62a0_f01999_overview.jpg,results/tube_hard_negative_review_packet_thr060_top8/crops/e6a60298-989b-4c37-9b8f-79e0af4d62a0_f01999_crops.jpg,,
e6a60298-989b-4c37-9b8f-79e0af4d62a0,1999,active_mine_high_score,3,"[9, 44, 3, 3]",10.176503,6.216505,3.959997,map,learned_score=0.903; selected_rank=2; source=map; label whether this high-score candidate is target or clutter,results/tube_hard_negative_review_packet_thr060_top8/overviews/e6a60298-989b-4c37-9b8f-79e0af4d62a0_f01999_overview.jpg,results/tube_hard_negative_review_packet_thr060_top8/crops/e6a60298-989b-4c37-9b8f-79e0af4d62a0_f01999_crops.jpg,,
7bd296cd-c800-4be9-ab0f-07e8d68cb648,553,active_mine_high_score,1,"[95, 106, 12, 12]",33.293604,30.565422,2.728183,map,learned_score=0.894; selected_rank=1; source=map; label whether this high-score candidate is target or clutter,results/tube_hard_negative_review_packet_thr060_top8/overviews/7bd296cd-c800-4be9-ab0f-07e8d68cb648_f00553_overview.jpg,results/tube_hard_negative_review_packet_thr060_top8/crops/7bd296cd-c800-4be9-ab0f-07e8d68cb648_f00553_crops.jpg,,
7bd296cd-c800-4be9-ab0f-07e8d68cb648,553,active_mine_high_score,2,"[92, 108, 3, 3]",18.672934,16.044387,2.628546,map,learned_score=0.894; selected_rank=1; source=map; label whether this high-score candidate is target or clutter,results/tube_hard_negative_review_packet_thr060_top8/overviews/7bd296cd-c800-4be9-ab0f-07e8d68cb648_f00553_overview.jpg,results/tube_hard_negative_review_packet_thr060_top8/crops/7bd296cd-c800-4be9-ab0f-07e8d68cb648_f00553_crops.jpg,,
7bd296cd-c800-4be9-ab0f-07e8d68cb648,553,active_mine_high_score,3,"[116, 166, 3, 3]",6.518105,3.043955,3.47415,map,learned_score=0.894; selected_rank=1; source=map; label whether this high-score candidate is target or clutter,results/tube_hard_negative_review_packet_thr060_top8/overviews/7bd296cd-c800-4be9-ab0f-07e8d68cb648_f00553_overview.jpg,results/tube_hard_negative_review_packet_thr060_top8/crops/7bd296cd-c800-4be9-ab0f-07e8d68cb648_f00553_crops.jpg,,
7bd296cd-c800-4be9-ab0f-07e8d68cb648,553,active_mine_high_score,4,"[139, 152, 4, 5]",6.289914,6.160104,0.129811,appearance,learned_score=0.894; selected_rank=1; source=map; label whether this high-score candidate is target or clutter,results/tube_hard_negative_review_packet_thr060_top8/overviews/7bd296cd-c800-4be9-ab0f-07e8d68cb648_f00553_overview.jpg,results/tube_hard_negative_review_packet_thr060_top8/crops/7bd296cd-c800-4be9-ab0f-07e8d68cb648_f00553_crops.jpg,,
7bd296cd-c800-4be9-ab0f-07e8d68cb648,553,active_mine_high_score,7,"[302, 62, 3, 3]",3.968335,0.619755,3.348579,map,learned_score=0.894; selected_rank=1; source=map; label whether this high-score candidate is target or clutter,results/tube_hard_negative_review_packet_thr060_top8/overviews/7bd296cd-c800-4be9-ab0f-07e8d68cb648_f00553_overview.jpg,results/tube_hard_negative_review_packet_thr060_top8/crops/7bd296cd-c800-4be9-ab0f-07e8d68cb648_f00553_crops.jpg,,
529a6584-8974-4cf9-b7f7-f66d49cd3845,148,active_mine_high_score,1,"[96, 106, 12, 12]",39.105474,36.153709,2.951765,map,learned_score=0.888; selected_rank=1; source=map; label whether this high-score candidate is target or clutter,results/tube_hard_negative_review_packet_thr060_top8/overviews/529a6584-8974-4cf9-b7f7-f66d49cd3845_f00148_overview.jpg,results/tube_hard_negative_review_packet_thr060_top8/crops/529a6584-8974-4cf9-b7f7-f66d49cd3845_f00148_crops.jpg,,
529a6584-8974-4cf9-b7f7-f66d49cd3845,148,active_mine_high_score,2,"[92, 108, 7, 7]",31.350433,28.570918,2.779515,map,learned_score=0.888; selected_rank=1; source=map; label whether this high-score candidate is target or clutter,results/tube_hard_negative_review_packet_thr060_top8/overviews/529a6584-8974-4cf9-b7f7-f66d49cd3845_f00148_overview.jpg,results/tube_hard_negative_review_packet_thr060_top8/crops/529a6584-8974-4cf9-b7f7-f66d49cd3845_f00148_crops.jpg,,
529a6584-8974-4cf9-b7f7-f66d49cd3845,148,active_mine_high_score,3,"[98, 104, 7, 7]",30.462819,27.611688,2.851131,map,learned_score=0.888; selected_rank=1; source=map; label whether this high-score candidate is target or clutter,results/tube_hard_negative_review_packet_thr060_top8/overviews/529a6584-8974-4cf9-b7f7-f66d49cd3845_f00148_overview.jpg,results/tube_hard_negative_review_packet_thr060_top8/crops/529a6584-8974-4cf9-b7f7-f66d49cd3845_f00148_crops.jpg,,
529a6584-8974-4cf9-b7f7-f66d49cd3845,148,active_mine_high_score,4,"[162, 86, 12, 12]",23.810273,20.225245,3.585028,map,learned_score=0.888; selected_rank=1; source=map; label whether this high-score candidate is target or clutter,results/tube_hard_negative_review_packet_thr060_top8/overviews/529a6584-8974-4cf9-b7f7-f66d49cd3845_f00148_overview.jpg,results/tube_hard_negative_review_packet_thr060_top8/crops/529a6584-8974-4cf9-b7f7-f66d49cd3845_f00148_crops.jpg,,
529a6584-8974-4cf9-b7f7-f66d49cd3845,148,active_mine_high_score,5,"[106, 109, 7, 7]",23.497435,20.797704,2.699731,map,learned_score=0.888; selected_rank=1; source=map; label whether this high-score candidate is target or clutter,results/tube_hard_negative_review_packet_thr060_top8/overviews/529a6584-8974-4cf9-b7f7-f66d49cd3845_f00148_overview.jpg,results/tube_hard_negative_review_packet_thr060_top8/crops/529a6584-8974-4cf9-b7f7-f66d49cd3845_f00148_crops.jpg,,
529a6584-8974-4cf9-b7f7-f66d49cd3845,148,active_mine_high_score,6,"[165, 85, 12, 12]",17.251792,13.845269,3.406522,map,learned_score=0.888; selected_rank=1; source=map; label whether this high-score candidate is target or clutter,results/tube_hard_negative_review_packet_thr060_top8/overviews/529a6584-8974-4cf9-b7f7-f66d49cd3845_f00148_overview.jpg,results/tube_hard_negative_review_packet_thr060_top8/crops/529a6584-8974-4cf9-b7f7-f66d49cd3845_f00148_crops.jpg,,
1c1258a1-d0f6-433e-9466-dbc1705fa263,305,active_mine_high_score,1,"[188, 128, 12, 12]",37.609028,31.12839,6.480638,map,learned_score=0.860; selected_rank=1; source=map; label whether this high-score candidate is target or clutter,results/tube_hard_negative_review_packet_thr060_top8/overviews/1c1258a1-d0f6-433e-9466-dbc1705fa263_f00305_overview.jpg,results/tube_hard_negative_review_packet_thr060_top8/crops/1c1258a1-d0f6-433e-9466-dbc1705fa263_f00305_crops.jpg,,
1c1258a1-d0f6-433e-9466-dbc1705fa263,305,active_mine_high_score,2,"[192, 128, 3, 3]",32.318234,27.986828,4.331406,map,learned_score=0.860; selected_rank=1; source=map; label whether this high-score candidate is target or clutter,results/tube_hard_negative_review_packet_thr060_top8/overviews/1c1258a1-d0f6-433e-9466-dbc1705fa263_f00305_overview.jpg,results/tube_hard_negative_review_packet_thr060_top8/crops/1c1258a1-d0f6-433e-9466-dbc1705fa263_f00305_crops.jpg,,
1c1258a1-d0f6-433e-9466-dbc1705fa263,305,active_mine_high_score,3,"[192, 126, 12, 12]",29.570116,25.278977,4.29114,map,learned_score=0.860; selected_rank=1; source=map; label whether this high-score candidate is target or clutter,results/tube_hard_negative_review_packet_thr060_top8/overviews/1c1258a1-d0f6-433e-9466-dbc1705fa263_f00305_overview.jpg,results/tube_hard_negative_review_packet_thr060_top8/crops/1c1258a1-d0f6-433e-9466-dbc1705fa263_f00305_crops.jpg,,
1c1258a1-d0f6-433e-9466-dbc1705fa263,305,active_mine_high_score,5,"[186, 134, 3, 3]",23.645626,19.347557,4.298069,map,learned_score=0.860; selected_rank=1; source=map; label whether this high-score candidate is target or clutter,results/tube_hard_negative_review_packet_thr060_top8/overviews/1c1258a1-d0f6-433e-9466-dbc1705fa263_f00305_overview.jpg,results/tube_hard_negative_review_packet_thr060_top8/crops/1c1258a1-d0f6-433e-9466-dbc1705fa263_f00305_crops.jpg,,
1c1258a1-d0f6-433e-9466-dbc1705fa263,305,active_mine_high_score,7,"[202, 122, 3, 3]",17.077034,12.729104,4.34793,map,learned_score=0.860; selected_rank=1; source=map; label whether this high-score candidate is target or clutter,results/tube_hard_negative_review_packet_thr060_top8/overviews/1c1258a1-d0f6-433e-9466-dbc1705fa263_f00305_overview.jpg,results/tube_hard_negative_review_packet_thr060_top8/crops/1c1258a1-d0f6-433e-9466-dbc1705fa263_f00305_crops.jpg,,
1c1258a1-d0f6-433e-9466-dbc1705fa263,305,active_mine_high_score,8,"[212, 134, 3, 3]",14.546632,10.635436,3.911196,map,learned_score=0.860; selected_rank=1; source=map; label whether this high-score candidate is target or clutter,results/tube_hard_negative_review_packet_thr060_top8/overviews/1c1258a1-d0f6-433e-9466-dbc1705fa263_f00305_overview.jpg,results/tube_hard_negative_review_packet_thr060_top8/crops/1c1258a1-d0f6-433e-9466-dbc1705fa263_f00305_crops.jpg,,
e6a60298-989b-4c37-9b8f-79e0af4d62a0,48,active_mine_high_score,1,"[156, 29, 12, 12]",39.812331,33.80637,6.005961,map,learned_score=0.848; selected_rank=1; source=map; label whether this high-score candidate is target or clutter,results/tube_hard_negative_review_packet_thr060_top8/overviews/e6a60298-989b-4c37-9b8f-79e0af4d62a0_f00048_overview.jpg,results/tube_hard_negative_review_packet_thr060_top8/crops/e6a60298-989b-4c37-9b8f-79e0af4d62a0_f00048_crops.jpg,,
e6a60298-989b-4c37-9b8f-79e0af4d62a0,48,active_mine_high_score,2,"[158, 28, 5, 5]",28.956852,25.210747,3.746106,map,learned_score=0.848; selected_rank=1; source=map; label whether this high-score candidate is target or clutter,results/tube_hard_negative_review_packet_thr060_top8/overviews/e6a60298-989b-4c37-9b8f-79e0af4d62a0_f00048_overview.jpg,results/tube_hard_negative_review_packet_thr060_top8/crops/e6a60298-989b-4c37-9b8f-79e0af4d62a0_f00048_crops.jpg,,
e6a60298-989b-4c37-9b8f-79e0af4d62a0,48,active_mine_high_score,3,"[148, 27, 12, 12]",25.898742,22.11576,3.782982,map,learned_score=0.848; selected_rank=1; source=map; label whether this high-score candidate is target or clutter,results/tube_hard_negative_review_packet_thr060_top8/overviews/e6a60298-989b-4c37-9b8f-79e0af4d62a0_f00048_overview.jpg,results/tube_hard_negative_review_packet_thr060_top8/crops/e6a60298-989b-4c37-9b8f-79e0af4d62a0_f00048_crops.jpg,,
e6a60298-989b-4c37-9b8f-79e0af4d62a0,350,active_mine_high_score,1,"[148, 127, 12, 12]",37.064272,32.274757,4.789515,map,learned_score=0.846; selected_rank=1; source=map; label whether this high-score candidate is target or clutter,results/tube_hard_negative_review_packet_thr060_top8/overviews/e6a60298-989b-4c37-9b8f-79e0af4d62a0_f00350_overview.jpg,results/tube_hard_negative_review_packet_thr060_top8/crops/e6a60298-989b-4c37-9b8f-79e0af4d62a0_f00350_crops.jpg,,
e6a60298-989b-4c37-9b8f-79e0af4d62a0,350,active_mine_high_score,2,"[156, 132, 3, 3]",29.110835,26.417837,2.692998,map,learned_score=0.846; selected_rank=1; source=map; label whether this high-score candidate is target or clutter,results/tube_hard_negative_review_packet_thr060_top8/overviews/e6a60298-989b-4c37-9b8f-79e0af4d62a0_f00350_overview.jpg,results/tube_hard_negative_review_packet_thr060_top8/crops/e6a60298-989b-4c37-9b8f-79e0af4d62a0_f00350_crops.jpg,,
e6a60298-989b-4c37-9b8f-79e0af4d62a0,350,active_mine_high_score,4,"[140, 138, 3, 3]",11.499138,8.80891,2.690228,map,learned_score=0.846; selected_rank=1; source=map; label whether this high-score candidate is target or clutter,results/tube_hard_negative_review_packet_thr060_top8/overviews/e6a60298-989b-4c37-9b8f-79e0af4d62a0_f00350_overview.jpg,results/tube_hard_negative_review_packet_thr060_top8/crops/e6a60298-989b-4c37-9b8f-79e0af4d62a0_f00350_crops.jpg,,
59e41a0c-f704-4589-96db-d7c283d33717,48,active_mine_high_score,1,"[156, 29, 12, 12]",37.074081,32.740523,4.333558,map,learned_score=0.836; selected_rank=1; source=map; label whether this high-score candidate is target or clutter,results/tube_hard_negative_review_packet_thr060_top8/overviews/59e41a0c-f704-4589-96db-d7c283d33717_f00048_overview.jpg,results/tube_hard_negative_review_packet_thr060_top8/crops/59e41a0c-f704-4589-96db-d7c283d33717_f00048_crops.jpg,,
59e41a0c-f704-4589-96db-d7c283d33717,48,active_mine_high_score,2,"[159, 28, 5, 5]",28.691054,24.569764,4.12129,map,learned_score=0.836; selected_rank=1; source=map; label whether this high-score candidate is target or clutter,results/tube_hard_negative_review_packet_thr060_top8/overviews/59e41a0c-f704-4589-96db-d7c283d33717_f00048_overview.jpg,results/tube_hard_negative_review_packet_thr060_top8/crops/59e41a0c-f704-4589-96db-d7c283d33717_f00048_crops.jpg,,
59e41a0c-f704-4589-96db-d7c283d33717,48,active_mine_high_score,3,"[147, 28, 12, 12]",22.133536,18.025569,4.107967,map,learned_score=0.836; selected_rank=1; source=map; label whether this high-score candidate is target or clutter,results/tube_hard_negative_review_packet_thr060_top8/overviews/59e41a0c-f704-4589-96db-d7c283d33717_f00048_overview.jpg,results/tube_hard_negative_review_packet_thr060_top8/crops/59e41a0c-f704-4589-96db-d7c283d33717_f00048_crops.jpg,,
b96cec7a-3912-46b7-9014-dc3c632ffa12,298,active_mine_high_score,1,"[96, 110, 7, 7]",30.782656,27.839052,2.943604,map,learned_score=0.823; selected_rank=3; source=map; label whether this high-score candidate is target or clutter,results/tube_hard_negative_review_packet_thr060_top8/overviews/b96cec7a-3912-46b7-9014-dc3c632ffa12_f00298_overview.jpg,results/tube_hard_negative_review_packet_thr060_top8/crops/b96cec7a-3912-46b7-9014-dc3c632ffa12_f00298_crops.jpg,,
b96cec7a-3912-46b7-9014-dc3c632ffa12,298,active_mine_high_score,2,"[104, 110, 5, 5]",30.702167,27.764662,2.937505,map,learned_score=0.823; selected_rank=3; source=map; label whether this high-score candidate is target or clutter,results/tube_hard_negative_review_packet_thr060_top8/overviews/b96cec7a-3912-46b7-9014-dc3c632ffa12_f00298_overview.jpg,results/tube_hard_negative_review_packet_thr060_top8/crops/b96cec7a-3912-46b7-9014-dc3c632ffa12_f00298_crops.jpg,,
b96cec7a-3912-46b7-9014-dc3c632ffa12,298,active_mine_high_score,3,"[96, 101, 12, 12]",28.801223,25.865551,2.935673,map,learned_score=0.823; selected_rank=3; source=map; label whether this high-score candidate is target or clutter,results/tube_hard_negative_review_packet_thr060_top8/overviews/b96cec7a-3912-46b7-9014-dc3c632ffa12_f00298_overview.jpg,results/tube_hard_negative_review_packet_thr060_top8/crops/b96cec7a-3912-46b7-9014-dc3c632ffa12_f00298_crops.jpg,,
b96cec7a-3912-46b7-9014-dc3c632ffa12,298,active_mine_high_score,4,"[97, 106, 12, 12]",27.744347,24.951612,2.792735,map,learned_score=0.823; selected_rank=3; source=map; label whether this high-score candidate is target or clutter,results/tube_hard_negative_review_packet_thr060_top8/overviews/b96cec7a-3912-46b7-9014-dc3c632ffa12_f00298_overview.jpg,results/tube_hard_negative_review_packet_thr060_top8/crops/b96cec7a-3912-46b7-9014-dc3c632ffa12_f00298_crops.jpg,,
b96cec7a-3912-46b7-9014-dc3c632ffa12,298,active_mine_high_score,5,"[92, 108, 3, 3]",27.110749,24.079841,3.030908,map,learned_score=0.823; selected_rank=3; source=map; label whether this high-score candidate is target or clutter,results/tube_hard_negative_review_packet_thr060_top8/overviews/b96cec7a-3912-46b7-9014-dc3c632ffa12_f00298_overview.jpg,results/tube_hard_negative_review_packet_thr060_top8/crops/b96cec7a-3912-46b7-9014-dc3c632ffa12_f00298_crops.jpg,,
b96cec7a-3912-46b7-9014-dc3c632ffa12,298,active_mine_high_score,6,"[94, 108, 5, 5]",26.454781,23.521869,2.932912,map,learned_score=0.823; selected_rank=3; source=map; label whether this high-score candidate is target or clutter,results/tube_hard_negative_review_packet_thr060_top8/overviews/b96cec7a-3912-46b7-9014-dc3c632ffa12_f00298_overview.jpg,results/tube_hard_negative_review_packet_thr060_top8/crops/b96cec7a-3912-46b7-9014-dc3c632ffa12_f00298_crops.jpg,,
b96cec7a-3912-46b7-9014-dc3c632ffa12,298,active_mine_high_score,7,"[86, 105, 12, 12]",23.527955,20.804994,2.722961,map,learned_score=0.823; selected_rank=3; source=map; label whether this high-score candidate is target or clutter,results/tube_hard_negative_review_packet_thr060_top8/overviews/b96cec7a-3912-46b7-9014-dc3c632ffa12_f00298_overview.jpg,results/tube_hard_negative_review_packet_thr060_top8/crops/b96cec7a-3912-46b7-9014-dc3c632ffa12_f00298_crops.jpg,,
b96cec7a-3912-46b7-9014-dc3c632ffa12,298,active_mine_high_score,8,"[164, 85, 12, 12]",16.345852,12.832009,3.513843,map,learned_score=0.823; selected_rank=3; source=map; label whether this high-score candidate is target or clutter,results/tube_hard_negative_review_packet_thr060_top8/overviews/b96cec7a-3912-46b7-9014-dc3c632ffa12_f00298_overview.jpg,results/tube_hard_negative_review_packet_thr060_top8/crops/b96cec7a-3912-46b7-9014-dc3c632ffa12_f00298_crops.jpg,,
e2711620-6d4e-4f9c-8922-b1b2d1fb74f2,599,active_mine_high_score,1,"[71, 90, 12, 12]",38.335252,33.707556,4.627696,map,learned_score=0.820; selected_rank=1; source=map; label whether this high-score candidate is target or clutter,results/tube_hard_negative_review_packet_thr060_top8/overviews/e2711620-6d4e-4f9c-8922-b1b2d1fb74f2_f00599_overview.jpg,results/tube_hard_negative_review_packet_thr060_top8/crops/e2711620-6d4e-4f9c-8922-b1b2d1fb74f2_f00599_crops.jpg,,
e2711620-6d4e-4f9c-8922-b1b2d1fb74f2,599,active_mine_high_score,2,"[80, 96, 3, 3]",30.20991,27.651749,2.558161,map,learned_score=0.820; selected_rank=1; source=map; label whether this high-score candidate is target or clutter,results/tube_hard_negative_review_packet_thr060_top8/overviews/e2711620-6d4e-4f9c-8922-b1b2d1fb74f2_f00599_overview.jpg,results/tube_hard_negative_review_packet_thr060_top8/crops/e2711620-6d4e-4f9c-8922-b1b2d1fb74f2_f00599_crops.jpg,,
e2711620-6d4e-4f9c-8922-b1b2d1fb74f2,599,active_mine_high_score,6,"[44, 140, 3, 3]",10.245293,6.649084,3.596209,map,learned_score=0.820; selected_rank=1; source=map; label whether this high-score candidate is target or clutter,results/tube_hard_negative_review_packet_thr060_top8/overviews/e2711620-6d4e-4f9c-8922-b1b2d1fb74f2_f00599_overview.jpg,results/tube_hard_negative_review_packet_thr060_top8/crops/e2711620-6d4e-4f9c-8922-b1b2d1fb74f2_f00599_crops.jpg,,
e2711620-6d4e-4f9c-8922-b1b2d1fb74f2,599,active_mine_high_score,7,"[40, 164, 5, 5]",6.608433,3.021472,3.586962,map,learned_score=0.820; selected_rank=1; source=map; label whether this high-score candidate is target or clutter,results/tube_hard_negative_review_packet_thr060_top8/overviews/e2711620-6d4e-4f9c-8922-b1b2d1fb74f2_f00599_overview.jpg,results/tube_hard_negative_review_packet_thr060_top8/crops/e2711620-6d4e-4f9c-8922-b1b2d1fb74f2_f00599_crops.jpg,,
e2711620-6d4e-4f9c-8922-b1b2d1fb74f2,599,active_mine_high_score,8,"[30, 128, 3, 3]",4.159631,0.975725,3.183906,map,learned_score=0.820; selected_rank=1; source=map; label whether this high-score candidate is target or clutter,results/tube_hard_negative_review_packet_thr060_top8/overviews/e2711620-6d4e-4f9c-8922-b1b2d1fb74f2_f00599_overview.jpg,results/tube_hard_negative_review_packet_thr060_top8/crops/e2711620-6d4e-4f9c-8922-b1b2d1fb74f2_f00599_crops.jpg,,
1c1258a1-d0f6-433e-9466-dbc1705fa263,228,active_mine_high_score,1,"[186, 104, 12, 12]",29.144607,26.741393,2.403213,map,learned_score=0.805; selected_rank=1; source=map; label whether this high-score candidate is target or clutter,results/tube_hard_negative_review_packet_thr060_top8/overviews/1c1258a1-d0f6-433e-9466-dbc1705fa263_f00228_overview.jpg,results/tube_hard_negative_review_packet_thr060_top8/crops/1c1258a1-d0f6-433e-9466-dbc1705fa263_f00228_crops.jpg,,
1c1258a1-d0f6-433e-9466-dbc1705fa263,228,active_mine_high_score,2,"[190, 104, 12, 12]",23.155212,21.100611,2.054601,map,learned_score=0.805; selected_rank=1; source=map; label whether this high-score candidate is target or clutter,results/tube_hard_negative_review_packet_thr060_top8/overviews/1c1258a1-d0f6-433e-9466-dbc1705fa263_f00228_overview.jpg,results/tube_hard_negative_review_packet_thr060_top8/crops/1c1258a1-d0f6-433e-9466-dbc1705fa263_f00228_crops.jpg,,
1c1258a1-d0f6-433e-9466-dbc1705fa263,228,active_mine_high_score,3,"[10, 176, 3, 3]",10.962539,7.35136,3.611179,map,learned_score=0.805; selected_rank=1; source=map; label whether this high-score candidate is target or clutter,results/tube_hard_negative_review_packet_thr060_top8/overviews/1c1258a1-d0f6-433e-9466-dbc1705fa263_f00228_overview.jpg,results/tube_hard_negative_review_packet_thr060_top8/crops/1c1258a1-d0f6-433e-9466-dbc1705fa263_f00228_crops.jpg,,
1c1258a1-d0f6-433e-9466-dbc1705fa263,228,active_mine_high_score,5,"[1, 178, 3, 3]",3.637789,-0.108002,3.745791,map,learned_score=0.805; selected_rank=1; source=map; label whether this high-score candidate is target or clutter,results/tube_hard_negative_review_packet_thr060_top8/overviews/1c1258a1-d0f6-433e-9466-dbc1705fa263_f00228_overview.jpg,results/tube_hard_negative_review_packet_thr060_top8/crops/1c1258a1-d0f6-433e-9466-dbc1705fa263_f00228_crops.jpg,,
7bd296cd-c800-4be9-ab0f-07e8d68cb648,42,active_mine_high_score,1,"[14, 60, 12, 12]",47.017591,42.316168,4.701423,map,learned_score=0.779; selected_rank=1; source=map; label whether this high-score candidate is target or clutter,results/tube_hard_negative_review_packet_thr060_top8/overviews/7bd296cd-c800-4be9-ab0f-07e8d68cb648_f00042_overview.jpg,results/tube_hard_negative_review_packet_thr060_top8/crops/7bd296cd-c800-4be9-ab0f-07e8d68cb648_f00042_crops.jpg,,
7bd296cd-c800-4be9-ab0f-07e8d68cb648,42,active_mine_high_score,2,"[24, 61, 5, 5]",41.039993,36.428463,4.61153,map,learned_score=0.779; selected_rank=1; source=map; label whether this high-score candidate is target or clutter,results/tube_hard_negative_review_packet_thr060_top8/overviews/7bd296cd-c800-4be9-ab0f-07e8d68cb648_f00042_overview.jpg,results/tube_hard_negative_review_packet_thr060_top8/crops/7bd296cd-c800-4be9-ab0f-07e8d68cb648_f00042_crops.jpg,,
7bd296cd-c800-4be9-ab0f-07e8d68cb648,42,active_mine_high_score,4,"[14, 74, 12, 12]",31.10494,26.408599,4.696341,map,learned_score=0.779; selected_rank=1; source=map; label whether this high-score candidate is target or clutter,results/tube_hard_negative_review_packet_thr060_top8/overviews/7bd296cd-c800-4be9-ab0f-07e8d68cb648_f00042_overview.jpg,results/tube_hard_negative_review_packet_thr060_top8/crops/7bd296cd-c800-4be9-ab0f-07e8d68cb648_f00042_crops.jpg,,
7bd296cd-c800-4be9-ab0f-07e8d68cb648,42,active_mine_high_score,5,"[37, 67, 7, 7]",26.362935,21.957132,4.405803,map,learned_score=0.779; selected_rank=1; source=map; label whether this high-score candidate is target or clutter,results/tube_hard_negative_review_packet_thr060_top8/overviews/7bd296cd-c800-4be9-ab0f-07e8d68cb648_f00042_overview.jpg,results/tube_hard_negative_review_packet_thr060_top8/crops/7bd296cd-c800-4be9-ab0f-07e8d68cb648_f00042_crops.jpg,,
7bd296cd-c800-4be9-ab0f-07e8d68cb648,42,active_mine_high_score,7,"[41, 65, 12, 12]",14.828914,10.408439,4.420475,map,learned_score=0.779; selected_rank=1; source=map; label whether this high-score candidate is target or clutter,results/tube_hard_negative_review_packet_thr060_top8/overviews/7bd296cd-c800-4be9-ab0f-07e8d68cb648_f00042_overview.jpg,results/tube_hard_negative_review_packet_thr060_top8/crops/7bd296cd-c800-4be9-ab0f-07e8d68cb648_f00042_crops.jpg,,
7bd296cd-c800-4be9-ab0f-07e8d68cb648,42,active_mine_high_score,8,"[310, 188, 3, 3]",11.209487,7.692615,3.516872,map,learned_score=0.779; selected_rank=1; source=map; label whether this high-score candidate is target or clutter,results/tube_hard_negative_review_packet_thr060_top8/overviews/7bd296cd-c800-4be9-ab0f-07e8d68cb648_f00042_overview.jpg,results/tube_hard_negative_review_packet_thr060_top8/crops/7bd296cd-c800-4be9-ab0f-07e8d68cb648_f00042_crops.jpg,,
e2711620-6d4e-4f9c-8922-b1b2d1fb74f2,634,active_mine_high_score,1,"[66, 87, 12, 12]",36.096932,33.784952,2.31198,map,learned_score=0.773; selected_rank=1; source=map; label whether this high-score candidate is target or clutter,results/tube_hard_negative_review_packet_thr060_top8/overviews/e2711620-6d4e-4f9c-8922-b1b2d1fb74f2_f00634_overview.jpg,results/tube_hard_negative_review_packet_thr060_top8/crops/e2711620-6d4e-4f9c-8922-b1b2d1fb74f2_f00634_crops.jpg,,
e2711620-6d4e-4f9c-8922-b1b2d1fb74f2,634,active_mine_high_score,2,"[64, 96, 3, 3]",31.312786,28.922153,2.390634,map,learned_score=0.773; selected_rank=1; source=map; label whether this high-score candidate is target or clutter,results/tube_hard_negative_review_packet_thr060_top8/overviews/e2711620-6d4e-4f9c-8922-b1b2d1fb74f2_f00634_overview.jpg,results/tube_hard_negative_review_packet_thr060_top8/crops/e2711620-6d4e-4f9c-8922-b1b2d1fb74f2_f00634_crops.jpg,,
e2711620-6d4e-4f9c-8922-b1b2d1fb74f2,634,active_mine_high_score,3,"[64, 90, 3, 3]",28.378303,26.02032,2.357982,map,learned_score=0.773; selected_rank=1; source=map; label whether this high-score candidate is target or clutter,results/tube_hard_negative_review_packet_thr060_top8/overviews/e2711620-6d4e-4f9c-8922-b1b2d1fb74f2_f00634_overview.jpg,results/tube_hard_negative_review_packet_thr060_top8/crops/e2711620-6d4e-4f9c-8922-b1b2d1fb74f2_f00634_crops.jpg,,
e2711620-6d4e-4f9c-8922-b1b2d1fb74f2,634,active_mine_high_score,7,"[72, 84, 3, 3]",9.806268,8.782615,1.023653,map,learned_score=0.773; selected_rank=1; source=map; label whether this high-score candidate is target or clutter,results/tube_hard_negative_review_packet_thr060_top8/overviews/e2711620-6d4e-4f9c-8922-b1b2d1fb74f2_f00634_overview.jpg,results/tube_hard_negative_review_packet_thr060_top8/crops/e2711620-6d4e-4f9c-8922-b1b2d1fb74f2_f00634_crops.jpg,,
e2711620-6d4e-4f9c-8922-b1b2d1fb74f2,634,active_mine_high_score,8,"[112, 96, 3, 3]",5.754376,2.326353,3.428022,map,learned_score=0.773; selected_rank=1; source=map; label whether this high-score candidate is target or clutter,results/tube_hard_negative_review_packet_thr060_top8/overviews/e2711620-6d4e-4f9c-8922-b1b2d1fb74f2_f00634_overview.jpg,results/tube_hard_negative_review_packet_thr060_top8/crops/e2711620-6d4e-4f9c-8922-b1b2d1fb74f2_f00634_crops.jpg,,
59e41a0c-f704-4589-96db-d7c283d33717,348,active_mine_high_score,1,"[148, 121, 12, 12]",23.563942,21.115483,2.448459,map,learned_score=0.772; selected_rank=1; source=map; label whether this high-score candidate is target or clutter,results/tube_hard_negative_review_packet_thr060_top8/overviews/59e41a0c-f704-4589-96db-d7c283d33717_f00348_overview.jpg,results/tube_hard_negative_review_packet_thr060_top8/crops/59e41a0c-f704-4589-96db-d7c283d33717_f00348_crops.jpg,,
59e41a0c-f704-4589-96db-d7c283d33717,348,active_mine_high_score,2,"[298, 24, 3, 3]",9.201371,4.942336,4.259035,map,learned_score=0.772; selected_rank=1; source=map; label whether this high-score candidate is target or clutter,results/tube_hard_negative_review_packet_thr060_top8/overviews/59e41a0c-f704-4589-96db-d7c283d33717_f00348_overview.jpg,results/tube_hard_negative_review_packet_thr060_top8/crops/59e41a0c-f704-4589-96db-d7c283d33717_f00348_crops.jpg,,
e2711620-6d4e-4f9c-8922-b1b2d1fb74f2,243,active_mine_high_score,1,"[83, 88, 5, 5]",24.944045,24.663618,0.280427,appearance,learned_score=0.760; selected_rank=1; source=appearance; label whether this high-score candidate is target or clutter,results/tube_hard_negative_review_packet_thr060_top8/overviews/e2711620-6d4e-4f9c-8922-b1b2d1fb74f2_f00243_overview.jpg,results/tube_hard_negative_review_packet_thr060_top8/crops/e2711620-6d4e-4f9c-8922-b1b2d1fb74f2_f00243_crops.jpg,,
e2711620-6d4e-4f9c-8922-b1b2d1fb74f2,243,active_mine_high_score,2,"[92, 85, 3, 3]",16.183725,14.907753,1.275973,map,learned_score=0.760; selected_rank=1; source=appearance; label whether this high-score candidate is target or clutter,results/tube_hard_negative_review_packet_thr060_top8/overviews/e2711620-6d4e-4f9c-8922-b1b2d1fb74f2_f00243_overview.jpg,results/tube_hard_negative_review_packet_thr060_top8/crops/e2711620-6d4e-4f9c-8922-b1b2d1fb74f2_f00243_crops.jpg,,
e2711620-6d4e-4f9c-8922-b1b2d1fb74f2,243,active_mine_high_score,3,"[89, 77, 3, 3]",8.186635,6.894499,1.292136,map,learned_score=0.760; selected_rank=1; source=appearance; label whether this high-score candidate is target or clutter,results/tube_hard_negative_review_packet_thr060_top8/overviews/e2711620-6d4e-4f9c-8922-b1b2d1fb74f2_f00243_overview.jpg,results/tube_hard_negative_review_packet_thr060_top8/crops/e2711620-6d4e-4f9c-8922-b1b2d1fb74f2_f00243_crops.jpg,,
e2711620-6d4e-4f9c-8922-b1b2d1fb74f2,243,active_mine_high_score,4,"[30, 112, 12, 12]",5.464928,2.772628,2.6923,map,learned_score=0.760; selected_rank=1; source=appearance; label whether this high-score candidate is target or clutter,results/tube_hard_negative_review_packet_thr060_top8/overviews/e2711620-6d4e-4f9c-8922-b1b2d1fb74f2_f00243_overview.jpg,results/tube_hard_negative_review_packet_thr060_top8/crops/e2711620-6d4e-4f9c-8922-b1b2d1fb74f2_f00243_crops.jpg,,
e2711620-6d4e-4f9c-8922-b1b2d1fb74f2,199,active_mine_high_score,1,"[86, 78, 5, 5]",24.052324,25.286618,-1.234293,map,learned_score=0.732; selected_rank=1; source=map; label whether this high-score candidate is target or clutter,results/tube_hard_negative_review_packet_thr060_top8/overviews/e2711620-6d4e-4f9c-8922-b1b2d1fb74f2_f00199_overview.jpg,results/tube_hard_negative_review_packet_thr060_top8/crops/e2711620-6d4e-4f9c-8922-b1b2d1fb74f2_f00199_crops.jpg,,
e2711620-6d4e-4f9c-8922-b1b2d1fb74f2,199,active_mine_high_score,2,"[82, 76, 3, 3]",16.804469,17.890999,-1.08653,map,learned_score=0.732; selected_rank=1; source=map; label whether this high-score candidate is target or clutter,results/tube_hard_negative_review_packet_thr060_top8/overviews/e2711620-6d4e-4f9c-8922-b1b2d1fb74f2_f00199_overview.jpg,results/tube_hard_negative_review_packet_thr060_top8/crops/e2711620-6d4e-4f9c-8922-b1b2d1fb74f2_f00199_crops.jpg,,
59e41a0c-f704-4589-96db-d7c283d33717,83,active_mine_high_score,1,"[158, 40, 12, 12]",39.504924,35.311154,4.19377,map,learned_score=0.728; selected_rank=1; source=map; label whether this high-score candidate is target or clutter,results/tube_hard_negative_review_packet_thr060_top8/overviews/59e41a0c-f704-4589-96db-d7c283d33717_f00083_overview.jpg,results/tube_hard_negative_review_packet_thr060_top8/crops/59e41a0c-f704-4589-96db-d7c283d33717_f00083_crops.jpg,,
59e41a0c-f704-4589-96db-d7c283d33717,83,active_mine_high_score,2,"[165, 45, 3, 3]",30.651951,26.555055,4.096896,map,learned_score=0.728; selected_rank=1; source=map; label whether this high-score candidate is target or clutter,results/tube_hard_negative_review_packet_thr060_top8/overviews/59e41a0c-f704-4589-96db-d7c283d33717_f00083_overview.jpg,results/tube_hard_negative_review_packet_thr060_top8/crops/59e41a0c-f704-4589-96db-d7c283d33717_f00083_crops.jpg,,
59e41a0c-f704-4589-96db-d7c283d33717,83,active_mine_high_score,4,"[160, 36, 7, 7]",25.967329,22.070696,3.896634,map,learned_score=0.728; selected_rank=1; source=map; label whether this high-score candidate is target or clutter,results/tube_hard_negative_review_packet_thr060_top8/overviews/59e41a0c-f704-4589-96db-d7c283d33717_f00083_overview.jpg,results/tube_hard_negative_review_packet_thr060_top8/crops/59e41a0c-f704-4589-96db-d7c283d33717_f00083_crops.jpg,,
59e41a0c-f704-4589-96db-d7c283d33717,83,active_mine_high_score,7,"[176, 22, 3, 5]",4.708885,1.509633,3.199252,appearance,learned_score=0.728; selected_rank=1; source=map; label whether this high-score candidate is target or clutter,results/tube_hard_negative_review_packet_thr060_top8/overviews/59e41a0c-f704-4589-96db-d7c283d33717_f00083_overview.jpg,results/tube_hard_negative_review_packet_thr060_top8/crops/59e41a0c-f704-4589-96db-d7c283d33717_f00083_crops.jpg,,
aaf1eafd-36d7-43e4-a539-fd79029ddf90,599,active_mine_high_score,1,"[187, 115, 6, 6]",17.123943,18.757192,-1.63325,appearance,learned_score=0.711; selected_rank=1; source=appearance; label whether this high-score candidate is target or clutter,results/tube_hard_negative_review_packet_thr060_top8/overviews/aaf1eafd-36d7-43e4-a539-fd79029ddf90_f00599_overview.jpg,results/tube_hard_negative_review_packet_thr060_top8/crops/aaf1eafd-36d7-43e4-a539-fd79029ddf90_f00599_crops.jpg,,
aaf1eafd-36d7-43e4-a539-fd79029ddf90,599,active_mine_high_score,2,"[114, 115, 12, 12]",15.984799,26.139474,-10.154675,map,learned_score=0.711; selected_rank=1; source=appearance; label whether this high-score candidate is target or clutter,results/tube_hard_negative_review_packet_thr060_top8/overviews/aaf1eafd-36d7-43e4-a539-fd79029ddf90_f00599_overview.jpg,results/tube_hard_negative_review_packet_thr060_top8/crops/aaf1eafd-36d7-43e4-a539-fd79029ddf90_f00599_crops.jpg,,
aaf1eafd-36d7-43e4-a539-fd79029ddf90,599,active_mine_high_score,3,"[188, 107, 12, 12]",15.973656,16.961719,-0.988063,map,learned_score=0.711; selected_rank=1; source=appearance; label whether this high-score candidate is target or clutter,results/tube_hard_negative_review_packet_thr060_top8/overviews/aaf1eafd-36d7-43e4-a539-fd79029ddf90_f00599_overview.jpg,results/tube_hard_negative_review_packet_thr060_top8/crops/aaf1eafd-36d7-43e4-a539-fd79029ddf90_f00599_crops.jpg,,
aaf1eafd-36d7-43e4-a539-fd79029ddf90,599,active_mine_high_score,4,"[195, 104, 12, 12]",14.103128,14.373214,-0.270085,map,learned_score=0.711; selected_rank=1; source=appearance; label whether this high-score candidate is target or clutter,results/tube_hard_negative_review_packet_thr060_top8/overviews/aaf1eafd-36d7-43e4-a539-fd79029ddf90_f00599_overview.jpg,results/tube_hard_negative_review_packet_thr060_top8/crops/aaf1eafd-36d7-43e4-a539-fd79029ddf90_f00599_crops.jpg,,
aaf1eafd-36d7-43e4-a539-fd79029ddf90,599,active_mine_high_score,5,"[195, 112, 4, 3]",12.428207,13.914905,-1.486698,appearance,learned_score=0.711; selected_rank=1; source=appearance; label whether this high-score candidate is target or clutter,results/tube_hard_negative_review_packet_thr060_top8/overviews/aaf1eafd-36d7-43e4-a539-fd79029ddf90_f00599_overview.jpg,results/tube_hard_negative_review_packet_thr060_top8/crops/aaf1eafd-36d7-43e4-a539-fd79029ddf90_f00599_crops.jpg,,
aaf1eafd-36d7-43e4-a539-fd79029ddf90,599,active_mine_high_score,6,"[179, 115, 12, 12]",12.084668,12.989439,-0.904771,map,learned_score=0.711; selected_rank=1; source=appearance; label whether this high-score candidate is target or clutter,results/tube_hard_negative_review_packet_thr060_top8/overviews/aaf1eafd-36d7-43e4-a539-fd79029ddf90_f00599_overview.jpg,results/tube_hard_negative_review_packet_thr060_top8/crops/aaf1eafd-36d7-43e4-a539-fd79029ddf90_f00599_crops.jpg,,
aaf1eafd-36d7-43e4-a539-fd79029ddf90,599,active_mine_high_score,7,"[118, 120, 3, 3]",10.512612,20.678241,-10.165629,map,learned_score=0.711; selected_rank=1; source=appearance; label whether this high-score candidate is target or clutter,results/tube_hard_negative_review_packet_thr060_top8/overviews/aaf1eafd-36d7-43e4-a539-fd79029ddf90_f00599_overview.jpg,results/tube_hard_negative_review_packet_thr060_top8/crops/aaf1eafd-36d7-43e4-a539-fd79029ddf90_f00599_crops.jpg,,
aaf1eafd-36d7-43e4-a539-fd79029ddf90,599,active_mine_high_score,8,"[198, 111, 4, 3]",9.49325,10.451879,-0.958629,appearance,learned_score=0.711; selected_rank=1; source=appearance; label whether this high-score candidate is target or clutter,results/tube_hard_negative_review_packet_thr060_top8/overviews/aaf1eafd-36d7-43e4-a539-fd79029ddf90_f00599_overview.jpg,results/tube_hard_negative_review_packet_thr060_top8/crops/aaf1eafd-36d7-43e4-a539-fd79029ddf90_f00599_crops.jpg,,
aaf1eafd-36d7-43e4-a539-fd79029ddf90,179,active_mine_high_score,1,"[278, 116, 12, 12]",34.160528,32.021433,2.139095,map,learned_score=0.704; selected_rank=1; source=map; label whether this high-score candidate is target or clutter,results/tube_hard_negative_review_packet_thr060_top8/overviews/aaf1eafd-36d7-43e4-a539-fd79029ddf90_f00179_overview.jpg,results/tube_hard_negative_review_packet_thr060_top8/crops/aaf1eafd-36d7-43e4-a539-fd79029ddf90_f00179_crops.jpg,,
aaf1eafd-36d7-43e4-a539-fd79029ddf90,179,active_mine_high_score,2,"[283, 122, 4, 3]",27.353615,25.688092,1.665523,appearance,learned_score=0.704; selected_rank=1; source=map; label whether this high-score candidate is target or clutter,results/tube_hard_negative_review_packet_thr060_top8/overviews/aaf1eafd-36d7-43e4-a539-fd79029ddf90_f00179_overview.jpg,results/tube_hard_negative_review_packet_thr060_top8/crops/aaf1eafd-36d7-43e4-a539-fd79029ddf90_f00179_crops.jpg,,
aaf1eafd-36d7-43e4-a539-fd79029ddf90,179,active_mine_high_score,3,"[100, 90, 3, 3]",16.537564,13.18697,3.350594,map,learned_score=0.704; selected_rank=1; source=map; label whether this high-score candidate is target or clutter,results/tube_hard_negative_review_packet_thr060_top8/overviews/aaf1eafd-36d7-43e4-a539-fd79029ddf90_f00179_overview.jpg,results/tube_hard_negative_review_packet_thr060_top8/crops/aaf1eafd-36d7-43e4-a539-fd79029ddf90_f00179_crops.jpg,,
aaf1eafd-36d7-43e4-a539-fd79029ddf90,179,active_mine_high_score,4,"[152, 110, 3, 3]",15.763605,12.165148,3.598457,map,learned_score=0.704; selected_rank=1; source=map; label whether this high-score candidate is target or clutter,results/tube_hard_negative_review_packet_thr060_top8/overviews/aaf1eafd-36d7-43e4-a539-fd79029ddf90_f00179_overview.jpg,results/tube_hard_negative_review_packet_thr060_top8/crops/aaf1eafd-36d7-43e4-a539-fd79029ddf90_f00179_crops.jpg,,
aaf1eafd-36d7-43e4-a539-fd79029ddf90,179,active_mine_high_score,5,"[80, 73, 12, 12]",13.043328,9.672581,3.370747,map,learned_score=0.704; selected_rank=1; source=map; label whether this high-score candidate is target or clutter,results/tube_hard_negative_review_packet_thr060_top8/overviews/aaf1eafd-36d7-43e4-a539-fd79029ddf90_f00179_overview.jpg,results/tube_hard_negative_review_packet_thr060_top8/crops/aaf1eafd-36d7-43e4-a539-fd79029ddf90_f00179_crops.jpg,,
aaf1eafd-36d7-43e4-a539-fd79029ddf90,179,active_mine_high_score,6,"[5, 83, 12, 12]",12.821728,13.693812,-0.872084,map,learned_score=0.704; selected_rank=1; source=map; label whether this high-score candidate is target or clutter,results/tube_hard_negative_review_packet_thr060_top8/overviews/aaf1eafd-36d7-43e4-a539-fd79029ddf90_f00179_overview.jpg,results/tube_hard_negative_review_packet_thr060_top8/crops/aaf1eafd-36d7-43e4-a539-fd79029ddf90_f00179_crops.jpg,,
aaf1eafd-36d7-43e4-a539-fd79029ddf90,179,active_mine_high_score,7,"[170, 78, 12, 12]",12.627601,9.203002,3.424599,map,learned_score=0.704; selected_rank=1; source=map; label whether this high-score candidate is target or clutter,results/tube_hard_negative_review_packet_thr060_top8/overviews/aaf1eafd-36d7-43e4-a539-fd79029ddf90_f00179_overview.jpg,results/tube_hard_negative_review_packet_thr060_top8/crops/aaf1eafd-36d7-43e4-a539-fd79029ddf90_f00179_crops.jpg,,
aaf1eafd-36d7-43e4-a539-fd79029ddf90,179,active_mine_high_score,8,"[270, 122, 7, 7]",11.491841,9.467872,2.02397,map,learned_score=0.704; selected_rank=1; source=map; label whether this high-score candidate is target or clutter,results/tube_hard_negative_review_packet_thr060_top8/overviews/aaf1eafd-36d7-43e4-a539-fd79029ddf90_f00179_overview.jpg,results/tube_hard_negative_review_packet_thr060_top8/crops/aaf1eafd-36d7-43e4-a539-fd79029ddf90_f00179_crops.jpg,,
d129cd72-3228-426d-9252-4e0b3e14927b,248,active_mine_high_score,1,"[74, 110, 12, 12]",34.578242,31.854879,2.723363,map,learned_score=0.694; selected_rank=1; source=map; label whether this high-score candidate is target or clutter,results/tube_hard_negative_review_packet_thr060_top8/overviews/d129cd72-3228-426d-9252-4e0b3e14927b_f00248_overview.jpg,results/tube_hard_negative_review_packet_thr060_top8/crops/d129cd72-3228-426d-9252-4e0b3e14927b_f00248_crops.jpg,,
d129cd72-3228-426d-9252-4e0b3e14927b,248,active_mine_high_score,2,"[77, 116, 3, 3]",28.395768,25.929583,2.466185,appearance,learned_score=0.694; selected_rank=1; source=map; label whether this high-score candidate is target or clutter,results/tube_hard_negative_review_packet_thr060_top8/overviews/d129cd72-3228-426d-9252-4e0b3e14927b_f00248_overview.jpg,results/tube_hard_negative_review_packet_thr060_top8/crops/d129cd72-3228-426d-9252-4e0b3e14927b_f00248_crops.jpg,,
d129cd72-3228-426d-9252-4e0b3e14927b,248,active_mine_high_score,3,"[303, 57, 12, 12]",17.194137,13.268898,3.925239,map,learned_score=0.694; selected_rank=1; source=map; label whether this high-score candidate is target or clutter,results/tube_hard_negative_review_packet_thr060_top8/overviews/d129cd72-3228-426d-9252-4e0b3e14927b_f00248_overview.jpg,results/tube_hard_negative_review_packet_thr060_top8/crops/d129cd72-3228-426d-9252-4e0b3e14927b_f00248_crops.jpg,,
d129cd72-3228-426d-9252-4e0b3e14927b,248,active_mine_high_score,4,"[223, 69, 12, 12]",13.305338,13.282723,0.022614,map,learned_score=0.694; selected_rank=1; source=map; label whether this high-score candidate is target or clutter,results/tube_hard_negative_review_packet_thr060_top8/overviews/d129cd72-3228-426d-9252-4e0b3e14927b_f00248_overview.jpg,results/tube_hard_negative_review_packet_thr060_top8/crops/d129cd72-3228-426d-9252-4e0b3e14927b_f00248_crops.jpg,,
d129cd72-3228-426d-9252-4e0b3e14927b,248,active_mine_high_score,5,"[4, 226, 3, 3]",11.837563,7.685365,4.152198,map,learned_score=0.694; selected_rank=1; source=map; label whether this high-score candidate is target or clutter,results/tube_hard_negative_review_packet_thr060_top8/overviews/d129cd72-3228-426d-9252-4e0b3e14927b_f00248_overview.jpg,results/tube_hard_negative_review_packet_thr060_top8/crops/d129cd72-3228-426d-9252-4e0b3e14927b_f00248_crops.jpg,,
d129cd72-3228-426d-9252-4e0b3e14927b,248,active_mine_high_score,7,"[230, 75, 12, 12]",11.215687,11.143724,0.071963,map,learned_score=0.694; selected_rank=1; source=map; label whether this high-score candidate is target or clutter,results/tube_hard_negative_review_packet_thr060_top8/overviews/d129cd72-3228-426d-9252-4e0b3e14927b_f00248_overview.jpg,results/tube_hard_negative_review_packet_thr060_top8/crops/d129cd72-3228-426d-9252-4e0b3e14927b_f00248_crops.jpg,,
d129cd72-3228-426d-9252-4e0b3e14927b,248,active_mine_high_score,8,"[254, 86, 7, 7]",10.696293,7.118613,3.57768,map,learned_score=0.694; selected_rank=1; source=map; label whether this high-score candidate is target or clutter,results/tube_hard_negative_review_packet_thr060_top8/overviews/d129cd72-3228-426d-9252-4e0b3e14927b_f00248_overview.jpg,results/tube_hard_negative_review_packet_thr060_top8/crops/d129cd72-3228-426d-9252-4e0b3e14927b_f00248_crops.jpg,,
e2711620-6d4e-4f9c-8922-b1b2d1fb74f2,539,active_mine_high_score,1,"[77, 94, 12, 12]",30.153837,27.548343,2.605495,map,learned_score=0.689; selected_rank=1; source=map; label whether this high-score candidate is target or clutter,results/tube_hard_negative_review_packet_thr060_top8/overviews/e2711620-6d4e-4f9c-8922-b1b2d1fb74f2_f00539_overview.jpg,results/tube_hard_negative_review_packet_thr060_top8/crops/e2711620-6d4e-4f9c-8922-b1b2d1fb74f2_f00539_crops.jpg,,
e2711620-6d4e-4f9c-8922-b1b2d1fb74f2,539,active_mine_high_score,2,"[86, 100, 3, 3]",26.182546,23.534221,2.648325,map,learned_score=0.689; selected_rank=1; source=map; label whether this high-score candidate is target or clutter,results/tube_hard_negative_review_packet_thr060_top8/overviews/e2711620-6d4e-4f9c-8922-b1b2d1fb74f2_f00539_overview.jpg,results/tube_hard_negative_review_packet_thr060_top8/crops/e2711620-6d4e-4f9c-8922-b1b2d1fb74f2_f00539_crops.jpg,,
e2711620-6d4e-4f9c-8922-b1b2d1fb74f2,539,active_mine_high_score,3,"[76, 100, 3, 3]",16.13475,14.170334,1.964417,map,learned_score=0.689; selected_rank=1; source=map; label whether this high-score candidate is target or clutter,results/tube_hard_negative_review_packet_thr060_top8/overviews/e2711620-6d4e-4f9c-8922-b1b2d1fb74f2_f00539_overview.jpg,results/tube_hard_negative_review_packet_thr060_top8/crops/e2711620-6d4e-4f9c-8922-b1b2d1fb74f2_f00539_crops.jpg,,
e2711620-6d4e-4f9c-8922-b1b2d1fb74f2,539,active_mine_high_score,5,"[12, 76, 5, 5]",8.319118,5.348214,2.970904,map,learned_score=0.689; selected_rank=1; source=map; label whether this high-score candidate is target or clutter,results/tube_hard_negative_review_packet_thr060_top8/overviews/e2711620-6d4e-4f9c-8922-b1b2d1fb74f2_f00539_overview.jpg,results/tube_hard_negative_review_packet_thr060_top8/crops/e2711620-6d4e-4f9c-8922-b1b2d1fb74f2_f00539_crops.jpg,,
e2711620-6d4e-4f9c-8922-b1b2d1fb74f2,539,active_mine_high_score,6,"[6, 66, 3, 3]",7.354181,4.10149,3.252692,map,learned_score=0.689; selected_rank=1; source=map; label whether this high-score candidate is target or clutter,results/tube_hard_negative_review_packet_thr060_top8/overviews/e2711620-6d4e-4f9c-8922-b1b2d1fb74f2_f00539_overview.jpg,results/tube_hard_negative_review_packet_thr060_top8/crops/e2711620-6d4e-4f9c-8922-b1b2d1fb74f2_f00539_crops.jpg,,
e2711620-6d4e-4f9c-8922-b1b2d1fb74f2,539,active_mine_high_score,7,"[54, 84, 3, 3]",6.991161,3.768922,3.222239,map,learned_score=0.689; selected_rank=1; source=map; label whether this high-score candidate is target or clutter,results/tube_hard_negative_review_packet_thr060_top8/overviews/e2711620-6d4e-4f9c-8922-b1b2d1fb74f2_f00539_overview.jpg,results/tube_hard_negative_review_packet_thr060_top8/crops/e2711620-6d4e-4f9c-8922-b1b2d1fb74f2_f00539_crops.jpg,,
e2711620-6d4e-4f9c-8922-b1b2d1fb74f2,539,active_mine_high_score,8,"[40, 30, 7, 7]",6.128414,3.176741,2.951673,map,learned_score=0.689; selected_rank=1; source=map; label whether this high-score candidate is target or clutter,results/tube_hard_negative_review_packet_thr060_top8/overviews/e2711620-6d4e-4f9c-8922-b1b2d1fb74f2_f00539_overview.jpg,results/tube_hard_negative_review_packet_thr060_top8/crops/e2711620-6d4e-4f9c-8922-b1b2d1fb74f2_f00539_crops.jpg,,
aaf1eafd-36d7-43e4-a539-fd79029ddf90,624,active_mine_high_score,1,"[109, 122, 12, 12]",23.637948,34.003014,-10.365066,map,learned_score=0.688; selected_rank=1; source=map; label whether this high-score candidate is target or clutter,results/tube_hard_negative_review_packet_thr060_top8/overviews/aaf1eafd-36d7-43e4-a539-fd79029ddf90_f00624_overview.jpg,results/tube_hard_negative_review_packet_thr060_top8/crops/aaf1eafd-36d7-43e4-a539-fd79029ddf90_f00624_crops.jpg,,
aaf1eafd-36d7-43e4-a539-fd79029ddf90,624,active_mine_high_score,2,"[234, 54, 5, 5]",12.311237,14.185769,-1.874533,appearance,learned_score=0.688; selected_rank=1; source=map; label whether this high-score candidate is target or clutter,results/tube_hard_negative_review_packet_thr060_top8/overviews/aaf1eafd-36d7-43e4-a539-fd79029ddf90_f00624_overview.jpg,results/tube_hard_negative_review_packet_thr060_top8/crops/aaf1eafd-36d7-43e4-a539-fd79029ddf90_f00624_crops.jpg,,
aaf1eafd-36d7-43e4-a539-fd79029ddf90,624,active_mine_high_score,3,"[167, 114, 5, 6]",11.293861,13.461666,-2.167805,appearance,learned_score=0.688; selected_rank=1; source=map; label whether this high-score candidate is target or clutter,results/tube_hard_negative_review_packet_thr060_top8/overviews/aaf1eafd-36d7-43e4-a539-fd79029ddf90_f00624_overview.jpg,results/tube_hard_negative_review_packet_thr060_top8/crops/aaf1eafd-36d7-43e4-a539-fd79029ddf90_f00624_crops.jpg,,
aaf1eafd-36d7-43e4-a539-fd79029ddf90,624,active_mine_high_score,4,"[144, 139, 3, 5]",9.613371,11.781757,-2.168386,appearance,learned_score=0.688; selected_rank=1; source=map; label whether this high-score candidate is target or clutter,results/tube_hard_negative_review_packet_thr060_top8/overviews/aaf1eafd-36d7-43e4-a539-fd79029ddf90_f00624_overview.jpg,results/tube_hard_negative_review_packet_thr060_top8/crops/aaf1eafd-36d7-43e4-a539-fd79029ddf90_f00624_crops.jpg,,
aaf1eafd-36d7-43e4-a539-fd79029ddf90,624,active_mine_high_score,5,"[306, 204, 3, 3]",8.027812,4.251823,3.775989,map,learned_score=0.688; selected_rank=1; source=map; label whether this high-score candidate is target or clutter,results/tube_hard_negative_review_packet_thr060_top8/overviews/aaf1eafd-36d7-43e4-a539-fd79029ddf90_f00624_overview.jpg,results/tube_hard_negative_review_packet_thr060_top8/crops/aaf1eafd-36d7-43e4-a539-fd79029ddf90_f00624_crops.jpg,,
aaf1eafd-36d7-43e4-a539-fd79029ddf90,624,active_mine_high_score,6,"[130, 152, 3, 3]",6.608481,8.287608,-1.679127,appearance,learned_score=0.688; selected_rank=1; source=map; label whether this high-score candidate is target or clutter,results/tube_hard_negative_review_packet_thr060_top8/overviews/aaf1eafd-36d7-43e4-a539-fd79029ddf90_f00624_overview.jpg,results/tube_hard_negative_review_packet_thr060_top8/crops/aaf1eafd-36d7-43e4-a539-fd79029ddf90_f00624_crops.jpg,,
aaf1eafd-36d7-43e4-a539-fd79029ddf90,624,active_mine_high_score,7,"[187, 99, 3, 3]",6.475263,8.096455,-1.621192,appearance,learned_score=0.688; selected_rank=1; source=map; label whether this high-score candidate is target or clutter,results/tube_hard_negative_review_packet_thr060_top8/overviews/aaf1eafd-36d7-43e4-a539-fd79029ddf90_f00624_overview.jpg,results/tube_hard_negative_review_packet_thr060_top8/crops/aaf1eafd-36d7-43e4-a539-fd79029ddf90_f00624_crops.jpg,,
aaf1eafd-36d7-43e4-a539-fd79029ddf90,624,active_mine_high_score,8,"[310, 110, 3, 3]",6.232063,2.755987,3.476076,map,learned_score=0.688; selected_rank=1; source=map; label whether this high-score candidate is target or clutter,results/tube_hard_negative_review_packet_thr060_top8/overviews/aaf1eafd-36d7-43e4-a539-fd79029ddf90_f00624_overview.jpg,results/tube_hard_negative_review_packet_thr060_top8/crops/aaf1eafd-36d7-43e4-a539-fd79029ddf90_f00624_crops.jpg,,
d129cd72-3228-426d-9252-4e0b3e14927b,15,active_mine_high_score,1,"[91, 136, 12, 12]",25.947273,22.357918,3.589354,map,learned_score=0.671; selected_rank=2; source=appearance; label whether this high-score candidate is target or clutter,results/tube_hard_negative_review_packet_thr060_top8/overviews/d129cd72-3228-426d-9252-4e0b3e14927b_f00015_overview.jpg,results/tube_hard_negative_review_packet_thr060_top8/crops/d129cd72-3228-426d-9252-4e0b3e14927b_f00015_crops.jpg,,
d129cd72-3228-426d-9252-4e0b3e14927b,15,active_mine_high_score,2,"[99, 142, 6, 4]",23.503388,22.290944,1.212444,appearance,learned_score=0.671; selected_rank=2; source=appearance; label whether this high-score candidate is target or clutter,results/tube_hard_negative_review_packet_thr060_top8/overviews/d129cd72-3228-426d-9252-4e0b3e14927b_f00015_overview.jpg,results/tube_hard_negative_review_packet_thr060_top8/crops/d129cd72-3228-426d-9252-4e0b3e14927b_f00015_crops.jpg,,
d129cd72-3228-426d-9252-4e0b3e14927b,15,active_mine_high_score,3,"[104, 135, 12, 12]",19.444689,16.424149,3.02054,map,learned_score=0.671; selected_rank=2; source=appearance; label whether this high-score candidate is target or clutter,results/tube_hard_negative_review_packet_thr060_top8/overviews/d129cd72-3228-426d-9252-4e0b3e14927b_f00015_overview.jpg,results/tube_hard_negative_review_packet_thr060_top8/crops/d129cd72-3228-426d-9252-4e0b3e14927b_f00015_crops.jpg,,
d129cd72-3228-426d-9252-4e0b3e14927b,15,active_mine_high_score,4,"[132, 144, 7, 6]",15.651444,17.009414,-1.35797,appearance,learned_score=0.671; selected_rank=2; source=appearance; label whether this high-score candidate is target or clutter,results/tube_hard_negative_review_packet_thr060_top8/overviews/d129cd72-3228-426d-9252-4e0b3e14927b_f00015_overview.jpg,results/tube_hard_negative_review_packet_thr060_top8/crops/d129cd72-3228-426d-9252-4e0b3e14927b_f00015_crops.jpg,,
d129cd72-3228-426d-9252-4e0b3e14927b,15,active_mine_high_score,5,"[80, 136, 12, 12]",12.602769,9.104795,3.497974,map,learned_score=0.671; selected_rank=2; source=appearance; label whether this high-score candidate is target or clutter,results/tube_hard_negative_review_packet_thr060_top8/overviews/d129cd72-3228-426d-9252-4e0b3e14927b_f00015_overview.jpg,results/tube_hard_negative_review_packet_thr060_top8/crops/d129cd72-3228-426d-9252-4e0b3e14927b_f00015_crops.jpg,,
d129cd72-3228-426d-9252-4e0b3e14927b,15,active_mine_high_score,6,"[251, 196, 12, 12]",11.78669,8.069329,3.717361,map,learned_score=0.671; selected_rank=2; source=appearance; label whether this high-score candidate is target or clutter,results/tube_hard_negative_review_packet_thr060_top8/overviews/d129cd72-3228-426d-9252-4e0b3e14927b_f00015_overview.jpg,results/tube_hard_negative_review_packet_thr060_top8/crops/d129cd72-3228-426d-9252-4e0b3e14927b_f00015_crops.jpg,,
d129cd72-3228-426d-9252-4e0b3e14927b,15,active_mine_high_score,7,"[193, 196, 7, 7]",11.082661,7.136135,3.946526,map,learned_score=0.671; selected_rank=2; source=appearance; label whether this high-score candidate is target or clutter,results/tube_hard_negative_review_packet_thr060_top8/overviews/d129cd72-3228-426d-9252-4e0b3e14927b_f00015_overview.jpg,results/tube_hard_negative_review_packet_thr060_top8/crops/d129cd72-3228-426d-9252-4e0b3e14927b_f00015_crops.jpg,,
d129cd72-3228-426d-9252-4e0b3e14927b,15,active_mine_high_score,8,"[164, 120, 12, 12]",9.204738,6.360708,2.84403,map,learned_score=0.671; selected_rank=2; source=appearance; label whether this high-score candidate is target or clutter,results/tube_hard_negative_review_packet_thr060_top8/overviews/d129cd72-3228-426d-9252-4e0b3e14927b_f00015_overview.jpg,results/tube_hard_negative_review_packet_thr060_top8/crops/d129cd72-3228-426d-9252-4e0b3e14927b_f00015_crops.jpg,,
