clip,frame,confidence,target_orig_cx,target_orig_cy,best_rank,best_dist_orig_px,hit_top20,hit_top50,hit_top80,hit_top120,hit_top200,hit_top500
e2711620-6d4e-4f9c-8922-b1b2d1fb74f2,594,medium_high,160.0,192.0,105,4.472,0,0,0,1,1,1
e2711620-6d4e-4f9c-8922-b1b2d1fb74f2,595,medium_high,162.0,190.0,78,6.0,0,0,1,1,1,1
e2711620-6d4e-4f9c-8922-b1b2d1fb74f2,596,medium_high,154.0,192.0,133,2.236,0,0,0,0,1,1
e2711620-6d4e-4f9c-8922-b1b2d1fb74f2,597,medium_high,158.0,192.0,201,3.606,0,0,0,0,0,1
e2711620-6d4e-4f9c-8922-b1b2d1fb74f2,598,medium_high,160.0,192.0,146,5.385,0,0,0,0,1,1
e2711620-6d4e-4f9c-8922-b1b2d1fb74f2,599,medium_high,154.0,192.0,141,2.0,0,0,0,0,1,1
e2711620-6d4e-4f9c-8922-b1b2d1fb74f2,600,medium_high,154.0,190.0,99,0.0,0,0,0,1,1,1
e2711620-6d4e-4f9c-8922-b1b2d1fb74f2,601,medium_high,156.0,192.0,168,3.606,0,0,0,0,1,1
e2711620-6d4e-4f9c-8922-b1b2d1fb74f2,602,medium_high,156.0,190.0,183,4.0,0,0,0,0,1,1
e2711620-6d4e-4f9c-8922-b1b2d1fb74f2,603,medium_high,165.0,189.0,59,4.472,0,0,1,1,1,1
e2711620-6d4e-4f9c-8922-b1b2d1fb74f2,604,medium_high,149.0,197.0,273,2.236,0,0,0,0,0,1
e2711620-6d4e-4f9c-8922-b1b2d1fb74f2,605,medium_high,156.0,190.0,134,5.0,0,0,0,0,1,1
e2711620-6d4e-4f9c-8922-b1b2d1fb74f2,622,medium_high,146.0,184.0,300,1.414,0,0,0,0,0,1
e2711620-6d4e-4f9c-8922-b1b2d1fb74f2,623,medium_high,146.0,182.0,296,1.414,0,0,0,0,0,1
e2711620-6d4e-4f9c-8922-b1b2d1fb74f2,624,medium_high,144.0,184.0,258,2.236,0,0,0,0,0,1
e2711620-6d4e-4f9c-8922-b1b2d1fb74f2,625,medium_high,131.0,191.0,76,3.606,0,0,1,1,1,1
e2711620-6d4e-4f9c-8922-b1b2d1fb74f2,626,medium_high,141.0,189.0,353,4.243,0,0,0,0,0,1
e2711620-6d4e-4f9c-8922-b1b2d1fb74f2,627,medium_high,150.0,184.0,15,5.099,1,1,1,1,1,1
e2711620-6d4e-4f9c-8922-b1b2d1fb74f2,628,medium_high,152.0,184.0,29,3.162,0,1,1,1,1,1
e2711620-6d4e-4f9c-8922-b1b2d1fb74f2,629,medium_high,141.0,189.0,217,7.28,0,0,0,0,0,0
e2711620-6d4e-4f9c-8922-b1b2d1fb74f2,630,medium_high,146.0,182.0,217,3.0,0,0,0,0,0,1
e2711620-6d4e-4f9c-8922-b1b2d1fb74f2,631,medium_high,146.0,184.0,243,4.472,0,0,0,0,0,1
e2711620-6d4e-4f9c-8922-b1b2d1fb74f2,632,medium_high,148.0,184.0,35,5.099,0,1,1,1,1,1
e2711620-6d4e-4f9c-8922-b1b2d1fb74f2,633,medium_high,150.0,184.0,21,3.162,0,1,1,1,1,1
e2711620-6d4e-4f9c-8922-b1b2d1fb74f2,634,medium_high,144.0,186.0,196,4.472,0,0,0,0,1,1
e2711620-6d4e-4f9c-8922-b1b2d1fb74f2,635,medium_high,127.0,197.0,73,5.0,0,0,1,1,1,1
e2711620-6d4e-4f9c-8922-b1b2d1fb74f2,636,medium_high,144.0,186.0,230,5.385,0,0,0,0,0,1
e2711620-6d4e-4f9c-8922-b1b2d1fb74f2,637,medium_high,142.0,186.0,217,4.123,0,0,0,0,0,1
e2711620-6d4e-4f9c-8922-b1b2d1fb74f2,638,medium_high,142.0,186.0,238,4.123,0,0,0,0,0,1
e2711620-6d4e-4f9c-8922-b1b2d1fb74f2,639,medium_high,136.0,190.0,290,5.099,0,0,0,0,0,1
e2711620-6d4e-4f9c-8922-b1b2d1fb74f2,640,medium_high,123.0,197.0,79,4.123,0,0,1,1,1,1
e2711620-6d4e-4f9c-8922-b1b2d1fb74f2,641,medium_high,140.0,188.0,264,3.606,0,0,0,0,0,1
e2711620-6d4e-4f9c-8922-b1b2d1fb74f2,642,medium_high,138.0,190.0,295,3.606,0,0,0,0,0,1
e2711620-6d4e-4f9c-8922-b1b2d1fb74f2,643,medium_high,129.0,197.0,68,5.099,0,0,1,1,1,1
e2711620-6d4e-4f9c-8922-b1b2d1fb74f2,644,medium_high,138.0,190.0,235,4.123,0,0,0,0,0,1
e2711620-6d4e-4f9c-8922-b1b2d1fb74f2,645,medium_high,140.0,188.0,75,4.243,0,0,1,1,1,1
e2711620-6d4e-4f9c-8922-b1b2d1fb74f2,646,medium_high,132.0,192.0,278,3.0,0,0,0,0,0,1
e2711620-6d4e-4f9c-8922-b1b2d1fb74f2,647,medium_high,130.0,194.0,182,3.162,0,0,0,0,1,1
e2711620-6d4e-4f9c-8922-b1b2d1fb74f2,648,medium_high,128.0,194.0,175,4.243,0,0,0,0,1,1
e2711620-6d4e-4f9c-8922-b1b2d1fb74f2,649,medium_high,128.0,194.0,131,2.236,0,0,0,0,1,1
e2711620-6d4e-4f9c-8922-b1b2d1fb74f2,650,high,128.0,194.0,134,2.236,0,0,0,0,1,1
e2711620-6d4e-4f9c-8922-b1b2d1fb74f2,651,high,127.0,194.0,67,1.0,0,0,1,1,1,1
e2711620-6d4e-4f9c-8922-b1b2d1fb74f2,652,high,135.0,194.0,8,3.0,1,1,1,1,1,1
e2711620-6d4e-4f9c-8922-b1b2d1fb74f2,653,high,135.0,194.0,8,4.123,1,1,1,1,1,1
e2711620-6d4e-4f9c-8922-b1b2d1fb74f2,654,high,139.0,194.0,188,9.22,0,0,0,0,0,0
e2711620-6d4e-4f9c-8922-b1b2d1fb74f2,655,high,139.0,194.0,153,9.22,0,0,0,0,0,0
e2711620-6d4e-4f9c-8922-b1b2d1fb74f2,656,high,143.0,194.0,200,5.0,0,0,0,0,1,1
e2711620-6d4e-4f9c-8922-b1b2d1fb74f2,657,high,146.0,194.0,33,4.472,0,1,1,1,1,1
e2711620-6d4e-4f9c-8922-b1b2d1fb74f2,658,high,146.0,194.0,67,5.385,0,0,1,1,1,1
e2711620-6d4e-4f9c-8922-b1b2d1fb74f2,659,high,150.0,194.0,49,5.385,0,1,1,1,1,1
e2711620-6d4e-4f9c-8922-b1b2d1fb74f2,660,high,150.0,194.0,45,5.0,0,1,1,1,1,1
e2711620-6d4e-4f9c-8922-b1b2d1fb74f2,661,high,153.0,194.0,29,5.0,0,1,1,1,1,1
e2711620-6d4e-4f9c-8922-b1b2d1fb74f2,662,high,156.0,194.0,15,5.385,1,1,1,1,1,1
e2711620-6d4e-4f9c-8922-b1b2d1fb74f2,663,high,156.0,194.0,144,5.385,0,0,0,0,1,1
e2711620-6d4e-4f9c-8922-b1b2d1fb74f2,664,high,159.0,194.0,44,4.123,0,1,1,1,1,1
e2711620-6d4e-4f9c-8922-b1b2d1fb74f2,665,high,159.0,194.0,34,4.123,0,1,1,1,1,1
e2711620-6d4e-4f9c-8922-b1b2d1fb74f2,666,high,163.0,194.0,1,5.385,1,1,1,1,1,1
e2711620-6d4e-4f9c-8922-b1b2d1fb74f2,667,high,166.0,194.0,4,5.385,1,1,1,1,1,1
e2711620-6d4e-4f9c-8922-b1b2d1fb74f2,668,high,166.0,194.0,10,5.385,1,1,1,1,1,1
e2711620-6d4e-4f9c-8922-b1b2d1fb74f2,669,high,168.0,193.0,17,4.472,1,1,1,1,1,1
e2711620-6d4e-4f9c-8922-b1b2d1fb74f2,670,high,168.0,193.0,1,5.0,1,1,1,1,1,1
e2711620-6d4e-4f9c-8922-b1b2d1fb74f2,671,high,171.0,193.0,7,5.385,1,1,1,1,1,1
e2711620-6d4e-4f9c-8922-b1b2d1fb74f2,672,high,174.0,193.0,18,5.099,1,1,1,1,1,1
e2711620-6d4e-4f9c-8922-b1b2d1fb74f2,673,high,174.0,193.0,67,8.944,0,0,0,0,0,0
e2711620-6d4e-4f9c-8922-b1b2d1fb74f2,674,high,176.0,193.0,12,5.385,1,1,1,1,1,1
e2711620-6d4e-4f9c-8922-b1b2d1fb74f2,675,high,176.0,193.0,29,5.385,0,1,1,1,1,1
e2711620-6d4e-4f9c-8922-b1b2d1fb74f2,676,high,179.0,193.0,14,5.099,1,1,1,1,1,1
e2711620-6d4e-4f9c-8922-b1b2d1fb74f2,677,high,181.0,192.0,14,5.0,1,1,1,1,1,1
e2711620-6d4e-4f9c-8922-b1b2d1fb74f2,678,high,181.0,192.0,37,5.0,0,1,1,1,1,1
e2711620-6d4e-4f9c-8922-b1b2d1fb74f2,679,high,183.0,192.0,23,6.083,0,0,0,0,0,0
e2711620-6d4e-4f9c-8922-b1b2d1fb74f2,680,high,183.0,192.0,29,5.385,0,1,1,1,1,1
e2711620-6d4e-4f9c-8922-b1b2d1fb74f2,681,high,186.0,192.0,70,5.099,0,0,1,1,1,1
e2711620-6d4e-4f9c-8922-b1b2d1fb74f2,682,high,187.0,191.0,13,5.385,1,1,1,1,1,1
e2711620-6d4e-4f9c-8922-b1b2d1fb74f2,683,high,187.0,191.0,29,5.385,0,1,1,1,1,1
e2711620-6d4e-4f9c-8922-b1b2d1fb74f2,684,high,189.0,191.0,9,5.385,1,1,1,1,1,1
e2711620-6d4e-4f9c-8922-b1b2d1fb74f2,685,high,189.0,191.0,4,5.385,1,1,1,1,1,1
e2711620-6d4e-4f9c-8922-b1b2d1fb74f2,686,high,191.0,190.0,17,6.325,0,0,0,0,0,0
e2711620-6d4e-4f9c-8922-b1b2d1fb74f2,687,high,193.0,190.0,187,4.0,0,0,0,0,1,1
e2711620-6d4e-4f9c-8922-b1b2d1fb74f2,688,high,193.0,190.0,3,6.083,0,0,0,0,0,0
e2711620-6d4e-4f9c-8922-b1b2d1fb74f2,689,high,194.0,189.0,83,5.0,0,0,0,1,1,1
e2711620-6d4e-4f9c-8922-b1b2d1fb74f2,690,high,194.0,189.0,53,5.385,0,0,1,1,1,1
e2711620-6d4e-4f9c-8922-b1b2d1fb74f2,691,high,196.0,189.0,16,5.385,1,1,1,1,1,1
e2711620-6d4e-4f9c-8922-b1b2d1fb74f2,692,high,197.0,188.0,35,5.385,0,1,1,1,1,1
e2711620-6d4e-4f9c-8922-b1b2d1fb74f2,693,high,197.0,188.0,11,5.385,1,1,1,1,1,1
e2711620-6d4e-4f9c-8922-b1b2d1fb74f2,694,high,199.0,188.0,8,5.099,1,1,1,1,1,1
e2711620-6d4e-4f9c-8922-b1b2d1fb74f2,695,high,199.0,188.0,20,5.099,1,1,1,1,1,1
e2711620-6d4e-4f9c-8922-b1b2d1fb74f2,696,high,200.0,187.0,5,4.472,1,1,1,1,1,1
e2711620-6d4e-4f9c-8922-b1b2d1fb74f2,697,high,202.0,187.0,2,5.385,1,1,1,1,1,1
e2711620-6d4e-4f9c-8922-b1b2d1fb74f2,698,high,202.0,187.0,24,6.083,0,0,0,0,0,0
