clip,frame,time_s,visible,confidence,det_x,det_y,det_w,det_h,source,notes
d129cd72-3228-426d-9252-4e0b3e14927b,0,0.0,0,high_not_visible,,,,,gpt_vision_full_video_d129_v1,No drone visible to GPT vision in full-frame contact sheet; expect no selected box.
d129cd72-3228-426d-9252-4e0b3e14927b,1,0.02,0,high_not_visible,,,,,gpt_vision_full_video_d129_v1,No drone visible to GPT vision in full-frame contact sheet; expect no selected box.
d129cd72-3228-426d-9252-4e0b3e14927b,2,0.04,0,high_not_visible,,,,,gpt_vision_full_video_d129_v1,No drone visible to GPT vision in full-frame contact sheet; expect no selected box.
d129cd72-3228-426d-9252-4e0b3e14927b,3,0.06,0,high_not_visible,,,,,gpt_vision_full_video_d129_v1,No drone visible to GPT vision in full-frame contact sheet; expect no selected box.
d129cd72-3228-426d-9252-4e0b3e14927b,4,0.081,0,high_not_visible,,,,,gpt_vision_full_video_d129_v1,No drone visible to GPT vision in full-frame contact sheet; expect no selected box.
d129cd72-3228-426d-9252-4e0b3e14927b,5,0.101,0,high_not_visible,,,,,gpt_vision_full_video_d129_v1,No drone visible to GPT vision in full-frame contact sheet; expect no selected box.
d129cd72-3228-426d-9252-4e0b3e14927b,6,0.121,0,high_not_visible,,,,,gpt_vision_full_video_d129_v1,No drone visible to GPT vision in full-frame contact sheet; expect no selected box.
d129cd72-3228-426d-9252-4e0b3e14927b,7,0.141,0,high_not_visible,,,,,gpt_vision_full_video_d129_v1,No drone visible to GPT vision in full-frame contact sheet; expect no selected box.
d129cd72-3228-426d-9252-4e0b3e14927b,8,0.161,0,high_not_visible,,,,,gpt_vision_full_video_d129_v1,No drone visible to GPT vision in full-frame contact sheet; expect no selected box.
d129cd72-3228-426d-9252-4e0b3e14927b,9,0.181,0,high_not_visible,,,,,gpt_vision_full_video_d129_v1,No drone visible to GPT vision in full-frame contact sheet; expect no selected box.
d129cd72-3228-426d-9252-4e0b3e14927b,10,0.202,0,high_not_visible,,,,,gpt_vision_full_video_d129_v1,No drone visible to GPT vision in full-frame contact sheet; expect no selected box.
d129cd72-3228-426d-9252-4e0b3e14927b,11,0.222,0,high_not_visible,,,,,gpt_vision_full_video_d129_v1,No drone visible to GPT vision in full-frame contact sheet; expect no selected box.
d129cd72-3228-426d-9252-4e0b3e14927b,12,0.242,0,high_not_visible,,,,,gpt_vision_full_video_d129_v1,No drone visible to GPT vision in full-frame contact sheet; expect no selected box.
d129cd72-3228-426d-9252-4e0b3e14927b,13,0.262,0,high_not_visible,,,,,gpt_vision_full_video_d129_v1,No drone visible to GPT vision in full-frame contact sheet; expect no selected box.
d129cd72-3228-426d-9252-4e0b3e14927b,14,0.282,0,high_not_visible,,,,,gpt_vision_full_video_d129_v1,No drone visible to GPT vision in full-frame contact sheet; expect no selected box.
d129cd72-3228-426d-9252-4e0b3e14927b,15,0.302,0,high_not_visible,,,,,gpt_vision_full_video_d129_v1,No drone visible to GPT vision in full-frame contact sheet; expect no selected box.
d129cd72-3228-426d-9252-4e0b3e14927b,16,0.323,0,high_not_visible,,,,,gpt_vision_full_video_d129_v1,No drone visible to GPT vision in full-frame contact sheet; expect no selected box.
d129cd72-3228-426d-9252-4e0b3e14927b,17,0.343,0,high_not_visible,,,,,gpt_vision_full_video_d129_v1,No drone visible to GPT vision in full-frame contact sheet; expect no selected box.
d129cd72-3228-426d-9252-4e0b3e14927b,18,0.363,0,high_not_visible,,,,,gpt_vision_full_video_d129_v1,No drone visible to GPT vision in full-frame contact sheet; expect no selected box.
d129cd72-3228-426d-9252-4e0b3e14927b,19,0.383,0,high_not_visible,,,,,gpt_vision_full_video_d129_v1,No drone visible to GPT vision in full-frame contact sheet; expect no selected box.
d129cd72-3228-426d-9252-4e0b3e14927b,20,0.403,0,high_not_visible,,,,,gpt_vision_full_video_d129_v1,No drone visible to GPT vision in full-frame contact sheet; expect no selected box.
d129cd72-3228-426d-9252-4e0b3e14927b,21,0.423,0,high_not_visible,,,,,gpt_vision_full_video_d129_v1,No drone visible to GPT vision in full-frame contact sheet; expect no selected box.
d129cd72-3228-426d-9252-4e0b3e14927b,22,0.444,0,high_not_visible,,,,,gpt_vision_full_video_d129_v1,No drone visible to GPT vision in full-frame contact sheet; expect no selected box.
d129cd72-3228-426d-9252-4e0b3e14927b,23,0.464,0,high_not_visible,,,,,gpt_vision_full_video_d129_v1,No drone visible to GPT vision in full-frame contact sheet; expect no selected box.
d129cd72-3228-426d-9252-4e0b3e14927b,24,0.484,0,high_not_visible,,,,,gpt_vision_full_video_d129_v1,No drone visible to GPT vision in full-frame contact sheet; expect no selected box.
d129cd72-3228-426d-9252-4e0b3e14927b,25,0.504,0,high_not_visible,,,,,gpt_vision_full_video_d129_v1,No drone visible to GPT vision in full-frame contact sheet; expect no selected box.
d129cd72-3228-426d-9252-4e0b3e14927b,26,0.524,0,high_not_visible,,,,,gpt_vision_full_video_d129_v1,No drone visible to GPT vision in full-frame contact sheet; expect no selected box.
d129cd72-3228-426d-9252-4e0b3e14927b,27,0.544,0,high_not_visible,,,,,gpt_vision_full_video_d129_v1,No drone visible to GPT vision in full-frame contact sheet; expect no selected box.
d129cd72-3228-426d-9252-4e0b3e14927b,28,0.564,0,high_not_visible,,,,,gpt_vision_full_video_d129_v1,No drone visible to GPT vision in full-frame contact sheet; expect no selected box.
d129cd72-3228-426d-9252-4e0b3e14927b,29,0.585,0,high_not_visible,,,,,gpt_vision_full_video_d129_v1,No drone visible to GPT vision in full-frame contact sheet; expect no selected box.
d129cd72-3228-426d-9252-4e0b3e14927b,30,0.605,0,high_not_visible,,,,,gpt_vision_full_video_d129_v1,No drone visible to GPT vision in full-frame contact sheet; expect no selected box.
d129cd72-3228-426d-9252-4e0b3e14927b,31,0.625,0,high_not_visible,,,,,gpt_vision_full_video_d129_v1,No drone visible to GPT vision in full-frame contact sheet; expect no selected box.
d129cd72-3228-426d-9252-4e0b3e14927b,32,0.645,0,high_not_visible,,,,,gpt_vision_full_video_d129_v1,No drone visible to GPT vision in full-frame contact sheet; expect no selected box.
d129cd72-3228-426d-9252-4e0b3e14927b,33,0.665,0,high_not_visible,,,,,gpt_vision_full_video_d129_v1,No drone visible to GPT vision in full-frame contact sheet; expect no selected box.
d129cd72-3228-426d-9252-4e0b3e14927b,34,0.685,0,high_not_visible,,,,,gpt_vision_full_video_d129_v1,No drone visible to GPT vision in full-frame contact sheet; expect no selected box.
d129cd72-3228-426d-9252-4e0b3e14927b,35,0.706,0,high_not_visible,,,,,gpt_vision_full_video_d129_v1,No drone visible to GPT vision in full-frame contact sheet; expect no selected box.
d129cd72-3228-426d-9252-4e0b3e14927b,36,0.726,0,high_not_visible,,,,,gpt_vision_full_video_d129_v1,No drone visible to GPT vision in full-frame contact sheet; expect no selected box.
d129cd72-3228-426d-9252-4e0b3e14927b,37,0.746,0,high_not_visible,,,,,gpt_vision_full_video_d129_v1,No drone visible to GPT vision in full-frame contact sheet; expect no selected box.
d129cd72-3228-426d-9252-4e0b3e14927b,38,0.766,0,high_not_visible,,,,,gpt_vision_full_video_d129_v1,No drone visible to GPT vision in full-frame contact sheet; expect no selected box.
d129cd72-3228-426d-9252-4e0b3e14927b,39,0.786,0,high_not_visible,,,,,gpt_vision_full_video_d129_v1,No drone visible to GPT vision in full-frame contact sheet; expect no selected box.
d129cd72-3228-426d-9252-4e0b3e14927b,40,0.806,0,high_not_visible,,,,,gpt_vision_full_video_d129_v1,No drone visible to GPT vision in full-frame contact sheet; expect no selected box.
d129cd72-3228-426d-9252-4e0b3e14927b,41,0.827,0,high_not_visible,,,,,gpt_vision_full_video_d129_v1,No drone visible to GPT vision in full-frame contact sheet; expect no selected box.
d129cd72-3228-426d-9252-4e0b3e14927b,42,0.847,0,high_not_visible,,,,,gpt_vision_full_video_d129_v1,No drone visible to GPT vision in full-frame contact sheet; expect no selected box.
d129cd72-3228-426d-9252-4e0b3e14927b,43,0.867,0,high_not_visible,,,,,gpt_vision_full_video_d129_v1,No drone visible to GPT vision in full-frame contact sheet; expect no selected box.
d129cd72-3228-426d-9252-4e0b3e14927b,44,0.887,0,high_not_visible,,,,,gpt_vision_full_video_d129_v1,No drone visible to GPT vision in full-frame contact sheet; expect no selected box.
d129cd72-3228-426d-9252-4e0b3e14927b,45,0.907,0,high_not_visible,,,,,gpt_vision_full_video_d129_v1,No drone visible to GPT vision in full-frame contact sheet; expect no selected box.
d129cd72-3228-426d-9252-4e0b3e14927b,46,0.927,0,high_not_visible,,,,,gpt_vision_full_video_d129_v1,No drone visible to GPT vision in full-frame contact sheet; expect no selected box.
d129cd72-3228-426d-9252-4e0b3e14927b,47,0.948,0,high_not_visible,,,,,gpt_vision_full_video_d129_v1,No drone visible to GPT vision in full-frame contact sheet; expect no selected box.
d129cd72-3228-426d-9252-4e0b3e14927b,48,0.968,0,high_not_visible,,,,,gpt_vision_full_video_d129_v1,No drone visible to GPT vision in full-frame contact sheet; expect no selected box.
d129cd72-3228-426d-9252-4e0b3e14927b,49,0.988,0,high_not_visible,,,,,gpt_vision_full_video_d129_v1,No drone visible to GPT vision in full-frame contact sheet; expect no selected box.
d129cd72-3228-426d-9252-4e0b3e14927b,50,1.008,0,high_not_visible,,,,,gpt_vision_full_video_d129_v1,No drone visible to GPT vision in full-frame contact sheet; expect no selected box.
d129cd72-3228-426d-9252-4e0b3e14927b,51,1.028,0,high_not_visible,,,,,gpt_vision_full_video_d129_v1,No drone visible to GPT vision in full-frame contact sheet; expect no selected box.
d129cd72-3228-426d-9252-4e0b3e14927b,52,1.048,0,high_not_visible,,,,,gpt_vision_full_video_d129_v1,No drone visible to GPT vision in full-frame contact sheet; expect no selected box.
d129cd72-3228-426d-9252-4e0b3e14927b,53,1.068,0,high_not_visible,,,,,gpt_vision_full_video_d129_v1,No drone visible to GPT vision in full-frame contact sheet; expect no selected box.
d129cd72-3228-426d-9252-4e0b3e14927b,54,1.089,0,high_not_visible,,,,,gpt_vision_full_video_d129_v1,No drone visible to GPT vision in full-frame contact sheet; expect no selected box.
d129cd72-3228-426d-9252-4e0b3e14927b,55,1.109,0,high_not_visible,,,,,gpt_vision_full_video_d129_v1,No drone visible to GPT vision in full-frame contact sheet; expect no selected box.
d129cd72-3228-426d-9252-4e0b3e14927b,56,1.129,0,high_not_visible,,,,,gpt_vision_full_video_d129_v1,No drone visible to GPT vision in full-frame contact sheet; expect no selected box.
d129cd72-3228-426d-9252-4e0b3e14927b,57,1.149,0,high_not_visible,,,,,gpt_vision_full_video_d129_v1,No drone visible to GPT vision in full-frame contact sheet; expect no selected box.
d129cd72-3228-426d-9252-4e0b3e14927b,58,1.169,0,high_not_visible,,,,,gpt_vision_full_video_d129_v1,No drone visible to GPT vision in full-frame contact sheet; expect no selected box.
d129cd72-3228-426d-9252-4e0b3e14927b,59,1.189,0,high_not_visible,,,,,gpt_vision_full_video_d129_v1,No drone visible to GPT vision in full-frame contact sheet; expect no selected box.
d129cd72-3228-426d-9252-4e0b3e14927b,60,1.21,0,high_not_visible,,,,,gpt_vision_full_video_d129_v1,No drone visible to GPT vision in full-frame contact sheet; expect no selected box.
d129cd72-3228-426d-9252-4e0b3e14927b,61,1.23,0,high_not_visible,,,,,gpt_vision_full_video_d129_v1,No drone visible to GPT vision in full-frame contact sheet; expect no selected box.
d129cd72-3228-426d-9252-4e0b3e14927b,62,1.25,0,high_not_visible,,,,,gpt_vision_full_video_d129_v1,No drone visible to GPT vision in full-frame contact sheet; expect no selected box.
d129cd72-3228-426d-9252-4e0b3e14927b,63,1.27,0,high_not_visible,,,,,gpt_vision_full_video_d129_v1,No drone visible to GPT vision in full-frame contact sheet; expect no selected box.
d129cd72-3228-426d-9252-4e0b3e14927b,64,1.29,0,high_not_visible,,,,,gpt_vision_full_video_d129_v1,No drone visible to GPT vision in full-frame contact sheet; expect no selected box.
d129cd72-3228-426d-9252-4e0b3e14927b,65,1.31,0,high_not_visible,,,,,gpt_vision_full_video_d129_v1,No drone visible to GPT vision in full-frame contact sheet; expect no selected box.
d129cd72-3228-426d-9252-4e0b3e14927b,66,1.331,0,high_not_visible,,,,,gpt_vision_full_video_d129_v1,No drone visible to GPT vision in full-frame contact sheet; expect no selected box.
d129cd72-3228-426d-9252-4e0b3e14927b,67,1.351,0,high_not_visible,,,,,gpt_vision_full_video_d129_v1,No drone visible to GPT vision in full-frame contact sheet; expect no selected box.
d129cd72-3228-426d-9252-4e0b3e14927b,68,1.371,0,high_not_visible,,,,,gpt_vision_full_video_d129_v1,No drone visible to GPT vision in full-frame contact sheet; expect no selected box.
d129cd72-3228-426d-9252-4e0b3e14927b,69,1.391,0,high_not_visible,,,,,gpt_vision_full_video_d129_v1,No drone visible to GPT vision in full-frame contact sheet; expect no selected box.
d129cd72-3228-426d-9252-4e0b3e14927b,70,1.411,0,high_not_visible,,,,,gpt_vision_full_video_d129_v1,No drone visible to GPT vision in full-frame contact sheet; expect no selected box.
d129cd72-3228-426d-9252-4e0b3e14927b,71,1.431,0,high_not_visible,,,,,gpt_vision_full_video_d129_v1,No drone visible to GPT vision in full-frame contact sheet; expect no selected box.
d129cd72-3228-426d-9252-4e0b3e14927b,72,1.452,0,high_not_visible,,,,,gpt_vision_full_video_d129_v1,No drone visible to GPT vision in full-frame contact sheet; expect no selected box.
d129cd72-3228-426d-9252-4e0b3e14927b,73,1.472,0,high_not_visible,,,,,gpt_vision_full_video_d129_v1,No drone visible to GPT vision in full-frame contact sheet; expect no selected box.
d129cd72-3228-426d-9252-4e0b3e14927b,74,1.492,0,high_not_visible,,,,,gpt_vision_full_video_d129_v1,No drone visible to GPT vision in full-frame contact sheet; expect no selected box.
d129cd72-3228-426d-9252-4e0b3e14927b,75,1.512,0,high_not_visible,,,,,gpt_vision_full_video_d129_v1,No drone visible to GPT vision in full-frame contact sheet; expect no selected box.
d129cd72-3228-426d-9252-4e0b3e14927b,76,1.532,0,high_not_visible,,,,,gpt_vision_full_video_d129_v1,No drone visible to GPT vision in full-frame contact sheet; expect no selected box.
d129cd72-3228-426d-9252-4e0b3e14927b,77,1.552,0,high_not_visible,,,,,gpt_vision_full_video_d129_v1,No drone visible to GPT vision in full-frame contact sheet; expect no selected box.
d129cd72-3228-426d-9252-4e0b3e14927b,78,1.572,0,high_not_visible,,,,,gpt_vision_full_video_d129_v1,No drone visible to GPT vision in full-frame contact sheet; expect no selected box.
d129cd72-3228-426d-9252-4e0b3e14927b,79,1.593,0,high_not_visible,,,,,gpt_vision_full_video_d129_v1,No drone visible to GPT vision in full-frame contact sheet; expect no selected box.
d129cd72-3228-426d-9252-4e0b3e14927b,80,1.613,0,high_not_visible,,,,,gpt_vision_full_video_d129_v1,No drone visible to GPT vision in full-frame contact sheet; expect no selected box.
d129cd72-3228-426d-9252-4e0b3e14927b,81,1.633,0,high_not_visible,,,,,gpt_vision_full_video_d129_v1,No drone visible to GPT vision in full-frame contact sheet; expect no selected box.
d129cd72-3228-426d-9252-4e0b3e14927b,82,1.653,0,high_not_visible,,,,,gpt_vision_full_video_d129_v1,No drone visible to GPT vision in full-frame contact sheet; expect no selected box.
d129cd72-3228-426d-9252-4e0b3e14927b,83,1.673,0,high_not_visible,,,,,gpt_vision_full_video_d129_v1,No drone visible to GPT vision in full-frame contact sheet; expect no selected box.
d129cd72-3228-426d-9252-4e0b3e14927b,84,1.693,0,high_not_visible,,,,,gpt_vision_full_video_d129_v1,No drone visible to GPT vision in full-frame contact sheet; expect no selected box.
d129cd72-3228-426d-9252-4e0b3e14927b,85,1.714,0,high_not_visible,,,,,gpt_vision_full_video_d129_v1,No drone visible to GPT vision in full-frame contact sheet; expect no selected box.
d129cd72-3228-426d-9252-4e0b3e14927b,86,1.734,0,high_not_visible,,,,,gpt_vision_full_video_d129_v1,No drone visible to GPT vision in full-frame contact sheet; expect no selected box.
d129cd72-3228-426d-9252-4e0b3e14927b,87,1.754,0,high_not_visible,,,,,gpt_vision_full_video_d129_v1,No drone visible to GPT vision in full-frame contact sheet; expect no selected box.
d129cd72-3228-426d-9252-4e0b3e14927b,88,1.774,0,high_not_visible,,,,,gpt_vision_full_video_d129_v1,No drone visible to GPT vision in full-frame contact sheet; expect no selected box.
d129cd72-3228-426d-9252-4e0b3e14927b,89,1.794,0,high_not_visible,,,,,gpt_vision_full_video_d129_v1,No drone visible to GPT vision in full-frame contact sheet; expect no selected box.
d129cd72-3228-426d-9252-4e0b3e14927b,90,1.814,0,high_not_visible,,,,,gpt_vision_full_video_d129_v1,No drone visible to GPT vision in full-frame contact sheet; expect no selected box.
d129cd72-3228-426d-9252-4e0b3e14927b,91,1.835,0,high_not_visible,,,,,gpt_vision_full_video_d129_v1,No drone visible to GPT vision in full-frame contact sheet; expect no selected box.
d129cd72-3228-426d-9252-4e0b3e14927b,92,1.855,0,high_not_visible,,,,,gpt_vision_full_video_d129_v1,No drone visible to GPT vision in full-frame contact sheet; expect no selected box.
d129cd72-3228-426d-9252-4e0b3e14927b,93,1.875,0,high_not_visible,,,,,gpt_vision_full_video_d129_v1,No drone visible to GPT vision in full-frame contact sheet; expect no selected box.
d129cd72-3228-426d-9252-4e0b3e14927b,94,1.895,0,high_not_visible,,,,,gpt_vision_full_video_d129_v1,No drone visible to GPT vision in full-frame contact sheet; expect no selected box.
d129cd72-3228-426d-9252-4e0b3e14927b,95,1.915,0,high_not_visible,,,,,gpt_vision_full_video_d129_v1,No drone visible to GPT vision in full-frame contact sheet; expect no selected box.
d129cd72-3228-426d-9252-4e0b3e14927b,96,1.935,0,high_not_visible,,,,,gpt_vision_full_video_d129_v1,No drone visible to GPT vision in full-frame contact sheet; expect no selected box.
d129cd72-3228-426d-9252-4e0b3e14927b,97,1.956,0,high_not_visible,,,,,gpt_vision_full_video_d129_v1,No drone visible to GPT vision in full-frame contact sheet; expect no selected box.
d129cd72-3228-426d-9252-4e0b3e14927b,98,1.976,0,high_not_visible,,,,,gpt_vision_full_video_d129_v1,No drone visible to GPT vision in full-frame contact sheet; expect no selected box.
d129cd72-3228-426d-9252-4e0b3e14927b,99,1.996,0,high_not_visible,,,,,gpt_vision_full_video_d129_v1,No drone visible to GPT vision in full-frame contact sheet; expect no selected box.
d129cd72-3228-426d-9252-4e0b3e14927b,100,2.016,0,high_not_visible,,,,,gpt_vision_full_video_d129_v1,No drone visible to GPT vision in full-frame contact sheet; expect no selected box.
d129cd72-3228-426d-9252-4e0b3e14927b,101,2.036,0,high_not_visible,,,,,gpt_vision_full_video_d129_v1,No drone visible to GPT vision in full-frame contact sheet; expect no selected box.
d129cd72-3228-426d-9252-4e0b3e14927b,102,2.056,0,high_not_visible,,,,,gpt_vision_full_video_d129_v1,No drone visible to GPT vision in full-frame contact sheet; expect no selected box.
d129cd72-3228-426d-9252-4e0b3e14927b,103,2.076,0,high_not_visible,,,,,gpt_vision_full_video_d129_v1,No drone visible to GPT vision in full-frame contact sheet; expect no selected box.
d129cd72-3228-426d-9252-4e0b3e14927b,104,2.097,0,high_not_visible,,,,,gpt_vision_full_video_d129_v1,No drone visible to GPT vision in full-frame contact sheet; expect no selected box.
d129cd72-3228-426d-9252-4e0b3e14927b,105,2.117,0,high_not_visible,,,,,gpt_vision_full_video_d129_v1,No drone visible to GPT vision in full-frame contact sheet; expect no selected box.
d129cd72-3228-426d-9252-4e0b3e14927b,106,2.137,0,high_not_visible,,,,,gpt_vision_full_video_d129_v1,No drone visible to GPT vision in full-frame contact sheet; expect no selected box.
d129cd72-3228-426d-9252-4e0b3e14927b,107,2.157,0,high_not_visible,,,,,gpt_vision_full_video_d129_v1,No drone visible to GPT vision in full-frame contact sheet; expect no selected box.
d129cd72-3228-426d-9252-4e0b3e14927b,108,2.177,0,high_not_visible,,,,,gpt_vision_full_video_d129_v1,No drone visible to GPT vision in full-frame contact sheet; expect no selected box.
d129cd72-3228-426d-9252-4e0b3e14927b,109,2.197,0,high_not_visible,,,,,gpt_vision_full_video_d129_v1,No drone visible to GPT vision in full-frame contact sheet; expect no selected box.
d129cd72-3228-426d-9252-4e0b3e14927b,110,2.218,0,high_not_visible,,,,,gpt_vision_full_video_d129_v1,No drone visible to GPT vision in full-frame contact sheet; expect no selected box.
d129cd72-3228-426d-9252-4e0b3e14927b,111,2.238,0,high_not_visible,,,,,gpt_vision_full_video_d129_v1,No drone visible to GPT vision in full-frame contact sheet; expect no selected box.
d129cd72-3228-426d-9252-4e0b3e14927b,112,2.258,0,high_not_visible,,,,,gpt_vision_full_video_d129_v1,No drone visible to GPT vision in full-frame contact sheet; expect no selected box.
d129cd72-3228-426d-9252-4e0b3e14927b,113,2.278,0,high_not_visible,,,,,gpt_vision_full_video_d129_v1,No drone visible to GPT vision in full-frame contact sheet; expect no selected box.
d129cd72-3228-426d-9252-4e0b3e14927b,114,2.298,0,high_not_visible,,,,,gpt_vision_full_video_d129_v1,No drone visible to GPT vision in full-frame contact sheet; expect no selected box.
d129cd72-3228-426d-9252-4e0b3e14927b,115,2.318,0,high_not_visible,,,,,gpt_vision_full_video_d129_v1,No drone visible to GPT vision in full-frame contact sheet; expect no selected box.
d129cd72-3228-426d-9252-4e0b3e14927b,116,2.339,0,high_not_visible,,,,,gpt_vision_full_video_d129_v1,No drone visible to GPT vision in full-frame contact sheet; expect no selected box.
d129cd72-3228-426d-9252-4e0b3e14927b,117,2.359,0,high_not_visible,,,,,gpt_vision_full_video_d129_v1,No drone visible to GPT vision in full-frame contact sheet; expect no selected box.
d129cd72-3228-426d-9252-4e0b3e14927b,118,2.379,0,high_not_visible,,,,,gpt_vision_full_video_d129_v1,No drone visible to GPT vision in full-frame contact sheet; expect no selected box.
d129cd72-3228-426d-9252-4e0b3e14927b,119,2.399,0,high_not_visible,,,,,gpt_vision_full_video_d129_v1,No drone visible to GPT vision in full-frame contact sheet; expect no selected box.
d129cd72-3228-426d-9252-4e0b3e14927b,120,2.419,0,high_not_visible,,,,,gpt_vision_full_video_d129_v1,No drone visible to GPT vision in full-frame contact sheet; expect no selected box.
d129cd72-3228-426d-9252-4e0b3e14927b,121,2.439,0,high_not_visible,,,,,gpt_vision_full_video_d129_v1,No drone visible to GPT vision in full-frame contact sheet; expect no selected box.
d129cd72-3228-426d-9252-4e0b3e14927b,122,2.46,0,high_not_visible,,,,,gpt_vision_full_video_d129_v1,No drone visible to GPT vision in full-frame contact sheet; expect no selected box.
d129cd72-3228-426d-9252-4e0b3e14927b,123,2.48,0,high_not_visible,,,,,gpt_vision_full_video_d129_v1,No drone visible to GPT vision in full-frame contact sheet; expect no selected box.
d129cd72-3228-426d-9252-4e0b3e14927b,124,2.5,0,high_not_visible,,,,,gpt_vision_full_video_d129_v1,No drone visible to GPT vision in full-frame contact sheet; expect no selected box.
d129cd72-3228-426d-9252-4e0b3e14927b,125,2.52,0,high_not_visible,,,,,gpt_vision_full_video_d129_v1,No drone visible to GPT vision in full-frame contact sheet; expect no selected box.
d129cd72-3228-426d-9252-4e0b3e14927b,126,2.54,0,high_not_visible,,,,,gpt_vision_full_video_d129_v1,No drone visible to GPT vision in full-frame contact sheet; expect no selected box.
d129cd72-3228-426d-9252-4e0b3e14927b,127,2.56,0,high_not_visible,,,,,gpt_vision_full_video_d129_v1,No drone visible to GPT vision in full-frame contact sheet; expect no selected box.
d129cd72-3228-426d-9252-4e0b3e14927b,128,2.58,0,high_not_visible,,,,,gpt_vision_full_video_d129_v1,No drone visible to GPT vision in full-frame contact sheet; expect no selected box.
d129cd72-3228-426d-9252-4e0b3e14927b,129,2.601,0,high_not_visible,,,,,gpt_vision_full_video_d129_v1,No drone visible to GPT vision in full-frame contact sheet; expect no selected box.
d129cd72-3228-426d-9252-4e0b3e14927b,130,2.621,0,high_not_visible,,,,,gpt_vision_full_video_d129_v1,No drone visible to GPT vision in full-frame contact sheet; expect no selected box.
d129cd72-3228-426d-9252-4e0b3e14927b,131,2.641,0,high_not_visible,,,,,gpt_vision_full_video_d129_v1,No drone visible to GPT vision in full-frame contact sheet; expect no selected box.
d129cd72-3228-426d-9252-4e0b3e14927b,132,2.661,0,high_not_visible,,,,,gpt_vision_full_video_d129_v1,No drone visible to GPT vision in full-frame contact sheet; expect no selected box.
d129cd72-3228-426d-9252-4e0b3e14927b,133,2.681,0,high_not_visible,,,,,gpt_vision_full_video_d129_v1,No drone visible to GPT vision in full-frame contact sheet; expect no selected box.
d129cd72-3228-426d-9252-4e0b3e14927b,134,2.701,0,high_not_visible,,,,,gpt_vision_full_video_d129_v1,No drone visible to GPT vision in full-frame contact sheet; expect no selected box.
d129cd72-3228-426d-9252-4e0b3e14927b,135,2.722,0,high_not_visible,,,,,gpt_vision_full_video_d129_v1,No drone visible to GPT vision in full-frame contact sheet; expect no selected box.
d129cd72-3228-426d-9252-4e0b3e14927b,136,2.742,0,high_not_visible,,,,,gpt_vision_full_video_d129_v1,No drone visible to GPT vision in full-frame contact sheet; expect no selected box.
d129cd72-3228-426d-9252-4e0b3e14927b,137,2.762,0,high_not_visible,,,,,gpt_vision_full_video_d129_v1,No drone visible to GPT vision in full-frame contact sheet; expect no selected box.
d129cd72-3228-426d-9252-4e0b3e14927b,138,2.782,0,high_not_visible,,,,,gpt_vision_full_video_d129_v1,No drone visible to GPT vision in full-frame contact sheet; expect no selected box.
d129cd72-3228-426d-9252-4e0b3e14927b,139,2.802,0,high_not_visible,,,,,gpt_vision_full_video_d129_v1,No drone visible to GPT vision in full-frame contact sheet; expect no selected box.
d129cd72-3228-426d-9252-4e0b3e14927b,140,2.822,0,high_not_visible,,,,,gpt_vision_full_video_d129_v1,No drone visible to GPT vision in full-frame contact sheet; expect no selected box.
d129cd72-3228-426d-9252-4e0b3e14927b,141,2.843,0,high_not_visible,,,,,gpt_vision_full_video_d129_v1,No drone visible to GPT vision in full-frame contact sheet; expect no selected box.
d129cd72-3228-426d-9252-4e0b3e14927b,142,2.863,0,high_not_visible,,,,,gpt_vision_full_video_d129_v1,No drone visible to GPT vision in full-frame contact sheet; expect no selected box.
d129cd72-3228-426d-9252-4e0b3e14927b,143,2.883,0,high_not_visible,,,,,gpt_vision_full_video_d129_v1,No drone visible to GPT vision in full-frame contact sheet; expect no selected box.
d129cd72-3228-426d-9252-4e0b3e14927b,144,2.903,0,high_not_visible,,,,,gpt_vision_full_video_d129_v1,No drone visible to GPT vision in full-frame contact sheet; expect no selected box.
d129cd72-3228-426d-9252-4e0b3e14927b,145,2.923,0,high_not_visible,,,,,gpt_vision_full_video_d129_v1,No drone visible to GPT vision in full-frame contact sheet; expect no selected box.
d129cd72-3228-426d-9252-4e0b3e14927b,146,2.943,0,high_not_visible,,,,,gpt_vision_full_video_d129_v1,No drone visible to GPT vision in full-frame contact sheet; expect no selected box.
d129cd72-3228-426d-9252-4e0b3e14927b,147,2.964,0,high_not_visible,,,,,gpt_vision_full_video_d129_v1,No drone visible to GPT vision in full-frame contact sheet; expect no selected box.
d129cd72-3228-426d-9252-4e0b3e14927b,148,2.984,0,high_not_visible,,,,,gpt_vision_full_video_d129_v1,No drone visible to GPT vision in full-frame contact sheet; expect no selected box.
d129cd72-3228-426d-9252-4e0b3e14927b,149,3.004,0,high_not_visible,,,,,gpt_vision_full_video_d129_v1,No drone visible to GPT vision in full-frame contact sheet; expect no selected box.
d129cd72-3228-426d-9252-4e0b3e14927b,150,3.024,0,high_not_visible,,,,,gpt_vision_full_video_d129_v1,No drone visible to GPT vision in full-frame contact sheet; expect no selected box.
d129cd72-3228-426d-9252-4e0b3e14927b,151,3.044,0,high_not_visible,,,,,gpt_vision_full_video_d129_v1,No drone visible to GPT vision in full-frame contact sheet; expect no selected box.
d129cd72-3228-426d-9252-4e0b3e14927b,152,3.064,0,high_not_visible,,,,,gpt_vision_full_video_d129_v1,No drone visible to GPT vision in full-frame contact sheet; expect no selected box.
d129cd72-3228-426d-9252-4e0b3e14927b,153,3.084,0,high_not_visible,,,,,gpt_vision_full_video_d129_v1,No drone visible to GPT vision in full-frame contact sheet; expect no selected box.
d129cd72-3228-426d-9252-4e0b3e14927b,154,3.105,0,high_not_visible,,,,,gpt_vision_full_video_d129_v1,No drone visible to GPT vision in full-frame contact sheet; expect no selected box.
d129cd72-3228-426d-9252-4e0b3e14927b,155,3.125,0,high_not_visible,,,,,gpt_vision_full_video_d129_v1,No drone visible to GPT vision in full-frame contact sheet; expect no selected box.
d129cd72-3228-426d-9252-4e0b3e14927b,156,3.145,0,high_not_visible,,,,,gpt_vision_full_video_d129_v1,No drone visible to GPT vision in full-frame contact sheet; expect no selected box.
d129cd72-3228-426d-9252-4e0b3e14927b,157,3.165,0,high_not_visible,,,,,gpt_vision_full_video_d129_v1,No drone visible to GPT vision in full-frame contact sheet; expect no selected box.
d129cd72-3228-426d-9252-4e0b3e14927b,158,3.185,0,high_not_visible,,,,,gpt_vision_full_video_d129_v1,No drone visible to GPT vision in full-frame contact sheet; expect no selected box.
d129cd72-3228-426d-9252-4e0b3e14927b,159,3.205,0,high_not_visible,,,,,gpt_vision_full_video_d129_v1,No drone visible to GPT vision in full-frame contact sheet; expect no selected box.
d129cd72-3228-426d-9252-4e0b3e14927b,160,3.226,0,high_not_visible,,,,,gpt_vision_full_video_d129_v1,No drone visible to GPT vision in full-frame contact sheet; expect no selected box.
d129cd72-3228-426d-9252-4e0b3e14927b,161,3.246,0,high_not_visible,,,,,gpt_vision_full_video_d129_v1,No drone visible to GPT vision in full-frame contact sheet; expect no selected box.
d129cd72-3228-426d-9252-4e0b3e14927b,162,3.266,0,high_not_visible,,,,,gpt_vision_full_video_d129_v1,No drone visible to GPT vision in full-frame contact sheet; expect no selected box.
d129cd72-3228-426d-9252-4e0b3e14927b,163,3.286,0,high_not_visible,,,,,gpt_vision_full_video_d129_v1,No drone visible to GPT vision in full-frame contact sheet; expect no selected box.
d129cd72-3228-426d-9252-4e0b3e14927b,164,3.306,0,high_not_visible,,,,,gpt_vision_full_video_d129_v1,No drone visible to GPT vision in full-frame contact sheet; expect no selected box.
d129cd72-3228-426d-9252-4e0b3e14927b,165,3.326,0,high_not_visible,,,,,gpt_vision_full_video_d129_v1,No drone visible to GPT vision in full-frame contact sheet; expect no selected box.
d129cd72-3228-426d-9252-4e0b3e14927b,166,3.347,0,high_not_visible,,,,,gpt_vision_full_video_d129_v1,No drone visible to GPT vision in full-frame contact sheet; expect no selected box.
d129cd72-3228-426d-9252-4e0b3e14927b,167,3.367,0,high_not_visible,,,,,gpt_vision_full_video_d129_v1,No drone visible to GPT vision in full-frame contact sheet; expect no selected box.
d129cd72-3228-426d-9252-4e0b3e14927b,168,3.387,0,high_not_visible,,,,,gpt_vision_full_video_d129_v1,No drone visible to GPT vision in full-frame contact sheet; expect no selected box.
d129cd72-3228-426d-9252-4e0b3e14927b,169,3.407,0,high_not_visible,,,,,gpt_vision_full_video_d129_v1,No drone visible to GPT vision in full-frame contact sheet; expect no selected box.
d129cd72-3228-426d-9252-4e0b3e14927b,170,3.427,0,high_not_visible,,,,,gpt_vision_full_video_d129_v1,No drone visible to GPT vision in full-frame contact sheet; expect no selected box.
d129cd72-3228-426d-9252-4e0b3e14927b,171,3.447,0,high_not_visible,,,,,gpt_vision_full_video_d129_v1,No drone visible to GPT vision in full-frame contact sheet; expect no selected box.
d129cd72-3228-426d-9252-4e0b3e14927b,172,3.468,0,high_not_visible,,,,,gpt_vision_full_video_d129_v1,No drone visible to GPT vision in full-frame contact sheet; expect no selected box.
d129cd72-3228-426d-9252-4e0b3e14927b,173,3.488,0,high_not_visible,,,,,gpt_vision_full_video_d129_v1,No drone visible to GPT vision in full-frame contact sheet; expect no selected box.
d129cd72-3228-426d-9252-4e0b3e14927b,174,3.508,0,high_not_visible,,,,,gpt_vision_full_video_d129_v1,No drone visible to GPT vision in full-frame contact sheet; expect no selected box.
d129cd72-3228-426d-9252-4e0b3e14927b,175,3.528,0,high_not_visible,,,,,gpt_vision_full_video_d129_v1,No drone visible to GPT vision in full-frame contact sheet; expect no selected box.
d129cd72-3228-426d-9252-4e0b3e14927b,176,3.548,0,high_not_visible,,,,,gpt_vision_full_video_d129_v1,No drone visible to GPT vision in full-frame contact sheet; expect no selected box.
d129cd72-3228-426d-9252-4e0b3e14927b,177,3.568,0,high_not_visible,,,,,gpt_vision_full_video_d129_v1,No drone visible to GPT vision in full-frame contact sheet; expect no selected box.
d129cd72-3228-426d-9252-4e0b3e14927b,178,3.588,0,high_not_visible,,,,,gpt_vision_full_video_d129_v1,No drone visible to GPT vision in full-frame contact sheet; expect no selected box.
d129cd72-3228-426d-9252-4e0b3e14927b,179,3.609,0,high_not_visible,,,,,gpt_vision_full_video_d129_v1,No drone visible to GPT vision in full-frame contact sheet; expect no selected box.
d129cd72-3228-426d-9252-4e0b3e14927b,180,3.629,0,high_not_visible,,,,,gpt_vision_full_video_d129_v1,No drone visible to GPT vision in full-frame contact sheet; expect no selected box.
d129cd72-3228-426d-9252-4e0b3e14927b,181,3.649,0,high_not_visible,,,,,gpt_vision_full_video_d129_v1,No drone visible to GPT vision in full-frame contact sheet; expect no selected box.
d129cd72-3228-426d-9252-4e0b3e14927b,182,3.669,0,high_not_visible,,,,,gpt_vision_full_video_d129_v1,No drone visible to GPT vision in full-frame contact sheet; expect no selected box.
d129cd72-3228-426d-9252-4e0b3e14927b,183,3.689,0,high_not_visible,,,,,gpt_vision_full_video_d129_v1,No drone visible to GPT vision in full-frame contact sheet; expect no selected box.
d129cd72-3228-426d-9252-4e0b3e14927b,184,3.709,0,high_not_visible,,,,,gpt_vision_full_video_d129_v1,No drone visible to GPT vision in full-frame contact sheet; expect no selected box.
d129cd72-3228-426d-9252-4e0b3e14927b,185,3.73,0,high_not_visible,,,,,gpt_vision_full_video_d129_v1,No drone visible to GPT vision in full-frame contact sheet; expect no selected box.
d129cd72-3228-426d-9252-4e0b3e14927b,186,3.75,0,high_not_visible,,,,,gpt_vision_full_video_d129_v1,No drone visible to GPT vision in full-frame contact sheet; expect no selected box.
d129cd72-3228-426d-9252-4e0b3e14927b,187,3.77,0,high_not_visible,,,,,gpt_vision_full_video_d129_v1,No drone visible to GPT vision in full-frame contact sheet; expect no selected box.
d129cd72-3228-426d-9252-4e0b3e14927b,188,3.79,0,high_not_visible,,,,,gpt_vision_full_video_d129_v1,No drone visible to GPT vision in full-frame contact sheet; expect no selected box.
d129cd72-3228-426d-9252-4e0b3e14927b,189,3.81,0,high_not_visible,,,,,gpt_vision_full_video_d129_v1,No drone visible to GPT vision in full-frame contact sheet; expect no selected box.
d129cd72-3228-426d-9252-4e0b3e14927b,190,3.83,0,high_not_visible,,,,,gpt_vision_full_video_d129_v1,No drone visible to GPT vision in full-frame contact sheet; expect no selected box.
d129cd72-3228-426d-9252-4e0b3e14927b,191,3.851,0,high_not_visible,,,,,gpt_vision_full_video_d129_v1,No drone visible to GPT vision in full-frame contact sheet; expect no selected box.
d129cd72-3228-426d-9252-4e0b3e14927b,192,3.871,0,high_not_visible,,,,,gpt_vision_full_video_d129_v1,No drone visible to GPT vision in full-frame contact sheet; expect no selected box.
d129cd72-3228-426d-9252-4e0b3e14927b,193,3.891,0,high_not_visible,,,,,gpt_vision_full_video_d129_v1,No drone visible to GPT vision in full-frame contact sheet; expect no selected box.
d129cd72-3228-426d-9252-4e0b3e14927b,194,3.911,0,high_not_visible,,,,,gpt_vision_full_video_d129_v1,No drone visible to GPT vision in full-frame contact sheet; expect no selected box.
d129cd72-3228-426d-9252-4e0b3e14927b,195,3.931,0,high_not_visible,,,,,gpt_vision_full_video_d129_v1,No drone visible to GPT vision in full-frame contact sheet; expect no selected box.
d129cd72-3228-426d-9252-4e0b3e14927b,196,3.951,0,high_not_visible,,,,,gpt_vision_full_video_d129_v1,No drone visible to GPT vision in full-frame contact sheet; expect no selected box.
d129cd72-3228-426d-9252-4e0b3e14927b,197,3.972,0,high_not_visible,,,,,gpt_vision_full_video_d129_v1,No drone visible to GPT vision in full-frame contact sheet; expect no selected box.
d129cd72-3228-426d-9252-4e0b3e14927b,198,3.992,0,high_not_visible,,,,,gpt_vision_full_video_d129_v1,No drone visible to GPT vision in full-frame contact sheet; expect no selected box.
d129cd72-3228-426d-9252-4e0b3e14927b,199,4.012,0,high_not_visible,,,,,gpt_vision_full_video_d129_v1,No drone visible to GPT vision in full-frame contact sheet; expect no selected box.
d129cd72-3228-426d-9252-4e0b3e14927b,200,4.032,0,high_not_visible,,,,,gpt_vision_full_video_d129_v1,No drone visible to GPT vision in full-frame contact sheet; expect no selected box.
d129cd72-3228-426d-9252-4e0b3e14927b,201,4.052,0,high_not_visible,,,,,gpt_vision_full_video_d129_v1,No drone visible to GPT vision in full-frame contact sheet; expect no selected box.
d129cd72-3228-426d-9252-4e0b3e14927b,202,4.072,0,high_not_visible,,,,,gpt_vision_full_video_d129_v1,No drone visible to GPT vision in full-frame contact sheet; expect no selected box.
d129cd72-3228-426d-9252-4e0b3e14927b,203,4.092,0,high_not_visible,,,,,gpt_vision_full_video_d129_v1,No drone visible to GPT vision in full-frame contact sheet; expect no selected box.
d129cd72-3228-426d-9252-4e0b3e14927b,204,4.113,0,high_not_visible,,,,,gpt_vision_full_video_d129_v1,No drone visible to GPT vision in full-frame contact sheet; expect no selected box.
d129cd72-3228-426d-9252-4e0b3e14927b,205,4.133,0,high_not_visible,,,,,gpt_vision_full_video_d129_v1,No drone visible to GPT vision in full-frame contact sheet; expect no selected box.
d129cd72-3228-426d-9252-4e0b3e14927b,206,4.153,0,high_not_visible,,,,,gpt_vision_full_video_d129_v1,No drone visible to GPT vision in full-frame contact sheet; expect no selected box.
d129cd72-3228-426d-9252-4e0b3e14927b,207,4.173,0,high_not_visible,,,,,gpt_vision_full_video_d129_v1,No drone visible to GPT vision in full-frame contact sheet; expect no selected box.
d129cd72-3228-426d-9252-4e0b3e14927b,208,4.193,0,high_not_visible,,,,,gpt_vision_full_video_d129_v1,No drone visible to GPT vision in full-frame contact sheet; expect no selected box.
d129cd72-3228-426d-9252-4e0b3e14927b,209,4.213,0,high_not_visible,,,,,gpt_vision_full_video_d129_v1,No drone visible to GPT vision in full-frame contact sheet; expect no selected box.
d129cd72-3228-426d-9252-4e0b3e14927b,210,4.234,0,high_not_visible,,,,,gpt_vision_full_video_d129_v1,No drone visible to GPT vision in full-frame contact sheet; expect no selected box.
d129cd72-3228-426d-9252-4e0b3e14927b,211,4.254,0,high_not_visible,,,,,gpt_vision_full_video_d129_v1,No drone visible to GPT vision in full-frame contact sheet; expect no selected box.
d129cd72-3228-426d-9252-4e0b3e14927b,212,4.274,1,medium,61.0,100.0,12.0,12.0,gpt_vision_full_video_d129_v1,Continuous vision-labeled target path; keyframes verified from raw/contact and top-tube crops.
d129cd72-3228-426d-9252-4e0b3e14927b,213,4.294,1,medium,61.25,99.75,12.0,12.0,gpt_vision_full_video_d129_v1,Continuous vision-labeled target path; keyframes verified from raw/contact and top-tube crops.
d129cd72-3228-426d-9252-4e0b3e14927b,214,4.314,1,medium,61.5,99.5,12.0,12.0,gpt_vision_full_video_d129_v1,Continuous vision-labeled target path; keyframes verified from raw/contact and top-tube crops.
d129cd72-3228-426d-9252-4e0b3e14927b,215,4.334,1,medium,61.75,99.25,12.0,12.0,gpt_vision_full_video_d129_v1,Continuous vision-labeled target path; keyframes verified from raw/contact and top-tube crops.
d129cd72-3228-426d-9252-4e0b3e14927b,216,4.355,1,high,62.0,99.0,12.0,12.0,gpt_vision_full_video_d129_v1,Continuous vision-labeled target path; keyframes verified from raw/contact and top-tube crops.
d129cd72-3228-426d-9252-4e0b3e14927b,217,4.375,1,high,62.12,100.0,12.0,12.0,gpt_vision_full_video_d129_v1,Continuous vision-labeled target path; keyframes verified from raw/contact and top-tube crops.
d129cd72-3228-426d-9252-4e0b3e14927b,218,4.395,1,high,62.25,101.0,12.0,12.0,gpt_vision_full_video_d129_v1,Continuous vision-labeled target path; keyframes verified from raw/contact and top-tube crops.
d129cd72-3228-426d-9252-4e0b3e14927b,219,4.415,1,high,62.38,102.0,12.0,12.0,gpt_vision_full_video_d129_v1,Continuous vision-labeled target path; keyframes verified from raw/contact and top-tube crops.
d129cd72-3228-426d-9252-4e0b3e14927b,220,4.435,1,high,62.5,103.0,12.0,12.0,gpt_vision_full_video_d129_v1,Continuous vision-labeled target path; keyframes verified from raw/contact and top-tube crops.
d129cd72-3228-426d-9252-4e0b3e14927b,221,4.455,1,high,62.62,104.0,12.0,12.0,gpt_vision_full_video_d129_v1,Continuous vision-labeled target path; keyframes verified from raw/contact and top-tube crops.
d129cd72-3228-426d-9252-4e0b3e14927b,222,4.476,1,high,62.75,105.0,12.0,12.0,gpt_vision_full_video_d129_v1,Continuous vision-labeled target path; keyframes verified from raw/contact and top-tube crops.
d129cd72-3228-426d-9252-4e0b3e14927b,223,4.496,1,high,62.88,106.0,12.0,12.0,gpt_vision_full_video_d129_v1,Continuous vision-labeled target path; keyframes verified from raw/contact and top-tube crops.
d129cd72-3228-426d-9252-4e0b3e14927b,224,4.516,1,high,63.0,107.0,12.0,12.0,gpt_vision_full_video_d129_v1,Continuous vision-labeled target path; keyframes verified from raw/contact and top-tube crops.
d129cd72-3228-426d-9252-4e0b3e14927b,225,4.536,1,high,63.25,107.88,12.0,12.0,gpt_vision_full_video_d129_v1,Continuous vision-labeled target path; keyframes verified from raw/contact and top-tube crops.
d129cd72-3228-426d-9252-4e0b3e14927b,226,4.556,1,high,63.5,108.75,12.0,12.0,gpt_vision_full_video_d129_v1,Continuous vision-labeled target path; keyframes verified from raw/contact and top-tube crops.
d129cd72-3228-426d-9252-4e0b3e14927b,227,4.576,1,high,63.75,109.62,12.0,12.0,gpt_vision_full_video_d129_v1,Continuous vision-labeled target path; keyframes verified from raw/contact and top-tube crops.
d129cd72-3228-426d-9252-4e0b3e14927b,228,4.596,1,high,64.0,110.5,12.0,12.0,gpt_vision_full_video_d129_v1,Continuous vision-labeled target path; keyframes verified from raw/contact and top-tube crops.
d129cd72-3228-426d-9252-4e0b3e14927b,229,4.617,1,high,64.25,111.38,12.0,12.0,gpt_vision_full_video_d129_v1,Continuous vision-labeled target path; keyframes verified from raw/contact and top-tube crops.
d129cd72-3228-426d-9252-4e0b3e14927b,230,4.637,1,high,64.5,112.25,12.0,12.0,gpt_vision_full_video_d129_v1,Continuous vision-labeled target path; keyframes verified from raw/contact and top-tube crops.
d129cd72-3228-426d-9252-4e0b3e14927b,231,4.657,1,high,64.75,113.12,12.0,12.0,gpt_vision_full_video_d129_v1,Continuous vision-labeled target path; keyframes verified from raw/contact and top-tube crops.
d129cd72-3228-426d-9252-4e0b3e14927b,232,4.677,1,high,65.0,114.0,12.0,12.0,gpt_vision_full_video_d129_v1,Continuous vision-labeled target path; keyframes verified from raw/contact and top-tube crops.
d129cd72-3228-426d-9252-4e0b3e14927b,233,4.697,1,high,65.38,113.75,12.0,12.0,gpt_vision_full_video_d129_v1,Continuous vision-labeled target path; keyframes verified from raw/contact and top-tube crops.
d129cd72-3228-426d-9252-4e0b3e14927b,234,4.717,1,high,65.75,113.5,12.0,12.0,gpt_vision_full_video_d129_v1,Continuous vision-labeled target path; keyframes verified from raw/contact and top-tube crops.
d129cd72-3228-426d-9252-4e0b3e14927b,235,4.738,1,high,66.12,113.25,12.0,12.0,gpt_vision_full_video_d129_v1,Continuous vision-labeled target path; keyframes verified from raw/contact and top-tube crops.
d129cd72-3228-426d-9252-4e0b3e14927b,236,4.758,1,high,66.5,113.0,12.0,12.0,gpt_vision_full_video_d129_v1,Continuous vision-labeled target path; keyframes verified from raw/contact and top-tube crops.
d129cd72-3228-426d-9252-4e0b3e14927b,237,4.778,1,high,66.88,112.75,12.0,12.0,gpt_vision_full_video_d129_v1,Continuous vision-labeled target path; keyframes verified from raw/contact and top-tube crops.
d129cd72-3228-426d-9252-4e0b3e14927b,238,4.798,1,high,67.25,112.5,12.0,12.0,gpt_vision_full_video_d129_v1,Continuous vision-labeled target path; keyframes verified from raw/contact and top-tube crops.
d129cd72-3228-426d-9252-4e0b3e14927b,239,4.818,1,high,67.62,112.25,12.0,12.0,gpt_vision_full_video_d129_v1,Continuous vision-labeled target path; keyframes verified from raw/contact and top-tube crops.
d129cd72-3228-426d-9252-4e0b3e14927b,240,4.838,1,high,68.0,112.0,12.0,12.0,gpt_vision_full_video_d129_v1,Continuous vision-labeled target path; keyframes verified from raw/contact and top-tube crops.
d129cd72-3228-426d-9252-4e0b3e14927b,241,4.859,1,high,68.75,111.75,12.0,12.0,gpt_vision_full_video_d129_v1,Continuous vision-labeled target path; keyframes verified from raw/contact and top-tube crops.
d129cd72-3228-426d-9252-4e0b3e14927b,242,4.879,1,high,69.5,111.5,12.0,12.0,gpt_vision_full_video_d129_v1,Continuous vision-labeled target path; keyframes verified from raw/contact and top-tube crops.
d129cd72-3228-426d-9252-4e0b3e14927b,243,4.899,1,high,70.25,111.25,12.0,12.0,gpt_vision_full_video_d129_v1,Continuous vision-labeled target path; keyframes verified from raw/contact and top-tube crops.
d129cd72-3228-426d-9252-4e0b3e14927b,244,4.919,1,high,71.0,111.0,12.0,12.0,gpt_vision_full_video_d129_v1,Continuous vision-labeled target path; keyframes verified from raw/contact and top-tube crops.
d129cd72-3228-426d-9252-4e0b3e14927b,245,4.939,1,high,71.75,110.75,12.0,12.0,gpt_vision_full_video_d129_v1,Continuous vision-labeled target path; keyframes verified from raw/contact and top-tube crops.
d129cd72-3228-426d-9252-4e0b3e14927b,246,4.959,1,high,72.5,110.5,12.0,12.0,gpt_vision_full_video_d129_v1,Continuous vision-labeled target path; keyframes verified from raw/contact and top-tube crops.
d129cd72-3228-426d-9252-4e0b3e14927b,247,4.98,1,high,73.25,110.25,12.0,12.0,gpt_vision_full_video_d129_v1,Continuous vision-labeled target path; keyframes verified from raw/contact and top-tube crops.
d129cd72-3228-426d-9252-4e0b3e14927b,248,5.0,1,high,74.0,110.0,12.0,12.0,gpt_vision_full_video_d129_v1,Continuous vision-labeled target path; keyframes verified from raw/contact and top-tube crops.
d129cd72-3228-426d-9252-4e0b3e14927b,249,5.02,1,high,75.0,110.0,12.0,12.0,gpt_vision_full_video_d129_v1,Continuous vision-labeled target path; keyframes verified from raw/contact and top-tube crops.
