model,frames,oracle_recall,strict_hit,strict_recall,loose_hit,loose_recall,high_frames,high_strict_recall,high_loose_recall,fallback_model,fallback_threshold,used_learned_frames,used_learned_rate
fallback_logistic_thr0.00,1030,0.9951,810,0.7864,896,0.8699,835,0.8012,0.8754,logistic,0.0,1030,1.0
fallback_logistic_thr0.02,1030,0.9951,810,0.7864,896,0.8699,835,0.8012,0.8754,logistic,0.02,1030,1.0
fallback_logistic_thr0.04,1030,0.9951,810,0.7864,896,0.8699,835,0.8012,0.8754,logistic,0.04,1029,0.999
fallback_logistic_thr0.06,1030,0.9951,810,0.7864,896,0.8699,835,0.8012,0.8754,logistic,0.06,1029,0.999
fallback_logistic_thr0.08,1030,0.9951,809,0.7854,895,0.8689,835,0.8,0.8743,logistic,0.08,1027,0.9971
fallback_logistic_thr0.10,1030,0.9951,808,0.7845,894,0.868,835,0.8,0.8743,logistic,0.1,1026,0.9961
fallback_logistic_thr0.12,1030,0.9951,809,0.7854,895,0.8689,835,0.8012,0.8754,logistic,0.12,1025,0.9951
fallback_logistic_thr0.14,1030,0.9951,811,0.7874,897,0.8709,835,0.8036,0.8778,logistic,0.14,1023,0.9932
fallback_logistic_thr0.16,1030,0.9951,811,0.7874,896,0.8699,835,0.8036,0.8778,logistic,0.16,1020,0.9903
fallback_logistic_thr0.18,1030,0.9951,810,0.7864,895,0.8689,835,0.8024,0.8766,logistic,0.18,1018,0.9883
fallback_logistic_thr0.20,1030,0.9951,810,0.7864,895,0.8689,835,0.8024,0.8766,logistic,0.2,1018,0.9883
fallback_logistic_thr0.22,1030,0.9951,811,0.7874,896,0.8699,835,0.8036,0.8778,logistic,0.22,1017,0.9874
fallback_logistic_thr0.24,1030,0.9951,810,0.7864,895,0.8689,835,0.8024,0.8766,logistic,0.24,1015,0.9854
fallback_logistic_thr0.26,1030,0.9951,810,0.7864,895,0.8689,835,0.8024,0.8766,logistic,0.26,1013,0.9835
fallback_logistic_thr0.28,1030,0.9951,810,0.7864,895,0.8689,835,0.8024,0.8766,logistic,0.28,1013,0.9835
fallback_logistic_thr0.30,1030,0.9951,810,0.7864,895,0.8689,835,0.8024,0.8766,logistic,0.3,1011,0.9816
fallback_logistic_thr0.32,1030,0.9951,810,0.7864,895,0.8689,835,0.8024,0.8766,logistic,0.32,1010,0.9806
fallback_logistic_thr0.34,1030,0.9951,810,0.7864,895,0.8689,835,0.8024,0.8766,logistic,0.34,1008,0.9786
fallback_logistic_thr0.36,1030,0.9951,810,0.7864,895,0.8689,835,0.8024,0.8766,logistic,0.36,1008,0.9786
fallback_logistic_thr0.38,1030,0.9951,810,0.7864,895,0.8689,835,0.8024,0.8766,logistic,0.38,1007,0.9777
fallback_logistic_thr0.40,1030,0.9951,810,0.7864,895,0.8689,835,0.8024,0.8766,logistic,0.4,1006,0.9767
fallback_logistic_thr0.42,1030,0.9951,810,0.7864,895,0.8689,835,0.8024,0.8766,logistic,0.42,1005,0.9757
fallback_logistic_thr0.44,1030,0.9951,809,0.7854,894,0.868,835,0.8012,0.8754,logistic,0.44,1003,0.9738
fallback_logistic_thr0.46,1030,0.9951,810,0.7864,895,0.8689,835,0.8024,0.8766,logistic,0.46,1002,0.9728
fallback_logistic_thr0.48,1030,0.9951,810,0.7864,895,0.8689,835,0.8024,0.8766,logistic,0.48,1002,0.9728
fallback_logistic_thr0.50,1030,0.9951,810,0.7864,895,0.8689,835,0.8024,0.8766,logistic,0.5,1002,0.9728
fallback_logistic_thr0.52,1030,0.9951,810,0.7864,895,0.8689,835,0.8024,0.8766,logistic,0.52,1001,0.9718
fallback_logistic_thr0.54,1030,0.9951,810,0.7864,895,0.8689,835,0.8024,0.8766,logistic,0.54,999,0.9699
fallback_logistic_thr0.56,1030,0.9951,810,0.7864,895,0.8689,835,0.8024,0.8766,logistic,0.56,998,0.9689
fallback_logistic_thr0.58,1030,0.9951,810,0.7864,895,0.8689,835,0.8024,0.8766,logistic,0.58,998,0.9689
fallback_logistic_thr0.60,1030,0.9951,810,0.7864,895,0.8689,835,0.8024,0.8766,logistic,0.6,998,0.9689
fallback_logistic_thr0.62,1030,0.9951,809,0.7854,894,0.868,835,0.8024,0.8766,logistic,0.62,997,0.968
fallback_logistic_thr0.64,1030,0.9951,809,0.7854,894,0.868,835,0.8024,0.8766,logistic,0.64,997,0.968
fallback_logistic_thr0.66,1030,0.9951,808,0.7845,893,0.867,835,0.8024,0.8766,logistic,0.66,996,0.967
fallback_logistic_thr0.68,1030,0.9951,809,0.7854,894,0.868,835,0.8036,0.8778,logistic,0.68,994,0.965
fallback_logistic_thr0.70,1030,0.9951,809,0.7854,894,0.868,835,0.8036,0.8778,logistic,0.7,993,0.9641
fallback_logistic_thr0.72,1030,0.9951,808,0.7845,894,0.868,835,0.8024,0.8778,logistic,0.72,992,0.9631
fallback_logistic_thr0.74,1030,0.9951,807,0.7835,894,0.868,835,0.8024,0.8778,logistic,0.74,990,0.9612
fallback_logistic_thr0.76,1030,0.9951,807,0.7835,894,0.868,835,0.8024,0.8778,logistic,0.76,987,0.9583
fallback_logistic_thr0.78,1030,0.9951,808,0.7845,895,0.8689,835,0.8036,0.879,logistic,0.78,986,0.9573
fallback_logistic_thr0.80,1030,0.9951,807,0.7835,894,0.868,835,0.8036,0.879,logistic,0.8,984,0.9553
fallback_logistic_thr0.82,1030,0.9951,804,0.7806,892,0.866,835,0.8012,0.8778,logistic,0.82,978,0.9495
fallback_logistic_thr0.84,1030,0.9951,803,0.7796,892,0.866,835,0.8012,0.879,logistic,0.84,975,0.9466
fallback_logistic_thr0.86,1030,0.9951,802,0.7786,890,0.8641,835,0.8012,0.8778,logistic,0.86,969,0.9408
fallback_logistic_thr0.88,1030,0.9951,802,0.7786,890,0.8641,835,0.8012,0.8778,logistic,0.88,966,0.9379
fallback_logistic_thr0.90,1030,0.9951,802,0.7786,891,0.865,835,0.8012,0.879,logistic,0.9,960,0.932
fallback_logistic_thr0.92,1030,0.9951,804,0.7806,893,0.867,835,0.8036,0.8814,logistic,0.92,949,0.9214
fallback_logistic_thr0.94,1030,0.9951,806,0.7825,894,0.868,835,0.806,0.8826,logistic,0.94,944,0.9165
fallback_logistic_thr0.96,1030,0.9951,806,0.7825,894,0.868,835,0.8072,0.8838,logistic,0.96,931,0.9039
fallback_logistic_thr0.98,1030,0.9951,806,0.7825,893,0.867,835,0.8096,0.885,logistic,0.98,916,0.8893
fallback_logistic_thr1.00,1030,0.9951,821,0.7971,888,0.8621,835,0.8287,0.8826,logistic,1.0,531,0.5155
fallback_hist_gbdt_thr0.00,1030,0.9951,804,0.7806,901,0.8748,835,0.7868,0.8946,hist_gbdt,0.0,1030,1.0
fallback_hist_gbdt_thr0.02,1030,0.9951,809,0.7854,906,0.8796,835,0.7928,0.9006,hist_gbdt,0.02,1020,0.9903
fallback_hist_gbdt_thr0.04,1030,0.9951,812,0.7883,910,0.8835,835,0.8,0.9078,hist_gbdt,0.04,1001,0.9718
fallback_hist_gbdt_thr0.06,1030,0.9951,813,0.7893,910,0.8835,835,0.8012,0.9078,hist_gbdt,0.06,992,0.9631
fallback_hist_gbdt_thr0.08,1030,0.9951,812,0.7883,909,0.8825,835,0.8012,0.9078,hist_gbdt,0.08,983,0.9544
fallback_hist_gbdt_thr0.10,1030,0.9951,816,0.7922,911,0.8845,835,0.806,0.9102,hist_gbdt,0.1,978,0.9495
fallback_hist_gbdt_thr0.12,1030,0.9951,816,0.7922,911,0.8845,835,0.806,0.9102,hist_gbdt,0.12,978,0.9495
fallback_hist_gbdt_thr0.14,1030,0.9951,809,0.7854,904,0.8777,835,0.806,0.9102,hist_gbdt,0.14,971,0.9427
fallback_hist_gbdt_thr0.16,1030,0.9951,810,0.7864,904,0.8777,835,0.8096,0.9126,hist_gbdt,0.16,961,0.933
fallback_hist_gbdt_thr0.18,1030,0.9951,813,0.7893,906,0.8796,835,0.8132,0.915,hist_gbdt,0.18,956,0.9282
fallback_hist_gbdt_thr0.20,1030,0.9951,815,0.7913,906,0.8796,835,0.8156,0.915,hist_gbdt,0.2,951,0.9233
fallback_hist_gbdt_thr0.22,1030,0.9951,815,0.7913,906,0.8796,835,0.8156,0.915,hist_gbdt,0.22,951,0.9233
fallback_hist_gbdt_thr0.24,1030,0.9951,815,0.7913,905,0.8786,835,0.8156,0.9138,hist_gbdt,0.24,944,0.9165
fallback_hist_gbdt_thr0.26,1030,0.9951,815,0.7913,905,0.8786,835,0.8156,0.9138,hist_gbdt,0.26,940,0.9126
fallback_hist_gbdt_thr0.28,1030,0.9951,815,0.7913,905,0.8786,835,0.8156,0.9138,hist_gbdt,0.28,933,0.9058
fallback_hist_gbdt_thr0.30,1030,0.9951,815,0.7913,905,0.8786,835,0.8156,0.9138,hist_gbdt,0.3,931,0.9039
fallback_hist_gbdt_thr0.32,1030,0.9951,815,0.7913,904,0.8777,835,0.8156,0.9126,hist_gbdt,0.32,930,0.9029
fallback_hist_gbdt_thr0.34,1030,0.9951,815,0.7913,903,0.8767,835,0.8156,0.9114,hist_gbdt,0.34,928,0.901
fallback_hist_gbdt_thr0.36,1030,0.9951,814,0.7903,902,0.8757,835,0.8156,0.9114,hist_gbdt,0.36,926,0.899
fallback_hist_gbdt_thr0.38,1030,0.9951,814,0.7903,902,0.8757,835,0.8156,0.9114,hist_gbdt,0.38,926,0.899
fallback_hist_gbdt_thr0.40,1030,0.9951,813,0.7893,901,0.8748,835,0.8156,0.9114,hist_gbdt,0.4,924,0.8971
fallback_hist_gbdt_thr0.42,1030,0.9951,813,0.7893,901,0.8748,835,0.8156,0.9114,hist_gbdt,0.42,922,0.8951
fallback_hist_gbdt_thr0.44,1030,0.9951,813,0.7893,901,0.8748,835,0.8156,0.9114,hist_gbdt,0.44,921,0.8942
fallback_hist_gbdt_thr0.46,1030,0.9951,813,0.7893,901,0.8748,835,0.8156,0.9114,hist_gbdt,0.46,921,0.8942
fallback_hist_gbdt_thr0.48,1030,0.9951,813,0.7893,901,0.8748,835,0.8156,0.9114,hist_gbdt,0.48,920,0.8932
fallback_hist_gbdt_thr0.50,1030,0.9951,813,0.7893,901,0.8748,835,0.8156,0.9114,hist_gbdt,0.5,920,0.8932
fallback_hist_gbdt_thr0.52,1030,0.9951,813,0.7893,901,0.8748,835,0.8156,0.9114,hist_gbdt,0.52,919,0.8922
fallback_hist_gbdt_thr0.54,1030,0.9951,812,0.7883,900,0.8738,835,0.8144,0.9102,hist_gbdt,0.54,916,0.8893
fallback_hist_gbdt_thr0.56,1030,0.9951,812,0.7883,900,0.8738,835,0.8144,0.9102,hist_gbdt,0.56,912,0.8854
fallback_hist_gbdt_thr0.58,1030,0.9951,812,0.7883,900,0.8738,835,0.8144,0.9102,hist_gbdt,0.58,907,0.8806
fallback_hist_gbdt_thr0.60,1030,0.9951,812,0.7883,900,0.8738,835,0.8144,0.9102,hist_gbdt,0.6,903,0.8767
fallback_hist_gbdt_thr0.62,1030,0.9951,812,0.7883,899,0.8728,835,0.8144,0.909,hist_gbdt,0.62,899,0.8728
fallback_hist_gbdt_thr0.64,1030,0.9951,812,0.7883,899,0.8728,835,0.8144,0.909,hist_gbdt,0.64,898,0.8718
fallback_hist_gbdt_thr0.66,1030,0.9951,812,0.7883,899,0.8728,835,0.8144,0.909,hist_gbdt,0.66,894,0.868
fallback_hist_gbdt_thr0.68,1030,0.9951,811,0.7874,898,0.8718,835,0.8132,0.9078,hist_gbdt,0.68,891,0.865
fallback_hist_gbdt_thr0.70,1030,0.9951,810,0.7864,897,0.8709,835,0.812,0.9066,hist_gbdt,0.7,889,0.8631
fallback_hist_gbdt_thr0.72,1030,0.9951,810,0.7864,897,0.8709,835,0.812,0.9066,hist_gbdt,0.72,880,0.8544
fallback_hist_gbdt_thr0.74,1030,0.9951,810,0.7864,897,0.8709,835,0.812,0.9066,hist_gbdt,0.74,879,0.8534
fallback_hist_gbdt_thr0.76,1030,0.9951,810,0.7864,897,0.8709,835,0.812,0.9066,hist_gbdt,0.76,853,0.8282
fallback_hist_gbdt_thr0.78,1030,0.9951,812,0.7883,899,0.8728,835,0.8144,0.909,hist_gbdt,0.78,838,0.8136
fallback_hist_gbdt_thr0.80,1030,0.9951,811,0.7874,898,0.8718,835,0.8132,0.9078,hist_gbdt,0.8,829,0.8049
fallback_hist_gbdt_thr0.82,1030,0.9951,814,0.7903,899,0.8728,835,0.8168,0.909,hist_gbdt,0.82,820,0.7961
fallback_hist_gbdt_thr0.84,1030,0.9951,819,0.7951,900,0.8738,835,0.8228,0.9102,hist_gbdt,0.84,711,0.6903
fallback_hist_gbdt_thr0.86,1030,0.9951,819,0.7951,899,0.8728,835,0.8228,0.909,hist_gbdt,0.86,687,0.667
fallback_hist_gbdt_thr0.88,1030,0.9951,818,0.7942,897,0.8709,835,0.8216,0.9066,hist_gbdt,0.88,650,0.6311
fallback_hist_gbdt_thr0.90,1030,0.9951,812,0.7883,890,0.8641,835,0.8144,0.8982,hist_gbdt,0.9,615,0.5971
fallback_hist_gbdt_thr0.92,1030,0.9951,808,0.7845,886,0.8602,835,0.8084,0.8922,hist_gbdt,0.92,562,0.5456
fallback_hist_gbdt_thr0.94,1030,0.9951,813,0.7893,885,0.8592,835,0.8072,0.8826,hist_gbdt,0.94,477,0.4631
fallback_hist_gbdt_thr0.96,1030,0.9951,821,0.7971,892,0.866,835,0.8216,0.879,hist_gbdt,0.96,208,0.2019
fallback_hist_gbdt_thr0.98,1030,0.9951,824,0.8,883,0.8573,835,0.8311,0.8766,hist_gbdt,0.98,0,0.0
fallback_hist_gbdt_thr1.00,1030,0.9951,824,0.8,883,0.8573,835,0.8311,0.8766,hist_gbdt,1.0,0,0.0
fallback_extra_trees_thr0.00,1030,0.9951,828,0.8039,903,0.8767,835,0.7964,0.8743,extra_trees,0.0,1030,1.0
fallback_extra_trees_thr0.02,1030,0.9951,828,0.8039,903,0.8767,835,0.7964,0.8743,extra_trees,0.02,1030,1.0
fallback_extra_trees_thr0.04,1030,0.9951,828,0.8039,903,0.8767,835,0.7964,0.8743,extra_trees,0.04,1030,1.0
fallback_extra_trees_thr0.06,1030,0.9951,828,0.8039,903,0.8767,835,0.7964,0.8743,extra_trees,0.06,1030,1.0
fallback_extra_trees_thr0.08,1030,0.9951,828,0.8039,903,0.8767,835,0.7964,0.8743,extra_trees,0.08,1030,1.0
fallback_extra_trees_thr0.10,1030,0.9951,828,0.8039,903,0.8767,835,0.7964,0.8743,extra_trees,0.1,1030,1.0
fallback_extra_trees_thr0.12,1030,0.9951,828,0.8039,903,0.8767,835,0.7964,0.8743,extra_trees,0.12,1030,1.0
fallback_extra_trees_thr0.14,1030,0.9951,828,0.8039,903,0.8767,835,0.7964,0.8743,extra_trees,0.14,1030,1.0
fallback_extra_trees_thr0.16,1030,0.9951,828,0.8039,903,0.8767,835,0.7964,0.8743,extra_trees,0.16,1030,1.0
fallback_extra_trees_thr0.18,1030,0.9951,828,0.8039,903,0.8767,835,0.7964,0.8743,extra_trees,0.18,1030,1.0
fallback_extra_trees_thr0.20,1030,0.9951,828,0.8039,903,0.8767,835,0.7964,0.8743,extra_trees,0.2,1030,1.0
fallback_extra_trees_thr0.22,1030,0.9951,828,0.8039,903,0.8767,835,0.7964,0.8743,extra_trees,0.22,1029,0.999
fallback_extra_trees_thr0.24,1030,0.9951,828,0.8039,903,0.8767,835,0.7964,0.8743,extra_trees,0.24,1029,0.999
fallback_extra_trees_thr0.26,1030,0.9951,828,0.8039,903,0.8767,835,0.7964,0.8743,extra_trees,0.26,1029,0.999
fallback_extra_trees_thr0.28,1030,0.9951,828,0.8039,903,0.8767,835,0.7964,0.8743,extra_trees,0.28,1029,0.999
fallback_extra_trees_thr0.30,1030,0.9951,828,0.8039,903,0.8767,835,0.7964,0.8743,extra_trees,0.3,1028,0.9981
fallback_extra_trees_thr0.32,1030,0.9951,828,0.8039,903,0.8767,835,0.7964,0.8743,extra_trees,0.32,1028,0.9981
fallback_extra_trees_thr0.34,1030,0.9951,828,0.8039,903,0.8767,835,0.7964,0.8743,extra_trees,0.34,1028,0.9981
fallback_extra_trees_thr0.36,1030,0.9951,828,0.8039,903,0.8767,835,0.7964,0.8743,extra_trees,0.36,1027,0.9971
fallback_extra_trees_thr0.38,1030,0.9951,828,0.8039,903,0.8767,835,0.7964,0.8743,extra_trees,0.38,1027,0.9971
fallback_extra_trees_thr0.40,1030,0.9951,829,0.8049,904,0.8777,835,0.7964,0.8743,extra_trees,0.4,1025,0.9951
fallback_extra_trees_thr0.42,1030,0.9951,828,0.8039,903,0.8767,835,0.7952,0.8731,extra_trees,0.42,1022,0.9922
fallback_extra_trees_thr0.44,1030,0.9951,830,0.8058,904,0.8777,835,0.7952,0.8731,extra_trees,0.44,1017,0.9874
fallback_extra_trees_thr0.46,1030,0.9951,832,0.8078,906,0.8796,835,0.7976,0.8754,extra_trees,0.46,1008,0.9786
fallback_extra_trees_thr0.48,1030,0.9951,831,0.8068,905,0.8786,835,0.7976,0.8754,extra_trees,0.48,999,0.9699
fallback_extra_trees_thr0.50,1030,0.9951,832,0.8078,906,0.8796,835,0.8,0.8778,extra_trees,0.5,994,0.965
fallback_extra_trees_thr0.52,1030,0.9951,831,0.8068,905,0.8786,835,0.7988,0.8766,extra_trees,0.52,987,0.9583
fallback_extra_trees_thr0.54,1030,0.9951,837,0.8126,910,0.8835,835,0.806,0.8826,extra_trees,0.54,972,0.9437
fallback_extra_trees_thr0.56,1030,0.9951,842,0.8175,914,0.8874,835,0.812,0.8874,extra_trees,0.56,964,0.9359
fallback_extra_trees_thr0.58,1030,0.9951,846,0.8214,916,0.8893,835,0.8168,0.8898,extra_trees,0.58,945,0.9175
fallback_extra_trees_thr0.60,1030,0.9951,846,0.8214,919,0.8922,835,0.8168,0.8934,extra_trees,0.6,934,0.9068
fallback_extra_trees_thr0.62,1030,0.9951,850,0.8252,921,0.8942,835,0.8204,0.8958,extra_trees,0.62,924,0.8971
fallback_extra_trees_thr0.64,1030,0.9951,851,0.8262,921,0.8942,835,0.8204,0.8958,extra_trees,0.64,907,0.8806
fallback_extra_trees_thr0.66,1030,0.9951,849,0.8243,920,0.8932,835,0.8192,0.8946,extra_trees,0.66,888,0.8621
fallback_extra_trees_thr0.68,1030,0.9951,850,0.8252,921,0.8942,835,0.8216,0.8958,extra_trees,0.68,866,0.8408
fallback_extra_trees_thr0.70,1030,0.9951,853,0.8282,925,0.8981,835,0.8251,0.9006,extra_trees,0.7,837,0.8126
fallback_extra_trees_thr0.72,1030,0.9951,855,0.8301,926,0.899,835,0.8275,0.9018,extra_trees,0.72,808,0.7845
fallback_extra_trees_thr0.74,1030,0.9951,856,0.8311,927,0.9,835,0.8287,0.903,extra_trees,0.74,764,0.7417
fallback_extra_trees_thr0.76,1030,0.9951,858,0.833,928,0.901,835,0.8311,0.9042,extra_trees,0.76,735,0.7136
fallback_extra_trees_thr0.78,1030,0.9951,857,0.832,927,0.9,835,0.8299,0.903,extra_trees,0.78,707,0.6864
fallback_extra_trees_thr0.80,1030,0.9951,849,0.8243,919,0.8922,835,0.8204,0.8934,extra_trees,0.8,653,0.634
fallback_extra_trees_thr0.82,1030,0.9951,849,0.8243,917,0.8903,835,0.8204,0.891,extra_trees,0.82,579,0.5621
fallback_extra_trees_thr0.84,1030,0.9951,848,0.8233,905,0.8786,835,0.8323,0.891,extra_trees,0.84,492,0.4777
fallback_extra_trees_thr0.86,1030,0.9951,844,0.8194,898,0.8718,835,0.8311,0.8862,extra_trees,0.86,412,0.4
fallback_extra_trees_thr0.88,1030,0.9951,834,0.8097,889,0.8631,835,0.8275,0.8814,extra_trees,0.88,344,0.334
fallback_extra_trees_thr0.90,1030,0.9951,828,0.8039,886,0.8602,835,0.8299,0.8802,extra_trees,0.9,267,0.2592
fallback_extra_trees_thr0.92,1030,0.9951,823,0.799,882,0.8563,835,0.8287,0.8754,extra_trees,0.92,166,0.1612
fallback_extra_trees_thr0.94,1030,0.9951,823,0.799,883,0.8573,835,0.8299,0.8766,extra_trees,0.94,102,0.099
fallback_extra_trees_thr0.96,1030,0.9951,824,0.8,883,0.8573,835,0.8311,0.8766,extra_trees,0.96,31,0.0301
fallback_extra_trees_thr0.98,1030,0.9951,824,0.8,883,0.8573,835,0.8311,0.8766,extra_trees,0.98,0,0.0
fallback_extra_trees_thr1.00,1030,0.9951,824,0.8,883,0.8573,835,0.8311,0.8766,extra_trees,1.0,0,0.0
