frame,track_id,x,y,w,h,score,verified_score,tube_verifier_score,misses,vx,vy,cand_is_current,cand_frame,cand_source,cand_area,cand_fill,cand_aspect,cand_mean_residual,cand_mean_appearance,cand_local_contrast,cand_texture,cand_line_context,cand_isolation,cand_score,cand_local_flow_score,cand_local_flow_delta_px,cand_local_flow_bg_sigma,cand_local_flow_inside_n,cand_local_flow_annulus_n,cand_local_bg_residual,cand_local_residual_ratio,cand_local_comp_score,cand_map_score,cand_attached_support,cand_native_dark_score,cand_sky_like,cand_router_state,cand_router_confidence,cand_router_close_sky_like,cand_router_close_texture,cand_router_far_sky_like,cand_router_far_texture,tube_tube_hits,tube_tube_len,tube_hit_rate,tube_miss_rate,tube_mean_score,tube_score_std,tube_mean_map_score,tube_map_hit_rate,tube_appearance_only_rate,tube_surface_source_rate,tube_router_surface_backed_rate,tube_router_clean_sky_rate,tube_router_boundary_rate,tube_router_line_attached_rate,tube_router_unknown_rate,tube_tiny_rate,tube_mean_line_context,tube_max_line_context,tube_mean_attached_support,tube_max_attached_support,tube_mean_native_dark_score,tube_max_native_dark_score,tube_mean_sky_like,tube_max_sky_like,tube_sky_hit_rate,tube_mean_texture,tube_mean_residual,tube_mean_appearance,tube_mean_area,tube_mean_pair_score,tube_positive_pair_rate,tube_mean_pair_raw,tube_positive_pair_raw_rate,tube_mean_pair_bg,tube_positive_pair_bg_rate,tube_mean_pair_bg_local,tube_positive_pair_bg_local_rate,tube_mean_align_gain,tube_positive_align_rate,tube_mean_bg_dist,tube_mean_cv_resid,tube_mean_bg_minus_cv,tube_mean_cand_density,tube_log_cand_density,tube_mean_speed,tube_max_speed,tube_mean_accel,tube_max_accel
43,768,73,88,12,12,16.474233,19.405568,2.931334,0,0.248973,-0.140863,1,43,map,144,1.0,1.0,8.74,25.47,50.99,75.93,0.446,0.0,4.744,0.0,0.0,0.0,0,0,0.0,0.0,0.0,3.86,2.762,0.0,0.0,unrouted,0.0,0.0,0.0,0.0,0.0,6.0,9.0,0.666667,0.333333,4.549667,0.438978,3.673,1.0,0.0,0.0,0.0,0.0,0.0,0.0,1.0,0.0,0.485167,0.522,2.9615,3.161,0.0,0.0,0.0,0.0,0.0,78.251667,9.021667,24.62,144.0,-0.105929,0.111111,-0.105929,0.111111,0.0,0.0,0.0,0.0,0.0,0.0,0.915849,1.140061,-0.224212,30.333333,3.444682,1.111095,2.0,1.140061,2.267702
45,768,74,89,12,12,20.017483,22.55637,2.538887,0,0.516441,0.106735,1,45,map,144,1.0,1.0,9.88,25.92,53.5,77.59,0.459,0.0,4.591,0.0,0.0,0.0,0,0,0.0,0.0,0.0,3.668,2.616,0.0,0.0,unrouted,0.0,0.0,0.0,0.0,0.0,7.0,9.0,0.777778,0.222222,4.332714,0.765637,3.188,0.857143,0.142857,0.0,0.0,0.0,0.0,0.0,1.0,0.142857,0.499,0.633,2.967286,3.547,0.0,0.0,0.0,0.0,0.0,84.317143,7.892857,30.815714,124.714286,-0.069648,0.111111,-0.069648,0.111111,0.0,0.0,0.0,0.0,0.0,0.0,1.110078,1.286053,-0.175974,30.777778,3.458767,1.254452,2.0,1.286053,2.219137
46,768,75,89,12,12,15.9759,18.401669,2.425769,1,0.516441,0.106735,0,,,,,,,,,,,,,,,,,,,,,,,,,,,,,,,6.0,9.0,0.666667,0.333333,4.420667,0.793568,3.233833,0.833333,0.166667,0.0,0.0,0.0,0.0,0.0,1.0,0.166667,0.495167,0.633,2.955167,3.547,0.0,0.0,0.0,0.0,0.0,84.896667,7.755,32.193333,121.5,-0.040925,0.111111,-0.040925,0.111111,0.0,0.0,0.0,0.0,0.0,0.0,0.952943,1.122274,-0.169331,26.333333,3.308107,1.155912,2.0,1.122274,2.219137
47,768,74,88,12,12,16.381893,18.784314,2.40242,0,-0.014313,-0.280622,1,47,map,144,1.0,1.0,9.09,25.13,49.66,73.97,0.413,0.0,4.837,0.0,0.0,0.0,0,0,0.0,0.0,0.0,3.958,2.644,0.0,0.0,unrouted,0.0,0.0,0.0,0.0,0.0,6.0,9.0,0.666667,0.333333,4.493167,0.808285,3.3115,0.833333,0.166667,0.0,0.0,0.0,0.0,0.0,1.0,0.166667,0.485667,0.633,2.883333,3.547,0.0,0.0,0.0,0.0,0.0,84.366667,7.628333,32.261667,121.5,-0.063979,0.0,-0.063979,0.0,0.0,0.0,0.0,0.0,0.0,0.0,0.887856,1.084298,-0.196442,26.333333,3.308107,1.090825,1.581139,1.084298,1.877354
48,768,75,89,12,12,21.10099,23.677149,2.576159,0,0.340696,0.167596,1,48,map,144,1.0,1.0,8.27,25.01,52.32,75.64,0.442,0.0,4.074,0.0,0.0,0.0,0,0,0.0,0.0,0.0,3.132,2.494,0.0,0.0,unrouted,0.0,0.0,0.0,0.0,0.0,7.0,9.0,0.777778,0.222222,4.433286,0.762566,3.285857,0.857143,0.142857,0.0,0.0,0.0,0.0,0.0,1.0,0.142857,0.479429,0.633,2.827714,3.547,0.0,0.0,0.0,0.0,0.0,83.12,7.72,31.225714,124.714286,-0.048106,0.0,-0.048106,0.0,0.0,0.0,0.0,0.0,0.0,0.0,1.044991,1.265815,-0.220824,30.888889,3.462258,1.16924,1.581139,1.265815,1.877354
49,768,79,92,3,3,18.581103,20.582828,2.001725,0,0.046453,-0.416063,1,49,appearance,9,1.0,1.0,0.0,65.78,76.87,113.24,0.744,0.0,2.67,0.0,0.0,0.0,0,0,0.0,0.0,0.0,0.0,2.173,0.0,0.0,unrouted,0.0,0.0,0.0,0.0,0.0,7.0,9.0,0.777778,0.222222,4.092143,0.923875,2.682571,0.714286,0.285714,0.0,0.0,0.0,0.0,0.0,1.0,0.285714,0.517571,0.744,2.714429,3.547,0.0,0.0,0.0,0.0,0.0,88.245714,6.438571,37.034286,105.428571,-0.015222,0.0,-0.015222,0.0,0.0,0.0,0.0,0.0,0.0,0.0,1.063538,1.281628,-0.21809,27.0,3.332205,1.187787,1.581139,1.281628,1.877354
50,768,73,89,12,12,23.420426,25.701972,2.281546,0,-0.494806,0.254559,1,50,map,144,1.0,1.0,8.9,25.67,54.02,74.65,0.432,0.0,4.665,0.0,0.0,0.0,0,0,0.0,0.0,0.0,3.761,2.62,0.0,0.0,unrouted,0.0,0.0,0.0,0.0,0.0,8.0,9.0,0.888889,0.111111,4.16375,0.884728,2.817375,0.75,0.25,0.0,0.0,0.0,0.0,0.0,1.0,0.25,0.506875,0.744,2.702625,3.547,0.0,0.0,0.0,0.0,0.0,86.54625,6.74625,35.61375,110.25,-0.003752,0.0,-0.003752,0.0,0.0,0.0,0.0,0.0,0.0,0.0,1.29924,1.555215,-0.255974,30.777778,3.458767,1.357835,2.12132,1.555215,2.462278
51,768,79,91,3,4,19.929495,21.599873,1.670377,0,0.203376,-0.534537,1,51,appearance,12,1.0,1.333,0.0,68.08,85.36,108.21,0.71,0.0,2.727,0.0,0.0,0.0,0,0,0.0,0.0,0.0,0.0,2.195,0.0,0.0,unrouted,0.0,0.0,0.0,0.0,0.0,8.0,9.0,0.888889,0.111111,3.8785,0.932793,2.297375,0.625,0.375,0.0,0.0,0.0,0.0,0.0,1.0,0.375,0.534875,0.744,2.631375,3.547,0.0,0.0,0.0,0.0,0.0,90.16,5.61,40.9375,93.75,0.002673,0.0,0.002673,0.0,0.0,0.0,0.0,0.0,0.0,0.0,1.465907,1.756548,-0.290641,26.777778,3.324236,1.524502,2.5,1.756548,3.010363
52,768,74,89,12,12,18.91132,20.615088,1.703768,0,-0.042805,0.352551,1,52,map,144,1.0,1.0,9.59,25.64,52.97,74.43,0.44,0.0,4.707,0.0,0.0,0.0,0,0,0.0,0.0,0.0,3.803,2.479,0.0,0.0,unrouted,0.0,0.0,0.0,0.0,0.0,8.0,9.0,0.888889,0.111111,3.873875,0.928572,2.29025,0.625,0.375,0.0,0.0,0.0,0.0,0.0,1.0,0.375,0.534125,0.744,2.596,3.547,0.0,0.0,0.0,0.0,0.0,89.9725,5.71625,40.95875,93.75,-0.038038,0.0,-0.038038,0.0,0.0,0.0,0.0,0.0,0.0,0.0,1.583857,1.895903,-0.312046,27.666667,3.355735,1.642452,2.5,1.895903,3.010363
53,768,76,88,12,12,21.071995,23.609966,2.537971,0,0.672176,-0.120842,1,53,map,144,1.0,1.0,9.31,24.31,44.53,71.95,0.4,0.0,4.344,0.0,0.0,0.0,0,0,0.0,0.0,0.0,3.426,2.454,0.0,0.0,unrouted,0.0,0.0,0.0,0.0,0.0,8.0,9.0,0.888889,0.111111,4.076875,0.825976,2.7185,0.75,0.25,0.0,0.0,0.0,0.0,0.0,1.0,0.25,0.505,0.744,2.459375,2.644,0.0,0.0,0.0,0.0,0.0,83.71,6.88,35.6925,110.625,-0.00289,0.111111,-0.00289,0.111111,0.0,0.0,0.0,0.0,0.0,0.0,1.656627,1.967712,-0.311084,32.888889,3.523087,1.715222,2.5,1.967712,3.010363
54,768,77,90,6,5,18.510511,20.319786,1.809275,0,-0.263085,-0.603547,1,54,appearance,24,0.8,1.2,0.0,57.1,81.15,87.43,0.675,0.38,2.857,0.0,0.0,0.0,0,0,0.0,0.0,0.0,0.0,2.901,0.0,0.0,unrouted,0.0,0.0,0.0,0.0,0.0,8.0,9.0,0.888889,0.111111,3.860125,0.887821,2.26,0.625,0.375,0.0,0.0,0.0,0.0,0.0,1.0,0.25,0.532,0.744,2.495,2.901,0.0,0.0,0.0,0.0,0.0,84.94,5.645,39.59,95.625,0.023943,0.111111,0.023943,0.111111,0.0,0.0,0.0,0.0,0.0,0.0,1.758723,2.104287,-0.345564,28.333333,3.378725,1.817318,2.5,2.104287,3.010363
55,768,78,88,7,7,22.757295,24.803488,2.046193,0,0.353995,-0.742306,1,55,map,49,1.0,1.0,16.47,41.27,55.89,81.3,0.599,0.0,4.082,0.0,0.0,0.0,0,0,0.0,0.0,0.0,2.53,2.13,0.0,0.0,unrouted,0.0,0.0,0.0,0.0,0.0,9.0,9.0,1.0,0.0,3.884778,0.839945,2.29,0.666667,0.333333,0.0,0.0,0.0,0.0,0.0,1.0,0.222222,0.539444,0.744,2.454444,2.901,0.0,0.0,0.0,0.0,0.0,84.535556,6.847778,39.776667,90.444444,0.009158,0.111111,0.009158,0.111111,0.0,0.0,0.0,0.0,0.0,0.0,1.959031,2.305077,-0.346045,32.444444,3.509886,1.959031,2.5,2.305077,3.010363
56,768,77,90,6,4,20.177581,21.53269,1.355109,0,-0.294904,-0.307499,1,56,appearance,24,1.0,1.5,0.0,64.71,88.71,90.23,0.678,0.38,2.833,0.0,0.0,0.0,0,0,0.0,0.0,0.0,0.0,2.811,0.0,0.0,unrouted,0.0,0.0,0.0,0.0,0.0,9.0,9.0,1.0,0.0,3.662111,0.823465,1.850222,0.555556,0.444444,0.0,0.0,0.0,0.0,0.0,1.0,0.222222,0.568889,0.744,2.473,2.901,0.0,0.0,0.0,0.0,0.0,86.342222,5.837778,44.174444,77.111111,0.00878,0.111111,0.00878,0.111111,0.0,0.0,0.0,0.0,0.0,0.0,1.977579,2.344452,-0.366873,27.222222,3.34011,1.977579,2.5,2.344452,3.010363
57,768,76,83,12,12,18.820096,20.279966,1.45987,0,0.508313,-1.249874,1,57,map,144,1.0,1.0,9.45,21.33,16.86,69.51,0.472,0.0,3.819,0.0,0.0,0.0,0,0,0.0,0.0,0.0,3.031,2.512,0.0,0.0,unrouted,0.0,0.0,0.0,0.0,0.0,9.0,9.0,1.0,0.0,3.633778,0.813128,1.839,0.555556,0.444444,0.0,0.0,0.0,0.0,0.0,1.0,0.222222,0.572222,0.744,2.475,2.901,0.0,0.0,0.0,0.0,0.0,85.661111,5.968889,43.765556,77.111111,0.018228,0.222222,0.018228,0.222222,0.0,0.0,0.0,0.0,0.0,0.0,2.221061,2.556025,-0.334965,26.111111,3.299944,2.221061,3.605551,2.556025,3.537817
58,768,76,83,12,12,21.581172,23.567669,1.986497,0,0.330403,-0.812418,1,58,map,144,1.0,1.0,10.31,21.56,18.13,69.18,0.47,0.0,4.834,0.0,0.0,0.0,0,0,0.0,0.0,0.0,4.129,2.619,0.0,0.0,unrouted,0.0,0.0,0.0,0.0,0.0,9.0,9.0,1.0,0.0,3.874222,0.812536,2.297778,0.666667,0.333333,0.0,0.0,0.0,0.0,0.0,1.0,0.111111,0.541778,0.71,2.524556,2.901,0.0,0.0,0.0,0.0,0.0,80.765556,7.114444,38.852222,92.111111,0.018228,0.222222,0.018228,0.222222,0.0,0.0,0.0,0.0,0.0,0.0,2.045379,2.498443,-0.453065,30.888889,3.462258,2.045379,3.605551,2.498443,3.537817
59,768,77,90,7,4,18.007275,19.353977,1.346702,0,-0.310238,0.521928,1,59,appearance,24,0.857,1.75,0.0,61.68,88.17,87.86,0.59,0.0,2.952,0.0,0.0,0.0,0,0,0.0,0.0,0.0,0.0,2.804,0.0,0.0,unrouted,0.0,0.0,0.0,0.0,0.0,9.0,9.0,1.0,0.0,3.683889,0.80561,1.879889,0.555556,0.444444,0.0,0.0,0.0,0.0,0.0,1.0,0.111111,0.559333,0.71,2.545,2.901,0.0,0.0,0.0,0.0,0.0,82.233333,6.125556,42.853333,78.777778,0.006757,0.222222,0.006757,0.222222,0.0,0.0,0.0,0.0,0.0,0.0,2.182354,2.694752,-0.512398,27.111111,3.336165,2.182354,3.605551,2.694752,4.229055
60,768,78,90,7,4,19.951636,21.190678,1.239042,0,0.148345,0.339253,1,60,appearance,23,0.821,1.75,17.71,58.36,80.66,88.4,0.526,0.0,3.314,0.0,0.0,0.0,0,0,0.0,0.0,0.0,0.0,2.254,0.0,0.0,unrouted,0.0,0.0,0.0,0.0,0.0,9.0,9.0,1.0,0.0,3.749111,0.747139,1.879889,0.555556,0.444444,0.0,0.0,0.0,0.0,0.0,1.0,0.0,0.538889,0.678,2.551556,2.901,0.0,0.0,0.0,0.0,0.0,80.032222,8.093333,41.773333,80.0,0.017339,0.222222,0.017339,0.222222,0.0,0.0,0.0,0.0,0.0,0.0,2.015688,2.516974,-0.501287,33.222222,3.532875,2.015688,3.605551,2.516974,4.229055
61,768,78,90,7,4,19.114006,19.694604,0.580598,0,0.096424,0.220515,1,61,appearance,23,0.821,1.75,0.0,58.36,80.66,88.4,0.526,0.0,2.966,0.0,0.0,0.0,0,0,0.0,0.0,0.0,0.0,2.254,0.0,0.0,unrouted,0.0,0.0,0.0,0.0,0.0,9.0,9.0,1.0,0.0,3.555667,0.697844,1.457333,0.444444,0.555556,0.0,0.0,0.0,0.0,0.0,1.0,0.0,0.548444,0.678,2.526556,2.901,0.0,0.0,0.0,0.0,0.0,81.584444,7.027778,45.408889,66.555556,0.056266,0.222222,0.056266,0.222222,0.0,0.0,0.0,0.0,0.0,0.0,1.786626,2.265857,-0.479231,29.333333,3.412247,1.786626,3.605551,2.265857,4.229055
62,768,81,90,3,3,18.209684,18.224346,0.014662,0,0.412676,-0.031665,1,62,appearance,9,1.0,1.0,14.56,76.22,93.37,108.56,0.367,0.0,3.126,0.0,0.0,0.0,0,0,0.0,0.0,0.0,0.0,1.75,0.0,0.0,unrouted,0.0,0.0,0.0,0.0,0.0,9.0,9.0,1.0,0.0,3.420333,0.648176,1.076667,0.333333,0.666667,0.0,0.0,0.0,0.0,0.0,1.0,0.111111,0.544778,0.678,2.448333,2.901,0.0,0.0,0.0,0.0,0.0,85.652222,7.611111,51.176667,51.555556,0.021118,0.111111,0.021118,0.111111,0.0,0.0,0.0,0.0,0.0,0.0,1.6624,2.122044,-0.459644,29.111111,3.404894,1.6624,3.605551,2.122044,4.229055
63,768,80,86,7,7,20.614218,21.308839,0.694622,0,0.618239,-0.720583,1,63,map,49,1.0,1.0,22.53,32.98,40.35,76.49,0.626,0.0,3.946,0.0,0.0,0.0,0,0,0.0,0.0,0.0,2.496,1.983,0.0,0.0,unrouted,0.0,0.0,0.0,0.0,0.0,9.0,9.0,1.0,0.0,3.541333,0.633193,1.354,0.444444,0.555556,0.0,0.0,0.0,0.0,0.0,1.0,0.111111,0.539333,0.678,2.346333,2.811,0.0,0.0,0.0,0.0,0.0,84.436667,10.114444,48.496667,54.333333,0.069296,0.222222,0.069296,0.222222,0.0,0.0,0.0,0.0,0.0,0.0,1.633074,2.016155,-0.383081,34.0,3.555348,1.633074,3.605551,2.016155,4.229055
64,768,82,89,3,4,19.167185,19.383115,0.215929,0,0.401856,0.056621,1,64,appearance,12,1.0,1.333,0.0,73.58,95.39,101.34,0.431,0.0,2.853,0.0,0.0,0.0,0,0,0.0,0.0,0.0,0.0,1.747,0.0,0.0,unrouted,0.0,0.0,0.0,0.0,0.0,9.0,9.0,1.0,0.0,3.404778,0.63439,1.072889,0.333333,0.666667,0.0,0.0,0.0,0.0,0.0,1.0,0.222222,0.520667,0.678,2.303778,2.811,0.0,0.0,0.0,0.0,0.0,86.663333,8.284444,52.086667,50.222222,0.084081,0.222222,0.084081,0.222222,0.0,0.0,0.0,0.0,0.0,0.0,1.599433,2.071481,-0.472048,30.222222,3.44113,1.599433,3.605551,2.071481,4.229055
65,768,82,89,3,3,20.61166,20.916977,0.305318,0,0.261206,-0.138196,1,65,appearance,9,1.0,1.0,18.0,78.67,101.14,105.47,0.343,0.0,3.204,0.0,0.0,0.0,0,0,0.0,0.0,0.0,0.0,1.642,0.0,0.0,unrouted,0.0,0.0,0.0,0.0,0.0,9.0,9.0,1.0,0.0,3.446,0.607376,1.072889,0.333333,0.666667,0.0,0.0,0.0,0.0,0.0,1.0,0.333333,0.483444,0.626,2.173889,2.804,0.0,0.0,0.0,0.0,0.0,88.356667,10.284444,53.637778,48.555556,0.084081,0.222222,0.084081,0.222222,0.0,0.0,0.0,0.0,0.0,0.0,1.479306,1.899791,-0.420485,36.111111,3.613916,1.479306,3.605551,1.899791,4.229055
66,768,82,89,3,3,20.74067,20.377829,-0.36284,0,0.169784,-0.089827,1,66,appearance,9,1.0,1.0,0.0,78.67,101.14,105.47,0.343,0.0,2.851,0.0,0.0,0.0,0,0,0.0,0.0,0.0,0.0,1.642,0.0,0.0,unrouted,0.0,0.0,0.0,0.0,0.0,9.0,9.0,1.0,0.0,3.338444,0.617425,0.736111,0.222222,0.777778,0.0,0.0,0.0,0.0,0.0,1.0,0.444444,0.469111,0.626,2.077222,2.804,0.0,0.0,0.0,0.0,0.0,92.352222,9.234444,60.008889,33.555556,0.05876,0.111111,0.05876,0.111111,0.0,0.0,0.0,0.0,0.0,0.0,1.078689,1.539535,-0.460846,32.333333,3.506558,1.078689,3.354102,1.539535,4.229055
67,768,83,89,3,3,19.641902,18.728322,-0.913579,0,0.46036,-0.058388,1,67,appearance,9,1.0,1.0,21.67,76.89,99.5,104.99,0.215,0.0,3.334,0.0,0.0,0.0,0,0,0.0,0.0,0.0,0.0,1.59,0.0,0.0,unrouted,0.0,0.0,0.0,0.0,0.0,9.0,9.0,1.0,0.0,3.171778,0.32391,0.277333,0.111111,0.888889,0.0,0.0,0.0,0.0,0.0,1.0,0.555556,0.440778,0.626,1.962889,2.804,0.0,0.0,0.0,0.0,0.0,96.331111,10.496667,66.156667,18.555556,0.05876,0.111111,0.05876,0.111111,0.0,0.0,0.0,0.0,0.0,0.0,1.1898,1.482399,-0.292599,32.333333,3.506558,1.1898,3.354102,1.482399,4.229055
68,768,83,88,3,4,22.711599,21.861193,-0.850406,0,0.299234,-0.212952,1,68,appearance,12,1.0,1.333,20.25,76.0,98.32,99.55,0.202,0.0,3.353,0.0,0.0,0.0,0,0,0.0,0.0,0.0,0.0,1.57,0.0,0.0,unrouted,0.0,0.0,0.0,0.0,0.0,9.0,9.0,1.0,0.0,3.216333,0.318143,0.277333,0.111111,0.888889,0.0,0.0,0.0,0.0,0.0,1.0,0.666667,0.397667,0.626,1.825778,2.254,0.0,0.0,0.0,0.0,0.0,97.63,12.746667,67.747778,17.222222,0.05876,0.111111,0.05876,0.111111,0.0,0.0,0.0,0.0,0.0,0.0,0.872678,1.083385,-0.210707,38.222222,3.669243,0.872678,2.236068,1.083385,2.305039
69,768,83,88,3,4,22.436703,21.678107,-0.758596,0,0.194502,-0.138419,1,69,appearance,12,1.0,1.333,0.0,76.0,98.32,99.55,0.202,0.0,2.956,0.0,0.0,0.0,0,0,0.0,0.0,0.0,0.0,1.57,0.0,0.0,unrouted,0.0,0.0,0.0,0.0,0.0,9.0,9.0,1.0,0.0,3.176556,0.325735,0.277333,0.111111,0.888889,0.0,0.0,0.0,0.0,0.0,1.0,0.777778,0.361667,0.626,1.749778,2.254,0.0,0.0,0.0,0.0,0.0,98.868889,10.778889,69.707778,16.0,0.048178,0.111111,0.048178,0.111111,0.0,0.0,0.0,0.0,0.0,0.0,0.761567,0.967486,-0.205919,32.444444,3.509886,0.761567,2.236068,0.967486,2.305039
70,768,79,82,12,12,23.403352,23.329472,-0.07388,0,0.301426,-0.789972,1,70,map,144,1.0,1.0,14.8,16.37,15.95,64.94,0.476,0.0,4.037,0.0,0.0,0.0,0,0,0.0,0.0,0.0,3.348,2.407,0.0,0.0,unrouted,0.0,0.0,0.0,0.0,0.0,9.0,9.0,1.0,0.0,3.295556,0.411435,0.649333,0.222222,0.777778,0.0,0.0,0.0,0.0,0.0,1.0,0.777778,0.356111,0.626,1.766778,2.407,0.0,0.0,0.0,0.0,0.0,96.262222,12.423333,65.042222,29.444444,0.050472,0.111111,0.050472,0.111111,0.0,0.0,0.0,0.0,0.0,0.0,0.990628,1.135954,-0.145326,38.555556,3.677706,0.990628,2.236068,1.135954,2.305039
71,768,83,88,3,3,22.586734,22.535016,-0.051718,0,0.020927,0.011518,1,71,appearance,9,1.0,1.0,0.0,81.78,105.77,101.9,0.111,0.0,2.955,0.0,0.0,0.0,0,0,0.0,0.0,0.0,0.0,1.629,0.0,0.0,unrouted,0.0,0.0,0.0,0.0,0.0,9.0,9.0,1.0,0.0,3.276556,0.422623,0.649333,0.222222,0.777778,0.0,0.0,0.0,0.0,0.0,1.0,0.777778,0.327667,0.626,1.753333,2.407,0.0,0.0,0.0,0.0,0.0,95.522222,10.805556,65.66,29.444444,0.050472,0.111111,0.050472,0.111111,0.0,0.0,0.0,0.0,0.0,0.0,1.042084,1.277119,-0.235035,33.777778,3.548979,1.042084,2.236068,1.277119,2.426161
72,768,84,88,3,3,22.147059,21.49148,-0.655579,0,0.363603,0.007487,1,72,appearance,9,1.0,1.0,15.0,79.44,103.38,102.72,0.131,0.0,3.241,0.0,0.0,0.0,0,0,0.0,0.0,0.0,0.0,1.475,0.0,0.0,unrouted,0.0,0.0,0.0,0.0,0.0,9.0,9.0,1.0,0.0,3.198222,0.350456,0.372,0.111111,0.888889,0.0,0.0,0.0,0.0,0.0,1.0,0.888889,0.272667,0.476,1.696889,2.407,0.0,0.0,0.0,0.0,0.0,98.436667,9.968889,70.822222,25.0,-0.005863,0.0,-0.005863,0.0,0.0,0.0,0.0,0.0,0.0,0.0,0.904744,1.15768,-0.252937,33.888889,3.552168,0.904744,2.061553,1.15768,2.426161
73,768,80,82,12,12,23.698387,23.590264,-0.108124,0,0.411342,-0.520134,1,73,map,144,1.0,1.0,10.61,14.88,14.09,65.17,0.486,0.0,3.64,0.0,0.0,0.0,0,0,0.0,0.0,0.0,3.016,2.487,0.0,0.0,unrouted,0.0,0.0,0.0,0.0,0.0,9.0,9.0,1.0,0.0,3.285667,0.351591,0.707111,0.222222,0.777778,0.0,0.0,0.0,0.0,0.0,1.0,0.777778,0.278778,0.486,1.779111,2.487,0.0,0.0,0.0,0.0,0.0,94.417778,11.147778,64.3,39.666667,0.01351,0.0,0.01351,0.0,0.0,0.0,0.0,0.0,0.0,0.0,0.913759,1.069747,-0.155988,39.222222,3.69442,0.913759,2.061553,1.069747,2.426161
74,768,84,87,3,4,22.926774,22.834189,-0.092585,0,0.092372,0.011913,1,74,appearance,12,1.0,1.333,0.0,79.67,106.0,102.61,0.22,0.0,2.948,0.0,0.0,0.0,0,0,0.0,0.0,0.0,0.0,1.554,0.0,0.0,unrouted,0.0,0.0,0.0,0.0,0.0,9.0,9.0,1.0,0.0,3.257222,0.367062,0.707111,0.222222,0.777778,0.0,0.0,0.0,0.0,0.0,1.0,0.777778,0.265111,0.486,1.769333,2.487,0.0,0.0,0.0,0.0,0.0,94.1,9.147778,64.411111,40.0,0.01351,0.0,0.01351,0.0,0.0,0.0,0.0,0.0,0.0,0.0,0.982429,1.190399,-0.207969,33.333333,3.536117,0.982429,2.061553,1.190399,2.426161
75,768,84,87,3,3,23.564639,23.473009,-0.09163,0,0.060042,-0.167256,1,75,appearance,9,1.0,1.0,14.44,88.22,112.08,113.61,0.266,0.0,3.169,0.0,0.0,0.0,0,0,0.0,0.0,0.0,0.0,1.586,0.0,0.0,unrouted,0.0,0.0,0.0,0.0,0.0,9.0,9.0,1.0,0.0,3.292556,0.340611,0.707111,0.222222,0.777778,0.0,0.0,0.0,0.0,0.0,1.0,0.777778,0.256556,0.486,1.763111,2.487,0.0,0.0,0.0,0.0,0.0,95.004444,10.752222,65.472222,40.0,0.01351,0.0,0.01351,0.0,0.0,0.0,0.0,0.0,0.0,0.0,1.037985,1.215362,-0.177377,39.333333,3.697178,1.037985,2.061553,1.215362,2.426161
76,768,84,87,3,3,22.87986,22.758652,-0.121207,0,0.039027,-0.108717,1,76,appearance,9,1.0,1.0,0.0,88.22,112.08,113.61,0.266,0.0,2.885,0.0,0.0,0.0,0,0,0.0,0.0,0.0,0.0,1.586,0.0,0.0,unrouted,0.0,0.0,0.0,0.0,0.0,9.0,9.0,1.0,0.0,3.242667,0.363031,0.707111,0.222222,0.777778,0.0,0.0,0.0,0.0,0.0,1.0,0.777778,0.262222,0.486,1.762667,2.487,0.0,0.0,0.0,0.0,0.0,95.962222,8.344444,66.731111,40.0,0.01351,0.0,0.01351,0.0,0.0,0.0,0.0,0.0,0.0,0.0,0.926874,1.142322,-0.215449,34.555556,3.571096,0.926874,2.061553,1.142322,2.426161
77,768,84,87,3,3,22.467068,22.316217,-0.150852,0,0.025368,-0.070666,1,77,appearance,9,1.0,1.0,7.0,86.67,109.38,117.23,0.349,0.0,2.985,0.0,0.0,0.0,0,0,0.0,0.0,0.0,0.0,1.442,0.0,0.0,unrouted,0.0,0.0,0.0,0.0,0.0,9.0,9.0,1.0,0.0,3.201778,0.368977,0.707111,0.222222,0.777778,0.0,0.0,0.0,0.0,0.0,1.0,0.777778,0.278556,0.486,1.748444,2.487,0.0,0.0,0.0,0.0,0.0,97.926667,6.872222,67.916667,39.666667,0.01351,0.0,0.01351,0.0,0.0,0.0,0.0,0.0,0.0,0.0,0.871318,1.084276,-0.212958,33.222222,3.532875,0.871318,2.061553,1.084276,2.426161
78,768,84,87,3,3,22.717521,22.542513,-0.175007,0,0.016489,-0.045933,1,78,appearance,9,1.0,1.0,8.67,86.11,106.6,121.29,0.361,0.0,3.013,0.0,0.0,0.0,0,0,0.0,0.0,0.0,0.0,1.441,0.0,0.0,unrouted,0.0,0.0,0.0,0.0,0.0,9.0,9.0,1.0,0.0,3.208111,0.365174,0.707111,0.222222,0.777778,0.0,0.0,0.0,0.0,0.0,1.0,0.777778,0.296222,0.486,1.734111,2.487,0.0,0.0,0.0,0.0,0.0,100.342222,7.835556,69.04,39.333333,0.01351,0.0,0.01351,0.0,0.0,0.0,0.0,0.0,0.0,0.0,0.871318,1.05181,-0.180492,37.111111,3.640506,0.871318,2.061553,1.05181,2.426161
79,768,84,87,3,3,21.773714,20.97698,-0.796734,0,0.010718,-0.029856,1,79,appearance,9,1.0,1.0,0.0,86.22,106.62,121.21,0.361,0.0,2.843,0.0,0.0,0.0,0,0,0.0,0.0,0.0,0.0,1.441,0.0,0.0,unrouted,0.0,0.0,0.0,0.0,0.0,9.0,9.0,1.0,0.0,3.075444,0.23286,0.335111,0.111111,0.888889,0.0,0.0,0.0,0.0,0.0,1.0,0.888889,0.283444,0.486,1.626778,2.487,0.0,0.0,0.0,0.0,0.0,106.594444,6.191111,76.801111,24.333333,0.011216,0.0,0.011216,0.0,0.0,0.0,0.0,0.0,0.0,0.0,0.642257,0.847624,-0.205367,30.555556,3.45175,0.642257,1.581139,0.847624,2.426161
80,768,85,88,3,3,22.559216,21.734792,-0.824424,0,0.356967,0.330593,1,80,appearance,9,1.0,1.0,16.78,78.67,103.78,122.03,0.293,0.0,3.203,0.0,0.0,0.0,0,0,0.0,0.0,0.0,0.0,1.25,0.0,0.0,unrouted,0.0,0.0,0.0,0.0,0.0,9.0,9.0,1.0,0.0,3.103,0.231647,0.335111,0.111111,0.888889,0.0,0.0,0.0,0.0,0.0,1.0,0.888889,0.303667,0.486,1.584667,2.487,0.0,0.0,0.0,0.0,0.0,108.831111,8.055556,76.455556,24.333333,0.00328,0.0,0.00328,0.0,0.0,0.0,0.0,0.0,0.0,0.0,0.62371,0.736721,-0.113011,35.888889,3.60791,0.62371,1.581139,0.736721,1.772385
81,768,85,88,3,3,21.952755,21.088915,-0.86384,0,0.232028,0.214886,1,81,appearance,9,1.0,1.0,0.0,78.67,103.78,122.03,0.293,0.0,2.873,0.0,0.0,0.0,0,0,0.0,0.0,0.0,0.0,1.25,0.0,0.0,unrouted,0.0,0.0,0.0,0.0,0.0,9.0,9.0,1.0,0.0,3.062111,0.236115,0.335111,0.111111,0.888889,0.0,0.0,0.0,0.0,0.0,1.0,0.888889,0.321667,0.486,1.559667,2.487,0.0,0.0,0.0,0.0,0.0,110.976667,6.388889,76.37,24.333333,0.011437,0.0,0.011437,0.0,0.0,0.0,0.0,0.0,0.0,0.0,0.512598,0.681987,-0.169388,30.444444,3.448222,0.512598,1.581139,0.681987,1.772385
82,768,79,80,12,12,19.053664,18.191465,-0.862199,0,-0.374182,-1.085324,1,82,map,144,1.0,1.0,7.35,11.64,2.81,63.75,0.569,0.0,2.711,0.0,0.0,0.0,0,0,0.0,0.0,0.0,2.24,2.222,0.0,0.0,unrouted,0.0,0.0,0.0,0.0,0.0,9.0,9.0,1.0,0.0,2.958889,0.147264,0.248889,0.111111,0.888889,0.0,0.0,0.0,0.0,0.0,1.0,0.888889,0.330889,0.569,1.530222,2.222,0.0,0.0,0.0,0.0,0.0,110.818889,6.026667,76.01,24.333333,-0.01125,0.0,-0.01125,0.0,0.0,0.0,0.0,0.0,0.0,0.0,0.760015,0.969228,-0.209213,31.222222,3.472656,0.760015,3.807887,0.969228,4.098817
192,4504,86,77,6,7,16.665875,18.745221,2.079346,0,-0.746891,-0.061549,1,192,appearance,32,0.762,1.167,12.64,75.57,100.29,49.0,0.334,0.0,3.463,0.0,0.0,0.0,0,0,0.0,0.0,0.0,0.0,1.415,0.0,0.0,unrouted,0.0,0.0,0.0,0.0,0.0,7.0,9.0,0.777778,0.222222,3.601286,0.194491,1.616571,0.714286,0.285714,0.0,0.0,0.0,0.0,0.0,1.0,0.571429,0.170286,0.334,1.984429,3.001,0.0,0.0,0.0,0.0,0.0,96.155714,17.478571,49.02,20.0,-0.031345,0.111111,-0.031345,0.111111,0.0,0.0,0.0,0.0,0.0,0.0,1.105162,1.268659,-0.163496,34.777778,3.577327,1.083846,3.0,1.268659,2.994999
195,4504,87,77,6,7,20.656068,20.874442,0.218374,0,0.043823,-0.016903,1,195,appearance,34,0.81,1.167,11.95,74.83,98.73,48.66,0.251,0.0,3.464,0.0,0.0,0.0,0,0,0.0,0.0,0.0,0.0,1.222,0.0,0.004,unrouted,0.0,0.0,0.0,0.0,0.0,8.0,9.0,0.888889,0.111111,3.51625,0.207862,0.82975,0.375,0.625,0.0,0.0,0.0,0.0,0.0,1.0,0.25,0.197875,0.334,1.928375,3.001,0.0,0.0,0.0005,0.004,0.0,73.50125,13.04125,66.9975,26.875,-0.020129,0.111111,-0.020129,0.111111,0.0,0.0,0.0,0.0,0.0,0.0,0.88294,1.221684,-0.338743,33.444444,3.539348,0.918314,3.0,1.221684,2.994999
196,4504,87,77,6,7,20.015886,19.509323,-0.506564,0,0.028485,-0.010987,1,196,appearance,34,0.81,1.167,0.0,74.83,98.7,48.69,0.252,0.0,3.229,0.0,0.0,0.0,0,0,0.0,0.0,0.0,0.0,1.229,0.0,0.004,unrouted,0.0,0.0,0.0,0.0,0.0,8.0,9.0,0.888889,0.111111,3.4695,0.224487,0.566,0.25,0.75,0.0,0.0,0.0,0.0,0.0,1.0,0.125,0.200125,0.334,1.7235,3.001,0.0,0.0,0.001,0.004,0.0,63.91625,9.805,72.2675,30.0,-0.020129,0.111111,-0.020129,0.111111,0.0,0.0,0.0,0.0,0.0,0.0,0.88294,1.172482,-0.289541,27.444444,3.347953,0.918314,3.0,1.172482,2.994999
197,4504,87,78,6,6,24.723323,24.108065,-0.615259,0,0.018515,0.167859,1,197,appearance,33,0.917,1.0,13.53,80.97,107.15,61.27,0.052,0.0,3.608,0.0,0.0,0.0,0,0,0.0,0.0,0.0,0.0,1.457,0.0,0.0,unrouted,0.0,0.0,0.0,0.0,0.0,9.0,9.0,1.0,0.0,3.484889,0.216078,0.503111,0.222222,0.777778,0.0,0.0,0.0,0.0,0.0,1.0,0.111111,0.183667,0.334,1.693889,3.001,0.0,0.0,0.000889,0.004,0.0,63.622222,10.218889,73.234444,30.333333,-0.020129,0.111111,-0.020129,0.111111,0.0,0.0,0.0,0.0,0.0,0.0,0.938496,1.229346,-0.29085,32.222222,3.503219,0.938496,3.0,1.229346,2.994999
200,4504,84,76,3,3,20.924462,20.410149,-0.514313,0,-1.386165,-1.117652,1,200,map,9,1.0,1.0,12.78,33.33,52.48,125.88,0.181,0.0,3.158,0.0,0.0,0.0,0,0,0.0,0.0,0.0,1.742,4.769,0.0,0.0,unrouted,0.0,0.0,0.0,0.0,0.0,9.0,9.0,1.0,0.0,3.399333,0.157796,0.399111,0.222222,0.777778,0.0,0.0,0.0,0.0,0.0,1.0,0.111111,0.186333,0.334,2.021444,4.769,0.0,0.0,0.000889,0.004,0.0,64.297778,8.796667,74.865556,28.777778,0.082336,0.333333,0.082336,0.333333,0.0,0.0,0.0,0.0,0.0,0.0,0.937979,1.204104,-0.266124,31.777778,3.489751,0.937979,4.242641,1.204104,3.814546
217,4504,88,78,7,7,17.376843,19.10703,1.730187,0,0.414739,0.113975,1,217,map,49,1.0,1.0,26.1,63.47,86.87,46.2,0.378,0.0,4.086,0.0,0.0,0.0,0,0,0.0,0.0,0.0,2.358,1.077,0.0,0.0,unrouted,0.0,0.0,0.0,0.0,0.0,9.0,9.0,1.0,0.0,3.691556,0.369723,1.465667,0.666667,0.333333,0.0,0.0,0.0,0.0,0.0,1.0,0.0,0.237222,0.397,1.754222,3.744,0.0,0.0,0.013556,0.042,0.0,55.664444,13.867778,70.251111,37.333333,-0.092082,0.111111,-0.092082,0.111111,0.0,0.0,0.0,0.0,0.0,0.0,2.239653,2.800107,-0.560454,38.444444,3.674893,2.310441,4.242641,2.800107,4.644758
218,4504,87,78,6,7,16.915951,18.118044,1.202092,0,-0.25542,0.074084,1,218,appearance,33,0.786,1.167,0.0,74.1,98.77,46.97,0.45,0.0,3.15,0.0,0.0,0.0,0,0,0.0,0.0,0.0,0.0,1.253,0.0,0.019,unrouted,0.0,0.0,0.0,0.0,0.0,9.0,9.0,1.0,0.0,3.631667,0.407056,1.257556,0.555556,0.444444,0.0,0.0,0.0,0.0,0.0,1.0,0.0,0.278,0.45,1.477444,2.177,0.0,0.0,0.015667,0.042,0.0,51.904444,11.641111,70.075556,38.222222,-0.092082,0.111111,-0.092082,0.111111,0.0,0.0,0.0,0.0,0.0,0.0,2.295209,2.826933,-0.531725,31.444444,3.479529,2.365997,4.242641,2.826933,4.644758
219,4504,87,79,6,7,18.264262,18.879885,0.615623,0,-0.166023,0.398154,1,219,appearance,34,0.81,1.167,17.17,75.88,100.39,47.9,0.321,0.0,3.535,0.0,0.0,0.0,0,0,0.0,0.0,0.0,0.0,1.242,0.0,0.018,unrouted,0.0,0.0,0.0,0.0,0.0,9.0,9.0,1.0,0.0,3.606556,0.40527,1.019778,0.444444,0.555556,0.0,0.0,0.0,0.0,0.0,1.0,0.0,0.269556,0.45,1.373556,2.016,0.0,0.0,0.015444,0.042,0.0,51.995556,11.923333,71.837778,36.555556,-0.059198,0.111111,-0.059198,0.111111,0.0,0.0,0.0,0.0,0.0,0.0,2.054956,2.567126,-0.51217,31.888889,3.493135,2.125743,4.242641,2.567126,4.644758
220,4504,87,80,6,7,20.153813,20.836028,0.682215,0,-0.107915,0.6088,1,220,appearance,34,0.81,1.167,27.02,75.02,98.36,47.75,0.273,0.0,3.75,0.0,0.0,0.0,0,0,0.0,0.0,0.0,0.0,1.275,0.0,0.0,unrouted,0.0,0.0,0.0,0.0,0.0,9.0,9.0,1.0,0.0,3.664889,0.383342,1.019778,0.444444,0.555556,0.0,0.0,0.0,0.0,0.0,1.0,0.0,0.275778,0.45,1.389333,2.016,0.0,0.0,0.012222,0.042,0.0,51.714444,14.925556,70.696667,37.0,-0.004138,0.222222,-0.004138,0.222222,0.0,0.0,0.0,0.0,0.0,0.0,2.008932,2.376029,-0.367097,38.555556,3.677706,2.07972,4.242641,2.376029,4.644758
221,4504,87,80,6,7,20.626075,20.710348,0.084273,0,-0.070145,0.39572,1,221,appearance,34,0.81,1.167,0.0,75.02,98.37,47.78,0.273,0.0,3.219,0.0,0.0,0.0,0,0,0.0,0.0,0.0,0.0,1.275,0.0,0.0,unrouted,0.0,0.0,0.0,0.0,0.0,9.0,9.0,1.0,0.0,3.593889,0.399822,0.780556,0.333333,0.666667,0.0,0.0,0.0,0.0,0.0,1.0,0.0,0.302444,0.45,1.307,1.994,0.0,0.0,0.012222,0.042,0.0,51.583333,13.34,73.585556,35.333333,0.065452,0.222222,0.065452,0.222222,0.0,0.0,0.0,0.0,0.0,0.0,1.657568,2.132461,-0.474893,32.888889,3.523087,1.728356,4.242641,2.132461,4.644758
222,4504,88,80,7,7,23.68121,24.285997,0.604787,0,0.479406,0.257218,1,222,map,49,1.0,1.0,35.86,62.61,86.74,46.54,0.206,0.0,4.327,0.0,0.0,0.0,0,0,0.0,0.0,0.0,2.461,1.254,0.0,0.0,unrouted,0.0,0.0,0.0,0.0,0.0,9.0,9.0,1.0,0.0,3.720778,0.429996,1.054,0.444444,0.555556,0.0,0.0,0.0,0.0,0.0,1.0,0.0,0.291333,0.45,1.314444,1.994,0.0,0.0,0.007556,0.025,0.0,51.243333,17.324444,71.161111,37.444444,0.010515,0.222222,0.010515,0.222222,0.0,0.0,0.0,0.0,0.0,0.0,1.47287,1.812429,-0.339558,37.666667,3.654978,1.543658,4.242641,1.812429,4.644758
223,4504,87,80,5,7,22.098329,22.147102,0.048773,0,-0.388386,0.167192,1,223,appearance,30,0.857,1.4,0.0,85.03,112.53,49.52,0.302,0.0,3.187,0.0,0.0,0.0,0,0,0.0,0.0,0.0,0.0,1.296,0.0,0.0,unrouted,0.0,0.0,0.0,0.0,0.0,9.0,9.0,1.0,0.0,3.609222,0.423724,0.775889,0.333333,0.666667,0.0,0.0,0.0,0.0,0.0,1.0,0.0,0.284,0.45,1.319333,1.994,0.0,0.0,0.004778,0.019,0.0,51.594444,14.71,74.798889,35.333333,0.017971,0.222222,0.017971,0.222222,0.0,0.0,0.0,0.0,0.0,0.0,1.537958,1.914773,-0.376815,32.111111,3.499869,1.608745,4.242641,1.914773,4.644758
224,4504,84,82,5,5,25.603426,25.663528,0.060101,0,-1.302451,0.458675,1,224,map,25,1.0,1.0,52.04,57.28,77.55,77.33,0.043,0.0,4.084,0.0,0.0,0.0,0,0,0.0,0.0,0.0,1.935,1.771,0.0,0.0,unrouted,0.0,0.0,0.0,0.0,0.0,9.0,9.0,1.0,0.0,3.617889,0.432459,0.750444,0.333333,0.666667,0.0,0.0,0.0,0.0,0.0,1.0,0.0,0.274222,0.45,1.294556,1.771,0.0,0.0,0.004778,0.019,0.0,51.062222,17.576667,72.496667,35.333333,0.195516,0.222222,0.195516,0.222222,0.0,0.0,0.0,0.0,0.0,0.0,1.595464,1.703265,-0.107801,32.0,3.496508,1.488705,3.162278,1.703265,3.437684
225,4504,83,82,5,5,23.075741,23.288729,0.212987,1,-1.302451,0.458675,0,,,,,,,,,,,,,,,,,,,,,,,,,,,,,,,8.0,9.0,0.888889,0.111111,3.66725,0.434131,0.84425,0.375,0.625,0.0,0.0,0.0,0.0,0.0,1.0,0.0,0.28075,0.45,1.305375,1.771,0.0,0.0,0.004625,0.019,0.0,51.24875,19.77375,71.05125,36.0,0.195516,0.222222,0.195516,0.222222,0.0,0.0,0.0,0.0,0.0,0.0,1.347012,1.3213,0.025712,37.444444,3.649214,1.393681,3.162278,1.3213,2.741185
226,4504,86,81,6,7,19.38806,19.024655,-0.363405,0,0.378407,0.298139,1,226,appearance,33,0.786,1.167,0.0,74.17,98.66,46.91,0.441,0.0,3.155,0.0,0.0,0.0,0,0,0.0,0.0,0.0,0.0,1.508,0.0,0.012,unrouted,0.0,0.0,0.0,0.0,0.0,8.0,9.0,0.888889,0.111111,3.550875,0.431054,0.5495,0.25,0.75,0.0,0.0,0.0,0.0,0.0,1.0,0.0,0.288625,0.45,1.35925,1.771,0.0,0.0,0.006125,0.019,0.0,51.3375,16.51125,72.38875,34.0,0.220497,0.222222,0.220497,0.222222,0.0,0.0,0.0,0.0,0.0,0.0,1.62479,1.75541,-0.13062,31.888889,3.493135,1.671459,3.5,1.75541,4.824305
240,4504,82,88,5,5,22.815133,23.387304,0.572171,0,-0.582073,0.618201,1,240,map,25,1.0,1.0,47.72,79.76,102.34,71.11,0.043,0.0,3.965,0.0,0.0,0.0,0,0,0.0,0.0,0.0,1.836,1.424,0.0,0.0,unrouted,0.0,0.0,0.0,0.0,0.0,8.0,9.0,0.888889,0.111111,3.819875,0.512251,0.830125,0.375,0.625,0.0,0.0,0.0,0.0,0.0,1.0,0.0,0.2315,0.421,1.773625,2.339,0.0,0.0,0.0,0.0,0.0,55.80375,29.03375,73.8475,30.625,0.655691,0.444444,0.655691,0.444444,0.0,0.0,0.0,0.0,0.0,0.0,2.503655,2.396363,0.107292,36.777778,3.631721,2.106313,3.807887,2.396363,4.535239
241,4504,83,86,6,7,19.574317,20.015284,0.440967,0,0.146652,0.051831,1,241,appearance,33,0.786,1.167,0.0,70.26,89.41,50.36,0.572,0.0,3.096,0.0,0.0,0.0,0,0,0.0,0.0,0.0,0.0,2.42,0.0,0.0,unrouted,0.0,0.0,0.0,0.0,0.0,8.0,9.0,0.888889,0.111111,3.687375,0.544263,0.830125,0.375,0.625,0.0,0.0,0.0,0.0,0.0,1.0,0.0,0.265625,0.572,1.849875,2.42,0.0,0.0,0.0,0.0,0.0,56.15375,22.87625,72.33375,31.0,0.457372,0.333333,0.457372,0.333333,0.0,0.0,0.0,0.0,0.0,0.0,2.303346,2.37191,-0.068563,30.444444,3.448222,1.992351,3.807887,2.37191,4.535239
242,4504,82,88,5,5,21.642495,22.821971,1.179476,0,-0.429676,0.38369,1,242,map,25,1.0,1.0,45.96,84.52,109.11,70.39,0.102,0.0,4.091,0.0,0.0,0.0,0,0,0.0,0.0,0.0,2.012,1.549,0.0,0.0,unrouted,0.0,0.0,0.0,0.0,0.0,8.0,9.0,0.888889,0.111111,3.80025,0.522181,1.081625,0.5,0.5,0.0,0.0,0.0,0.0,0.0,1.0,0.0,0.241,0.572,1.81725,2.42,0.0,0.0,0.0,0.0,0.0,59.01,28.62125,72.6025,30.375,0.570042,0.444444,0.570042,0.444444,0.0,0.0,0.0,0.0,0.0,0.0,2.602522,2.466656,0.135866,35.777778,3.604894,2.19266,3.807887,2.466656,4.535239
243,4504,83,88,5,5,25.272419,26.220769,0.94835,0,0.070711,0.249399,1,243,appearance,22,0.88,1.0,0.0,91.36,116.99,68.73,0.2,0.0,3.154,0.0,0.0,0.0,0,0,0.0,0.0,0.0,0.0,1.451,0.0,0.0,unrouted,0.0,0.0,0.0,0.0,0.0,9.0,9.0,1.0,0.0,3.728444,0.532564,0.961444,0.444444,0.555556,0.0,0.0,0.0,0.0,0.0,1.0,0.0,0.236444,0.572,1.776556,2.42,0.0,0.0,0.0,0.0,0.0,60.09,25.441111,74.686667,29.444444,0.569664,0.444444,0.569664,0.444444,0.0,0.0,0.0,0.0,0.0,0.0,2.713633,2.63113,0.082503,29.888889,3.430397,2.228124,3.807887,2.63113,4.535239
244,4504,83,87,5,7,23.946273,24.175664,0.229392,0,0.045962,0.162109,1,244,appearance,30,0.857,1.4,60.8,77.83,96.31,54.48,0.48,0.0,4.097,0.0,0.0,0.0,0,0,0.0,0.0,0.0,0.0,2.45,0.0,0.0,unrouted,0.0,0.0,0.0,0.0,0.0,9.0,9.0,1.0,0.0,3.712,0.518458,0.724778,0.333333,0.666667,0.0,0.0,0.0,0.0,0.0,1.0,0.0,0.283,0.572,1.914333,2.45,0.0,0.0,0.0,0.0,0.0,58.038889,26.694444,76.285556,30.0,0.38205,0.333333,0.38205,0.333333,0.0,0.0,0.0,0.0,0.0,0.0,2.3803,2.353975,0.026325,29.111111,3.404894,1.894791,3.807887,2.353975,4.535239
245,4504,80,88,5,5,26.351761,27.268793,0.917033,0,-1.020125,0.105371,1,245,map,25,1.0,1.0,54.76,57.36,76.31,68.22,0.052,0.0,4.216,0.0,0.0,0.0,0,0,0.0,0.0,0.0,2.085,4.201,0.0,0.0,unrouted,0.0,0.0,0.0,0.0,0.0,9.0,9.0,1.0,0.0,3.817556,0.513594,0.956444,0.444444,0.555556,0.0,0.0,0.0,0.0,0.0,1.0,0.0,0.264111,0.572,2.207667,4.201,0.0,0.0,0.0,0.0,0.0,59.705556,32.778889,74.035556,29.333333,0.657353,0.444444,0.657353,0.444444,0.0,0.0,0.0,0.0,0.0,0.0,2.541465,2.275637,0.265828,33.333333,3.536117,1.944845,3.807887,2.275637,4.535239
246,4504,82,87,6,7,23.651958,23.87203,0.220072,0,0.211919,0.068491,1,246,appearance,33,0.786,1.167,0.0,66.31,81.11,51.93,0.582,0.0,3.091,0.0,0.0,0.0,0,0,0.0,0.0,0.0,0.0,2.519,0.0,0.0,unrouted,0.0,0.0,0.0,0.0,0.0,9.0,9.0,1.0,0.0,3.656444,0.488184,0.659222,0.333333,0.666667,0.0,0.0,0.0,0.0,0.0,1.0,0.0,0.310333,0.582,2.237444,4.201,0.0,0.0,0.0,0.0,0.0,60.338889,28.597778,76.991111,27.555556,0.531363,0.333333,0.531363,0.333333,0.0,0.0,0.0,0.0,0.0,0.0,2.292197,2.216971,0.075226,28.0,3.367296,1.799525,3.354102,2.216971,4.535239
247,4504,80,88,5,5,27.253953,28.063476,0.809523,0,-0.737253,0.044519,1,247,map,25,1.0,1.0,53.96,61.48,79.58,73.02,0.098,0.0,4.154,0.0,0.0,0.0,0,0,0.0,0.0,0.0,2.028,3.955,0.0,0.0,unrouted,0.0,0.0,0.0,0.0,0.0,9.0,9.0,1.0,0.0,3.771444,0.469586,0.884556,0.444444,0.555556,0.0,0.0,0.0,0.0,0.0,1.0,0.0,0.283333,0.582,2.478667,4.201,0.0,0.0,0.0,0.0,0.0,62.305556,34.593333,74.241111,27.555556,0.734208,0.444444,0.734208,0.444444,0.0,0.0,0.0,0.0,0.0,0.0,2.308408,2.014475,0.293932,33.777778,3.548979,1.704624,3.0,2.014475,3.521701
248,4504,82,88,5,6,25.290311,26.115465,0.825154,0,0.220786,0.203937,1,248,appearance,26,0.867,1.2,0.0,81.07,102.05,60.23,0.266,0.0,3.166,0.0,0.0,0.0,0,0,0.0,0.0,0.0,0.0,2.555,0.0,0.0,unrouted,0.0,0.0,0.0,0.0,0.0,9.0,9.0,1.0,0.0,3.67,0.490346,0.884556,0.444444,0.555556,0.0,0.0,0.0,0.0,0.0,1.0,0.0,0.266111,0.582,2.502667,4.201,0.0,0.0,0.0,0.0,0.0,63.163333,29.244444,74.438889,27.111111,0.734208,0.444444,0.734208,0.444444,0.0,0.0,0.0,0.0,0.0,0.0,2.413243,2.288374,0.124869,29.222222,3.408577,1.87813,3.0,2.288374,3.521701
249,4504,80,88,5,5,26.347114,27.090664,0.743551,0,-0.556489,-0.042441,1,249,map,25,1.0,1.0,56.68,65.68,83.23,72.9,0.098,0.0,4.21,0.0,0.0,0.0,0,0,0.0,0.0,0.0,2.091,3.013,0.0,0.0,unrouted,0.0,0.0,0.0,0.0,0.0,9.0,9.0,1.0,0.0,3.697222,0.512278,0.912889,0.444444,0.555556,0.0,0.0,0.0,0.0,0.0,1.0,0.0,0.272222,0.582,2.679222,4.201,0.0,0.0,0.0,0.0,0.0,63.362222,30.24,72.874444,27.111111,0.829799,0.444444,0.829799,0.444444,0.0,0.0,0.0,0.0,0.0,0.0,2.39981,2.296214,0.103597,26.777778,3.324236,1.85874,3.0,2.296214,3.521701
250,4504,76,90,3,3,24.931696,26.404303,1.472606,0,-2.111718,0.322414,1,250,map,9,1.0,1.0,25.22,11.22,11.53,103.71,0.181,0.0,2.958,0.0,0.0,0.0,0,0,0.0,0.0,0.0,2.09,2.069,0.0,0.0,unrouted,0.0,0.0,0.0,0.0,0.0,9.0,9.0,1.0,0.0,3.681889,0.53174,1.145111,0.555556,0.444444,0.0,0.0,0.0,0.0,0.0,1.0,0.111111,0.228778,0.582,2.640222,4.201,0.0,0.0,0.0,0.0,0.0,69.29,33.042222,66.314444,24.444444,0.807367,0.444444,0.807367,0.444444,0.0,0.0,0.0,0.0,0.0,0.0,2.875364,2.510345,0.365019,32.333333,3.506558,2.224989,5.09902,2.510345,4.564151
251,4504,82,88,4,6,20.473835,20.607689,0.133854,0,0.513282,0.147414,1,251,appearance,23,0.958,1.5,0.0,89.54,113.94,64.28,0.261,0.0,3.104,0.0,0.0,0.0,0,0,0.0,0.0,0.0,0.0,2.914,0.0,0.0,unrouted,0.0,0.0,0.0,0.0,0.0,8.0,9.0,0.888889,0.111111,3.649,0.521853,0.7755,0.375,0.625,0.0,0.0,0.0,0.0,0.0,1.0,0.0,0.254625,0.582,2.88225,4.201,0.0,0.0,0.0,0.0,0.0,64.22375,28.275,73.82875,26.125,0.717129,0.333333,0.717129,0.333333,0.0,0.0,0.0,0.0,0.0,0.0,2.183605,2.137008,0.046596,27.222222,3.34011,1.803413,3.0,2.137008,3.521701
252,4504,81,89,5,5,21.915654,21.988088,0.072434,0,0.158633,0.270819,1,252,appearance,22,0.88,1.0,60.28,83.96,106.24,71.84,0.138,0.0,4.172,0.0,0.0,0.0,0,0,0.0,0.0,0.0,0.0,2.136,0.0,0.0,unrouted,0.0,0.0,0.0,0.0,0.0,8.0,9.0,0.888889,0.111111,3.77625,0.509608,0.7755,0.375,0.625,0.0,0.0,0.0,0.0,0.0,1.0,0.0,0.246875,0.582,2.967875,4.201,0.0,0.0,0.0,0.0,0.0,64.6125,35.81,72.90375,26.125,0.717507,0.333333,0.717507,0.333333,0.0,0.0,0.0,0.0,0.0,0.0,2.248176,2.091742,0.156433,30.777778,3.458767,1.77087,3.0,2.091742,3.521701
253,4504,81,89,5,5,20.999037,21.096902,0.097865,0,0.103112,0.176032,1,253,appearance,22,0.88,1.0,0.0,83.96,106.23,71.83,0.139,0.0,3.182,0.0,0.0,0.0,0,0,0.0,0.0,0.0,0.0,2.137,0.0,0.0,unrouted,0.0,0.0,0.0,0.0,0.0,8.0,9.0,0.888889,0.111111,3.661875,0.527163,0.7755,0.375,0.625,0.0,0.0,0.0,0.0,0.0,1.0,0.0,0.20425,0.582,2.92875,4.201,0.0,0.0,0.0,0.0,0.0,66.78125,28.21,73.67,25.125,0.717507,0.333333,0.717507,0.333333,0.0,0.0,0.0,0.0,0.0,0.0,2.137065,2.097812,0.039252,25.555556,3.279239,1.77087,3.0,2.097812,3.521701
254,4504,81,88,5,6,21.112081,20.521034,-0.591047,0,0.067023,-0.060579,1,254,appearance,25,0.833,1.2,54.53,76.57,95.11,62.38,0.451,0.0,4.059,0.0,0.0,0.0,0,0,0.0,0.0,0.0,0.0,2.868,0.0,0.0,unrouted,0.0,0.0,0.0,0.0,0.0,8.0,9.0,0.888889,0.111111,3.64225,0.50877,0.514875,0.25,0.75,0.0,0.0,0.0,0.0,0.0,1.0,0.0,0.254125,0.582,2.762125,3.955,0.0,0.0,0.0,0.0,0.0,66.05125,28.18125,76.07125,25.125,0.442204,0.222222,0.442204,0.222222,0.0,0.0,0.0,0.0,0.0,0.0,1.816846,1.834877,-0.01803,26.0,3.295837,1.493092,2.54951,1.834877,3.521701
255,4504,78,88,5,5,25.19299,25.347285,0.154296,0,-1.006435,-0.214376,1,255,map,25,1.0,1.0,48.92,50.84,63.91,76.22,0.112,0.0,4.234,0.0,0.0,0.0,0,0,0.0,0.0,0.0,2.139,2.519,0.0,0.0,unrouted,0.0,0.0,0.0,0.0,0.0,8.0,9.0,0.888889,0.111111,3.785125,0.494187,0.78225,0.375,0.625,0.0,0.0,0.0,0.0,0.0,1.0,0.0,0.195375,0.451,2.762125,3.955,0.0,0.0,0.0,0.0,0.0,69.0875,34.29625,74.1375,24.125,0.654544,0.333333,0.654544,0.333333,0.0,0.0,0.0,0.0,0.0,0.0,1.986972,1.787837,0.199135,30.777778,3.458767,1.553245,3.041381,1.787837,3.10425
256,4504,81,88,4,6,22.480318,21.964063,-0.516255,0,0.220817,0.035655,1,256,appearance,22,0.917,1.5,0.0,88.46,111.78,66.72,0.324,0.0,3.061,0.0,0.0,0.0,0,0,0.0,0.0,0.0,0.0,3.286,0.0,0.0,unrouted,0.0,0.0,0.0,0.0,0.0,8.0,9.0,0.888889,0.111111,3.6485,0.523536,0.52875,0.25,0.75,0.0,0.0,0.0,0.0,0.0,1.0,0.0,0.223625,0.451,2.6785,3.286,0.0,0.0,0.0,0.0,0.0,68.3,27.55125,77.51,23.75,0.4517,0.222222,0.4517,0.222222,0.0,0.0,0.0,0.0,0.0,0.0,1.881362,1.884024,-0.002662,25.222222,3.266607,1.558746,3.041381,1.884024,3.578466
257,4504,78,88,5,5,25.663556,25.885716,0.22216,0,-0.731469,-0.151824,1,257,map,25,1.0,1.0,46.6,55.56,68.91,77.7,0.136,0.0,4.185,0.0,0.0,0.0,0,0,0.0,0.0,0.0,2.12,2.552,0.0,0.0,unrouted,0.0,0.0,0.0,0.0,0.0,8.0,9.0,0.888889,0.111111,3.775875,0.514533,0.79375,0.375,0.625,0.0,0.0,0.0,0.0,0.0,1.0,0.0,0.207375,0.451,2.678125,3.286,0.0,0.0,0.0,0.0,0.0,70.48375,33.37625,74.32125,23.625,0.643902,0.333333,0.643902,0.333333,0.0,0.0,0.0,0.0,0.0,0.0,2.045137,1.883818,0.161319,30.222222,3.44113,1.612964,3.041381,1.883818,3.578466
258,4504,80,89,5,5,21.544958,21.070876,-0.474082,0,0.224545,0.251314,1,258,appearance,21,0.84,1.0,0.0,82.24,102.1,73.8,0.25,0.0,3.117,0.0,0.0,0.0,0,0,0.0,0.0,0.0,0.0,2.535,0.0,0.0,unrouted,0.0,0.0,0.0,0.0,0.0,8.0,9.0,0.888889,0.111111,3.63925,0.526103,0.532375,0.25,0.75,0.0,0.0,0.0,0.0,0.0,1.0,0.0,0.226375,0.451,2.618375,3.286,0.0,0.0,0.0,0.0,0.0,70.59625,26.29125,76.39125,23.125,0.404542,0.222222,0.404542,0.222222,0.0,0.0,0.0,0.0,0.0,0.0,1.955658,1.954342,0.001316,26.777778,3.324236,1.632355,3.041381,1.954342,3.578466
259,4504,80,89,5,5,26.500896,25.915032,-0.585864,0,0.145954,0.163354,1,259,appearance,22,0.88,1.0,50.96,80.28,99.02,73.19,0.342,0.0,4.08,0.0,0.0,0.0,0,0,0.0,0.0,0.0,0.0,2.643,0.0,0.0,unrouted,0.0,0.0,0.0,0.0,0.0,9.0,9.0,1.0,0.0,3.688222,0.514992,0.473222,0.222222,0.777778,0.0,0.0,0.0,0.0,0.0,1.0,0.0,0.239222,0.451,2.621111,3.286,0.0,0.0,0.0,0.0,0.0,70.884444,29.032222,76.823333,23.0,0.404542,0.222222,0.404542,0.222222,0.0,0.0,0.0,0.0,0.0,0.0,2.066769,1.991788,0.074981,25.888889,3.291713,1.570343,3.041381,1.991788,3.578466
260,4504,80,89,5,5,23.854681,23.344846,-0.509835,1,0.145954,0.163354,0,,,,,,,,,,,,,,,,,,,,,,,,,,,,,,,8.0,9.0,0.888889,0.111111,3.76125,0.500371,0.532375,0.25,0.75,0.0,0.0,0.0,0.0,0.0,1.0,0.0,0.2365,0.451,2.5845,3.286,0.0,0.0,0.0,0.0,0.0,71.71,32.66125,75.23375,23.0,0.404542,0.222222,0.404542,0.222222,0.0,0.0,0.0,0.0,0.0,0.0,1.78349,1.646871,0.136619,30.444444,3.448222,1.311404,3.041381,1.646871,3.578466
261,4504,88,87,3,3,17.96551,18.276878,0.311368,1,1.84487,-0.59382,0,,,,,,,,,,,,,,,,,,,,,,,,,,,,,,,8.0,9.0,0.888889,0.111111,3.587125,0.5653,0.731875,0.375,0.625,0.0,0.0,0.0,0.0,0.0,1.0,0.125,0.251,0.451,2.53875,3.286,0.0,0.0,0.0,0.0,0.0,74.9025,29.4875,66.7525,21.375,0.274538,0.222222,0.274538,0.222222,0.0,0.0,0.0,0.0,0.0,0.0,2.104712,2.118142,-0.013429,26.666667,3.320228,2.022191,5.385165,2.118142,5.314307
365,10427,71,116,12,12,16.408735,18.566466,2.15773,0,0.0,-0.433143,1,365,map,144,1.0,1.0,10.84,11.01,6.07,93.36,0.662,0.0,4.739,0.0,0.0,0.0,0,0,0.0,0.0,0.0,4.461,3.714,0.0,0.0,unrouted,0.0,0.0,0.0,0.0,0.0,6.0,9.0,0.666667,0.333333,4.784833,0.326569,4.494833,1.0,0.0,0.0,0.0,0.0,0.0,0.0,1.0,0.0,0.6765,0.683,3.741333,3.816,0.0,0.0,0.0,0.0,0.0,93.84,11.525,11.583333,144.0,0.089569,0.222222,0.089569,0.222222,0.0,0.0,0.0,0.0,0.0,0.0,1.0,0.395921,0.604079,32.0,3.496508,0.466106,1.0,0.395921,0.789648
367,10427,72,116,12,12,16.607583,18.776001,2.168418,0,0.35,-0.281543,1,367,map,144,1.0,1.0,10.99,11.64,7.25,91.96,0.691,0.0,4.408,0.0,0.0,0.0,0,0,0.0,0.0,0.0,4.072,3.692,0.0,0.0,unrouted,0.0,0.0,0.0,0.0,0.0,6.0,9.0,0.666667,0.333333,4.786667,0.32441,4.498833,1.0,0.0,0.0,0.0,0.0,0.0,0.0,1.0,0.0,0.677833,0.691,3.720667,3.784,0.0,0.0,0.0,0.0,0.0,93.581667,11.278333,11.611667,144.0,0.078231,0.222222,0.078231,0.222222,0.0,0.0,0.0,0.0,0.0,0.0,0.934913,0.431174,0.503739,32.333333,3.506558,0.458914,1.0,0.431174,1.089777
495,14474,4,70,5,5,14.777427,18.25444,3.477013,0,-0.35,0.371823,1,495,map,25,1.0,1.0,9.0,3.6,2.76,21.75,0.497,0.0,2.738,0.0,0.0,0.0,0,0,0.0,0.0,0.0,2.044,0.41,0.0,0.165,unrouted,0.0,0.0,0.0,0.0,0.0,9.0,9.0,1.0,0.0,2.252,0.365981,1.456778,1.0,0.0,0.0,0.0,0.0,0.0,0.0,1.0,0.888889,0.361444,0.497,0.574778,1.266,0.0,0.0,0.421444,0.482,0.888889,15.655556,4.334444,6.855556,10.777778,-0.008306,0.0,-0.008306,0.0,0.0,0.0,0.0,0.0,0.0,0.0,1.229388,0.950916,0.278472,34.555556,3.571096,0.71269,2.0,0.950916,2.63175
534,16048,77,96,12,12,17.907247,20.639404,2.732158,0,-0.446446,-0.662283,1,534,map,144,1.0,1.0,13.99,17.41,2.59,56.45,0.136,0.0,4.707,0.0,0.0,0.0,0,0,0.0,0.0,0.0,4.111,2.575,0.0,0.0,unrouted,0.0,0.0,0.0,0.0,0.0,6.0,6.0,1.0,0.0,4.160167,0.921103,2.826333,0.666667,0.333333,0.0,0.0,0.0,0.0,0.0,1.0,0.333333,0.281167,0.536,2.583833,3.341,0.0,0.0,0.0,0.0,0.0,67.655,10.598333,37.886667,100.5,0.356623,0.5,0.356623,0.5,0.0,0.0,0.0,0.0,0.0,0.0,1.659983,2.025902,-0.365919,35.333333,3.592736,1.753575,3.162278,2.025902,3.695941
535,16048,82,102,3,4,19.058941,21.301873,2.242932,0,-0.11519,0.269516,1,535,appearance,12,1.0,1.333,0.0,91.75,120.44,93.77,0.412,0.0,2.862,0.0,0.0,0.0,0,0,0.0,0.0,0.0,0.0,2.19,0.0,0.0,unrouted,0.0,0.0,0.0,0.0,0.0,7.0,7.0,1.0,0.0,3.974714,0.96622,2.422571,0.571429,0.428571,0.0,0.0,0.0,0.0,0.0,1.0,0.428571,0.299857,0.536,2.527571,3.341,0.0,0.0,0.0,0.0,0.0,71.385714,9.084286,45.581429,87.857143,0.305677,0.428571,0.305677,0.428571,0.0,0.0,0.0,0.0,0.0,0.0,1.71735,2.140132,-0.422782,30.428571,3.447717,1.797572,3.162278,2.140132,3.695941
536,16048,77,95,12,12,22.633559,25.181616,2.548057,0,-0.249873,-0.874815,1,536,map,144,1.0,1.0,12.89,18.1,3.54,54.74,0.102,0.0,4.306,0.0,0.0,0.0,0,0,0.0,0.0,0.0,3.642,2.719,0.0,0.0,unrouted,0.0,0.0,0.0,0.0,0.0,8.0,8.0,1.0,0.0,4.016125,0.910433,2.575,0.625,0.375,0.0,0.0,0.0,0.0,0.0,1.0,0.375,0.275125,0.536,2.5515,3.341,0.0,0.0,0.0,0.0,0.0,69.305,9.56,42.14625,94.875,0.369933,0.5,0.369933,0.5,0.0,0.0,0.0,0.0,0.0,0.0,1.882854,2.284126,-0.401272,33.375,3.53733,1.953048,3.162278,2.284126,3.695941
537,16048,77,95,12,12,26.426271,29.0603,2.634028,0,-0.162418,-0.56863,1,537,map,144,1.0,1.0,12.38,18.85,2.15,54.03,0.104,0.0,4.179,0.0,0.0,0.0,0,0,0.0,0.0,0.0,3.502,2.714,0.0,0.0,unrouted,0.0,0.0,0.0,0.0,0.0,9.0,9.0,1.0,0.0,4.034222,0.859889,2.678,0.666667,0.333333,0.0,0.0,0.0,0.0,0.0,1.0,0.333333,0.256111,0.536,2.569556,3.341,0.0,0.0,0.0,0.0,0.0,67.607778,9.873333,39.557778,100.333333,0.328829,0.444444,0.328829,0.444444,0.0,0.0,0.0,0.0,0.0,0.0,1.673648,2.131423,-0.457775,35.888889,3.60791,1.736043,3.162278,2.131423,3.695941
538,16048,81,100,4,5,25.310992,27.244043,1.933051,0,-0.105571,0.155391,1,538,appearance,18,0.9,1.25,0.0,77.25,96.16,66.5,0.654,0.0,2.869,0.0,0.0,0.0,0,0,0.0,0.0,0.0,0.0,2.901,0.0,0.0,unrouted,0.0,0.0,0.0,0.0,0.0,9.0,9.0,1.0,0.0,3.779778,0.827622,2.156333,0.555556,0.444444,0.0,0.0,0.0,0.0,0.0,1.0,0.333333,0.304,0.654,2.649222,3.341,0.0,0.0,0.0,0.0,0.0,68.527778,8.235556,46.466667,86.333333,0.328829,0.444444,0.328829,0.444444,0.0,0.0,0.0,0.0,0.0,0.0,1.840315,2.361978,-0.521663,30.222222,3.44113,1.902709,3.162278,2.361978,3.695941
539,16048,77,94,12,12,27.548343,30.153837,2.605495,0,-0.068621,-0.773996,1,539,map,144,1.0,1.0,12.4,18.98,2.74,52.38,0.034,0.0,4.463,0.0,0.0,0.0,0,0,0.0,0.0,0.0,3.789,2.648,0.0,0.0,unrouted,0.0,0.0,0.0,0.0,0.0,9.0,9.0,1.0,0.0,3.956667,0.783435,2.577333,0.666667,0.333333,0.0,0.0,0.0,0.0,0.0,1.0,0.222222,0.264222,0.654,2.572222,2.901,0.0,0.0,0.0,0.0,0.0,64.677778,9.613333,39.028889,101.0,0.381086,0.555556,0.381086,0.555556,0.0,0.0,0.0,0.0,0.0,0.0,1.889031,2.428193,-0.539162,35.777778,3.604894,1.951426,3.162278,2.428193,3.695941
540,16048,77,93,12,12,21.729434,23.92729,2.197856,1,-0.068621,-0.773996,0,,,,,,,,,,,,,,,,,,,,,,,,,,,,,,,8.0,9.0,0.888889,0.111111,3.864625,0.783739,2.38325,0.625,0.375,0.0,0.0,0.0,0.0,0.0,1.0,0.25,0.272,0.654,2.607125,2.901,0.0,0.0,0.0,0.0,0.0,65.5475,8.7875,41.895,95.625,0.265612,0.444444,0.265612,0.444444,0.0,0.0,0.0,0.0,0.0,0.0,1.611253,2.11896,-0.507707,30.888889,3.462258,1.808701,3.162278,2.11896,3.695941
541,16048,78,94,12,12,20.873024,23.025069,2.152045,0,0.305396,-0.153097,1,541,map,144,1.0,1.0,13.17,19.21,2.23,52.04,0.067,0.0,3.969,0.0,0.0,0.0,0,0,0.0,0.0,0.0,3.239,2.597,0.0,0.0,unrouted,0.0,0.0,0.0,0.0,0.0,8.0,9.0,0.888889,0.111111,3.7805,0.730063,2.285375,0.625,0.375,0.0,0.0,0.0,0.0,0.0,1.0,0.25,0.255625,0.654,2.624875,2.901,0.0,0.0,0.0,0.0,0.0,64.93125,8.10375,42.19375,95.625,0.271557,0.444444,0.271557,0.444444,0.0,0.0,0.0,0.0,0.0,0.0,1.859705,2.228053,-0.368347,30.666667,3.455265,1.854725,3.162278,2.228053,3.695941
542,16048,76,93,12,12,23.796375,26.654738,2.858363,0,-0.501493,-0.449513,1,542,map,144,1.0,1.0,12.75,19.44,2.47,50.81,0.036,0.0,4.836,0.0,0.0,0.0,0,0,0.0,0.0,0.0,4.19,2.577,0.0,0.0,unrouted,0.0,0.0,0.0,0.0,0.0,8.0,9.0,0.888889,0.111111,4.023875,0.716711,2.809125,0.75,0.25,0.0,0.0,0.0,0.0,0.0,1.0,0.125,0.193125,0.654,2.615125,2.901,0.0,0.0,0.0,0.0,0.0,60.09,9.6975,35.12375,111.75,0.309283,0.555556,0.309283,0.555556,0.0,0.0,0.0,0.0,0.0,0.0,1.859705,2.220316,-0.360611,36.444444,3.622858,1.854725,3.162278,2.220316,3.695941
543,16048,75,93,12,12,18.831631,21.301733,2.470102,1,-0.501493,-0.449513,0,,,,,,,,,,,,,,,,,,,,,,,,,,,,,,,7.0,9.0,0.777778,0.222222,3.926286,0.71475,2.623143,0.714286,0.285714,0.0,0.0,0.0,0.0,0.0,1.0,0.142857,0.201286,0.654,2.620857,2.901,0.0,0.0,0.0,0.0,0.0,60.61,9.084286,37.654286,107.142857,0.215732,0.444444,0.215732,0.444444,0.0,0.0,0.0,0.0,0.0,0.0,1.508341,1.809656,-0.301315,31.777778,3.489751,1.57819,3.041381,1.809656,3.292083
544,16048,78,98,5,5,21.844451,25.037397,3.192946,0,-0.50097,0.232816,1,544,map,25,1.0,1.0,23.6,57.56,71.09,64.71,0.33,0.0,4.432,0.0,0.0,0.0,0,0,0.0,0.0,0.0,2.723,1.82,0.0,0.0,unrouted,0.0,0.0,0.0,0.0,0.0,7.0,9.0,0.777778,0.222222,4.150571,0.579037,3.012143,0.857143,0.142857,0.0,0.0,0.0,0.0,0.0,1.0,0.0,0.189571,0.654,2.568,2.901,0.0,0.0,0.0,0.0,0.0,56.458571,12.455714,32.77,109.0,0.285322,0.555556,0.285322,0.555556,0.0,0.0,0.0,0.0,0.0,0.0,1.454962,1.712323,-0.257361,37.666667,3.654978,1.524811,3.041381,1.712323,3.292083
545,16048,77,98,5,5,16.919833,19.819574,2.899742,1,-0.50097,0.232816,0,,,,,,,,,,,,,,,,,,,,,,,,,,,,,,,6.0,9.0,0.666667,0.333333,4.124667,0.621665,2.907167,0.833333,0.166667,0.0,0.0,0.0,0.0,0.0,1.0,0.0,0.204167,0.654,2.542833,2.901,0.0,0.0,0.0,0.0,0.0,56.745,12.383333,35.215,103.166667,0.194241,0.444444,0.194241,0.444444,0.0,0.0,0.0,0.0,0.0,0.0,1.117031,1.346536,-0.229506,32.111111,3.499869,1.248261,2.5,1.346536,2.657489
546,16048,76,92,12,12,17.362043,20.357223,2.99518,0,0.549369,-0.723669,1,546,map,144,1.0,1.0,24.12,20.31,1.29,49.72,0.089,0.0,6.227,0.0,0.0,0.0,0,0,0.0,0.0,0.0,5.603,3.589,0.0,0.0,unrouted,0.0,0.0,0.0,0.0,0.0,6.0,9.0,0.666667,0.333333,4.466,1.003046,3.257333,0.833333,0.166667,0.0,0.0,0.0,0.0,0.0,1.0,0.0,0.201667,0.654,2.688667,3.589,0.0,0.0,0.0,0.0,0.0,56.026667,14.34,35.458333,103.166667,0.260773,0.555556,0.260773,0.555556,0.0,0.0,0.0,0.0,0.0,0.0,1.594937,1.696428,-0.101491,32.222222,3.503219,1.641098,3.535534,1.696428,4.058831
547,16048,76,98,3,3,17.88366,21.999172,4.115512,0,-0.66666,-0.374135,1,547,map,9,1.0,1.0,32.0,29.22,41.67,78.72,0.027,0.0,3.755,0.0,0.0,0.0,0,0,0.0,0.0,0.0,2.239,1.62,0.0,0.0,unrouted,0.0,0.0,0.0,0.0,0.0,6.0,9.0,0.666667,0.333333,4.157667,0.460218,3.015667,1.0,0.0,0.0,0.0,0.0,0.0,0.0,1.0,0.333333,0.0935,0.33,2.162667,2.648,0.0,0.0,0.0,0.0,0.0,64.053333,22.301667,28.605,79.166667,0.255525,0.555556,0.255525,0.555556,0.0,0.0,0.0,0.0,0.0,0.0,1.505919,1.502379,0.003541,38.444444,3.674893,1.552268,2.5,1.502379,2.703437
592,16896,74,96,5,5,18.644199,21.996652,3.352453,0,-0.486171,0.638689,1,592,map,25,1.0,1.0,39.64,59.12,76.42,66.18,0.024,0.0,4.37,0.0,0.0,0.0,0,0,0.0,0.0,0.0,2.377,1.047,0.0,0.0,unrouted,0.0,0.0,0.0,0.0,0.0,7.0,9.0,0.777778,0.222222,4.031286,0.956638,2.575571,0.857143,0.142857,0.0,0.0,0.0,0.0,0.0,1.0,0.285714,0.335143,0.801,1.762143,2.78,0.0,0.0,0.0,0.0,0.0,63.884286,21.648571,35.48,54.428571,0.473534,0.333333,0.473534,0.333333,0.0,0.0,0.0,0.0,0.0,0.0,1.928366,2.10101,-0.172644,40.555556,3.727031,1.933769,4.242641,2.10101,4.4631
593,16896,76,96,6,5,17.985836,20.516596,2.530759,0,0.558989,0.415148,1,593,appearance,25,0.833,1.2,0.0,73.57,89.09,52.39,0.318,0.0,3.129,0.0,0.0,0.0,0,0,0.0,0.0,0.0,0.0,1.303,0.0,0.0,unrouted,0.0,0.0,0.0,0.0,0.0,7.0,9.0,0.777778,0.222222,4.044286,0.943581,2.282,0.714286,0.285714,0.0,0.0,0.0,0.0,0.0,1.0,0.142857,0.369857,0.801,1.786714,2.78,0.0,0.0,0.0,0.0,0.0,58.301429,19.378571,43.688571,56.714286,0.471239,0.333333,0.471239,0.333333,0.0,0.0,0.0,0.0,0.0,0.0,2.049009,2.139879,-0.090869,33.0,3.526361,2.054412,4.242641,2.139879,4.4631
594,16896,74,96,5,5,23.811263,26.67508,2.863817,0,-0.511657,0.269846,1,594,map,25,1.0,1.0,49.8,66.12,85.58,66.82,0.042,0.0,4.541,0.0,0.0,0.0,0,0,0.0,0.0,0.0,2.45,1.026,0.0,0.0,unrouted,0.0,0.0,0.0,0.0,0.0,8.0,9.0,0.888889,0.111111,4.106375,0.897796,2.303,0.75,0.25,0.0,0.0,0.0,0.0,0.0,1.0,0.125,0.328875,0.801,1.691625,2.78,0.0,0.0,0.0,0.0,0.0,59.36625,23.18125,46.4925,52.75,0.612714,0.444444,0.612714,0.444444,0.0,0.0,0.0,0.0,0.0,0.0,2.437898,2.482882,-0.044984,38.555556,3.677706,2.291574,4.242641,2.482882,4.4631
595,16896,76,95,5,6,22.517111,24.694016,2.176905,0,0.367423,0.0004,1,595,appearance,25,0.833,1.2,0.0,78.0,98.49,51.3,0.462,0.0,3.064,0.0,0.0,0.0,0,0,0.0,0.0,0.0,0.0,1.376,0.0,0.0,unrouted,0.0,0.0,0.0,0.0,0.0,8.0,9.0,0.888889,0.111111,4.11225,0.890774,2.065625,0.625,0.375,0.0,0.0,0.0,0.0,0.0,1.0,0.0,0.36675,0.801,1.73975,2.78,0.0,0.0,0.0,0.0,0.0,54.23375,20.77875,53.95125,54.75,0.612714,0.444444,0.612714,0.444444,0.0,0.0,0.0,0.0,0.0,0.0,2.66696,2.734154,-0.067195,33.444444,3.539348,2.520635,4.242641,2.734154,4.4631
596,16896,71,90,12,12,25.321291,27.541151,2.219861,0,-0.286175,-0.69974,1,596,map,144,1.0,1.0,25.27,23.49,6.97,43.51,0.824,0.0,5.556,0.0,0.0,0.0,0,0,0.0,0.0,0.0,4.907,2.76,0.0,0.0,unrouted,0.0,0.0,0.0,0.0,0.0,8.0,9.0,0.888889,0.111111,4.3045,1.007949,2.392,0.625,0.375,0.0,0.0,0.0,0.0,0.0,1.0,0.0,0.454625,0.824,1.940125,2.78,0.0,0.0,0.0,0.0,0.0,52.01,20.1475,52.7125,69.625,0.652824,0.444444,0.652824,0.444444,0.0,0.0,0.0,0.0,0.0,0.0,2.700245,2.542319,0.157927,34.555556,3.571096,2.327008,3.041381,2.542319,3.868228
597,16896,74,96,5,5,31.810621,36.416537,4.605916,0,-0.361014,0.420169,1,597,map,25,1.0,1.0,46.92,79.84,102.03,66.48,0.177,0.0,4.64,0.0,0.0,0.0,0,0,0.0,0.0,0.0,2.632,1.046,0.0,0.0,unrouted,0.0,0.0,0.0,0.0,0.0,9.0,9.0,1.0,0.0,4.341778,0.956134,2.418667,0.666667,0.333333,0.0,0.0,0.0,0.0,0.0,1.0,0.0,0.423778,0.824,1.840778,2.78,0.0,0.0,0.0,0.0,0.0,53.617778,23.122222,55.726667,64.666667,0.87485,0.555556,0.87485,0.555556,0.0,0.0,0.0,0.0,0.0,0.0,3.024187,2.898638,0.125549,41.444444,3.748196,2.461007,3.041381,2.898638,3.868228
598,16896,75,96,5,5,30.13886,34.115381,3.976521,0,0.115341,0.27311,1,598,appearance,22,0.88,1.0,0.4,86.4,107.55,64.0,0.336,0.0,3.101,0.0,0.0,0.0,0,0,0.0,0.0,0.0,0.0,1.077,0.0,0.0,unrouted,0.0,0.0,0.0,0.0,0.0,9.0,9.0,1.0,0.0,4.097222,0.960727,1.902556,0.555556,0.444444,0.0,0.0,0.0,0.0,0.0,1.0,0.0,0.373667,0.824,1.681111,2.78,0.0,0.0,0.0,0.0,0.0,55.96,20.614444,62.758889,51.111111,0.930139,0.555556,0.930139,0.555556,0.0,0.0,0.0,0.0,0.0,0.0,2.959616,2.971398,-0.011782,34.888889,3.580428,2.396436,3.041381,2.971398,3.868228
599,16896,71,90,12,12,33.707556,38.335252,4.627696,0,-0.100028,-0.697479,1,599,map,144,1.0,1.0,30.73,24.51,9.26,43.81,0.843,0.0,5.914,0.0,0.0,0.0,0,0,0.0,0.0,0.0,5.197,2.436,0.0,0.0,unrouted,0.0,0.0,0.0,0.0,0.0,9.0,9.0,1.0,0.0,4.409667,1.040224,2.48,0.666667,0.333333,0.0,0.0,0.0,0.0,0.0,1.0,0.0,0.425222,0.843,1.642889,2.76,0.0,0.0,0.0,0.0,0.0,55.345556,24.028889,57.074444,64.333333,0.942611,0.555556,0.942611,0.555556,0.0,0.0,0.0,0.0,0.0,0.0,3.044784,2.857213,0.18757,41.555556,3.75081,2.341783,2.915476,2.857213,3.477989
600,16896,75,95,5,6,31.29651,33.186504,1.889994,0,0.109982,0.246639,1,600,appearance,26,0.867,1.2,0.0,79.5,100.55,53.15,0.467,0.0,3.076,0.0,0.0,0.0,0,0,0.0,0.0,0.0,0.0,1.338,0.0,0.0,unrouted,0.0,0.0,0.0,0.0,0.0,9.0,9.0,1.0,0.0,4.154556,1.054379,1.951444,0.555556,0.444444,0.0,0.0,0.0,0.0,0.0,1.0,0.0,0.388111,0.843,1.489889,2.76,0.0,0.0,0.0,0.0,0.0,56.404444,21.417778,63.394444,51.222222,0.866902,0.444444,0.866902,0.444444,0.0,0.0,0.0,0.0,0.0,0.0,2.839942,2.777815,0.062127,34.666667,3.574217,2.293067,2.915476,2.777815,3.260786
601,16896,72,96,5,5,30.234763,32.092745,1.857982,0,-0.978512,0.335315,1,601,map,25,1.0,1.0,53.12,62.8,81.94,69.97,0.113,0.0,4.658,0.0,0.0,0.0,0,0,0.0,0.0,0.0,2.593,2.892,0.0,0.0,unrouted,0.0,0.0,0.0,0.0,0.0,9.0,9.0,1.0,0.0,4.186556,1.064752,1.975444,0.555556,0.444444,0.0,0.0,0.0,0.0,0.0,1.0,0.0,0.398,0.843,1.694889,2.892,0.0,0.0,0.0,0.0,0.0,56.825556,22.915556,63.803333,51.222222,0.721183,0.444444,0.721183,0.444444,0.0,0.0,0.0,0.0,0.0,0.0,2.891511,2.762204,0.129306,34.222222,3.561677,2.307056,3.041381,2.762204,3.206876
602,16896,71,96,5,5,27.569102,29.738779,2.169677,1,-0.978512,0.335315,0,,,,,,,,,,,,,,,,,,,,,,,,,,,,,,,8.0,9.0,0.888889,0.111111,4.31875,1.057417,2.222375,0.625,0.375,0.0,0.0,0.0,0.0,0.0,1.0,0.0,0.408,0.843,1.743875,2.892,0.0,0.0,0.0,0.0,0.0,57.38,25.78,62.5825,54.5,0.721183,0.444444,0.721183,0.444444,0.0,0.0,0.0,0.0,0.0,0.0,2.613733,2.422903,0.19083,41.111111,3.740312,2.144209,3.041381,2.422903,3.206876
603,16896,73,95,6,6,23.806745,25.18822,1.381475,0,0.238967,0.042955,1,603,appearance,29,0.806,1.0,0.0,72.39,89.51,52.97,0.53,0.0,3.102,0.0,0.0,0.0,0,0,0.0,0.0,0.0,0.0,1.171,0.0,0.0,unrouted,0.0,0.0,0.0,0.0,0.0,8.0,9.0,0.888889,0.111111,4.138875,1.124571,1.916125,0.5,0.5,0.0,0.0,0.0,0.0,0.0,1.0,0.0,0.469,0.843,1.762,2.892,0.0,0.0,0.0,0.0,0.0,55.64875,19.555,63.36625,55.0,0.579708,0.333333,0.579708,0.333333,0.0,0.0,0.0,0.0,0.0,0.0,2.508123,2.477389,0.030734,35.444444,3.595789,2.14971,3.041381,2.477389,3.577401
604,16896,72,96,5,5,23.607834,25.773302,2.165468,0,-0.369671,0.202921,1,604,map,25,1.0,1.0,49.76,79.52,99.91,71.47,0.108,0.0,4.626,0.0,0.0,0.0,0,0,0.0,0.0,0.0,2.563,5.007,0.0,0.0,unrouted,0.0,0.0,0.0,0.0,0.0,8.0,9.0,0.888889,0.111111,4.334125,1.05441,2.2365,0.625,0.375,0.0,0.0,0.0,0.0,0.0,1.0,0.0,0.42475,0.843,2.215875,5.007,0.0,0.0,0.0,0.0,0.0,58.17,25.775,63.55625,55.0,0.773694,0.444444,0.773694,0.444444,0.0,0.0,0.0,0.0,0.0,0.0,2.56234,2.385281,0.177059,41.0,3.73767,2.09633,3.041381,2.385281,3.577401
605,16896,73,95,6,6,20.229456,21.540185,1.310729,0,0.284714,-0.043102,1,605,appearance,30,0.833,1.0,0.0,72.69,89.29,54.24,0.472,0.0,3.141,0.0,0.0,0.0,0,0,0.0,0.0,0.0,0.0,1.173,0.0,0.0,unrouted,0.0,0.0,0.0,0.0,0.0,8.0,9.0,0.888889,0.111111,4.03225,1.005968,1.623125,0.5,0.5,0.0,0.0,0.0,0.0,0.0,1.0,0.0,0.38075,0.843,2.0175,5.007,0.0,0.0,0.0,0.0,0.0,59.51125,22.61625,69.70625,40.75,0.618365,0.333333,0.618365,0.333333,0.0,0.0,0.0,0.0,0.0,0.0,2.30412,2.303155,0.000965,34.222222,3.561677,1.994235,3.041381,2.303155,3.577401
606,16896,73,95,5,6,18.58099,19.058499,0.477509,0,0.010064,-0.028016,1,606,appearance,26,0.867,1.2,63.43,82.8,102.41,56.61,0.422,0.0,4.086,0.0,0.0,0.0,0,0,0.0,0.0,0.0,0.0,1.147,0.0,0.0,unrouted,0.0,0.0,0.0,0.0,0.0,8.0,9.0,0.888889,0.111111,3.963,0.980494,1.294125,0.375,0.625,0.0,0.0,0.0,0.0,0.0,1.0,0.0,0.411375,0.843,2.030125,5.007,0.0,0.0,0.0,0.0,0.0,58.2775,24.68,70.07625,40.875,0.396339,0.222222,0.396339,0.222222,0.0,0.0,0.0,0.0,0.0,0.0,2.180486,2.034157,0.146329,34.333333,3.564827,1.766511,3.041381,2.034157,3.577401
622,16896,67,86,12,12,21.255884,21.751506,0.495622,0,0.026319,-0.811397,1,622,map,144,1.0,1.0,43.37,26.24,12.74,42.88,0.838,0.0,6.318,0.0,0.0,0.0,0,0,0.0,0.0,0.0,5.414,2.519,0.0,0.0,unrouted,0.0,0.0,0.0,0.0,0.0,8.0,9.0,0.888889,0.111111,4.503625,1.330397,1.969125,0.375,0.625,0.0,0.0,0.0,0.0,0.0,1.0,0.0,0.599875,0.853,2.1405,4.603,0.0,0.0,0.0,0.0,0.0,54.55125,33.1575,58.44125,72.5,0.127416,0.222222,0.127416,0.222222,0.0,0.0,0.0,0.0,0.0,0.0,1.946256,1.665129,0.281127,44.0,3.806662,1.495647,3.5,1.665129,4.23457
623,16896,67,85,12,12,21.653773,22.460651,0.806877,1,0.026319,-0.811397,0,,,,,,,,,,,,,,,,,,,,,,,,,,,,,,,7.0,9.0,0.777778,0.222222,4.562714,1.4124,2.250429,0.428571,0.571429,0.0,0.0,0.0,0.0,0.0,1.0,0.0,0.622429,0.853,2.264,4.603,0.0,0.0,0.0,0.0,0.0,53.048571,28.29,54.957143,79.0,0.460749,0.222222,0.460749,0.222222,0.0,0.0,0.0,0.0,0.0,0.0,1.64708,1.194621,0.452459,36.444444,3.622858,1.196961,2.692582,1.194621,3.419431
624,16896,66,86,12,12,25.372311,27.124757,1.752446,0,-0.332893,-0.177408,1,624,map,144,1.0,1.0,48.63,25.19,11.35,43.03,0.827,0.0,6.099,0.0,0.0,0.0,0,0,0.0,0.0,0.0,5.145,2.562,0.0,0.0,unrouted,0.0,0.0,0.0,0.0,0.0,7.0,9.0,0.777778,0.222222,4.991143,1.357514,2.985429,0.571429,0.428571,0.0,0.0,0.0,0.0,0.0,1.0,0.0,0.677429,0.853,2.447714,4.603,0.0,0.0,0.0,0.0,0.0,49.905714,35.237143,46.722857,95.714286,0.598783,0.333333,0.598783,0.333333,0.0,0.0,0.0,0.0,0.0,0.0,2.105203,1.338807,0.766396,42.666667,3.776585,1.354095,2.692582,1.338807,3.419431
625,16896,66,86,12,12,20.409983,22.33281,1.922827,1,-0.332893,-0.177408,0,,,,,,,,,,,,,,,,,,,,,,,,,,,,,,,6.0,9.0,0.666667,0.333333,5.129,1.420194,3.483,0.666667,0.333333,0.0,0.0,0.0,0.0,0.0,1.0,0.0,0.724,0.853,2.653667,4.603,0.0,0.0,0.0,0.0,0.0,47.961667,28.586667,41.82,106.666667,0.598783,0.333333,0.598783,0.333333,0.0,0.0,0.0,0.0,0.0,0.0,1.827425,1.270927,0.556498,35.111111,3.586601,1.340453,2.692582,1.270927,3.419431
626,16896,68,92,5,5,28.16848,30.749948,2.581468,0,-0.74138,0.759685,1,626,map,25,1.0,1.0,72.76,67.52,88.41,74.71,0.113,0.0,4.597,0.0,0.0,0.0,0,0,0.0,0.0,0.0,2.525,0.971,0.0,0.0,unrouted,0.0,0.0,0.0,0.0,0.0,7.0,9.0,0.777778,0.222222,5.053,1.327958,3.346143,0.714286,0.285714,0.0,0.0,0.0,0.0,0.0,1.0,0.0,0.636714,0.853,2.413286,4.603,0.0,0.0,0.0,0.0,0.0,51.782857,34.897143,45.491429,95.0,0.932116,0.444444,0.932116,0.444444,0.0,0.0,0.0,0.0,0.0,0.0,2.399405,1.595452,0.803953,35.444444,3.595789,1.618379,2.915476,1.595452,3.419431
627,16896,68,92,5,5,33.59112,36.771563,3.180443,0,-0.481897,0.493795,1,627,map,25,1.0,1.0,77.48,74.12,95.33,74.94,0.148,0.0,4.702,0.0,0.0,0.0,0,0,0.0,0.0,0.0,2.652,2.0,0.0,0.0,unrouted,0.0,0.0,0.0,0.0,0.0,7.0,9.0,0.777778,0.222222,5.277429,1.096804,3.725,0.857143,0.142857,0.0,0.0,0.0,0.0,0.0,1.0,0.0,0.590857,0.853,2.041429,2.609,0.0,0.0,0.0,0.0,0.0,54.74,45.965714,45.944286,93.714286,0.932116,0.444444,0.932116,0.444444,0.0,0.0,0.0,0.0,0.0,0.0,2.608512,1.564484,1.044028,41.666667,3.753418,1.494153,2.915476,1.564484,3.419431
628,16896,70,91,5,6,27.659562,30.163065,2.503503,0,0.386767,0.145967,1,628,appearance,25,0.833,1.2,0.0,78.0,98.12,61.95,0.492,0.0,3.051,0.0,0.0,0.0,0,0,0.0,0.0,0.0,0.0,2.181,0.0,0.0,unrouted,0.0,0.0,0.0,0.0,0.0,7.0,9.0,0.777778,0.222222,4.866,1.296466,2.999857,0.714286,0.285714,0.0,0.0,0.0,0.0,0.0,1.0,0.0,0.539286,0.846,1.980286,2.562,0.0,0.0,0.0,0.0,0.0,57.35,40.66,53.287143,76.714286,0.619597,0.333333,0.619597,0.333333,0.0,0.0,0.0,0.0,0.0,0.0,2.403671,1.603986,0.799685,35.0,3.583519,1.424039,2.915476,1.603986,3.419431
629,16896,68,92,5,5,32.13146,35.359205,3.227745,0,-0.448602,0.269878,1,629,map,25,1.0,1.0,70.32,77.76,99.54,75.64,0.184,0.0,4.402,0.0,0.0,0.0,0,0,0.0,0.0,0.0,2.328,0.98,0.0,0.0,unrouted,0.0,0.0,0.0,0.0,0.0,7.0,9.0,0.777778,0.222222,5.048714,1.115432,3.332429,0.857143,0.142857,0.0,0.0,0.0,0.0,0.0,1.0,0.0,0.492571,0.846,1.967286,2.562,0.0,0.0,0.0,0.0,0.0,59.505714,50.705714,53.621429,76.0,0.831936,0.444444,0.831936,0.444444,0.0,0.0,0.0,0.0,0.0,0.0,2.527897,1.492147,1.03575,40.777778,3.732365,1.404648,2.915476,1.492147,2.920728
630,16896,69,92,5,5,28.021978,30.44004,2.418062,0,0.058409,0.175421,1,630,appearance,22,0.88,1.0,0.0,85.52,105.84,74.57,0.283,0.0,3.117,0.0,0.0,0.0,0,0,0.0,0.0,0.0,0.0,1.11,0.0,0.0,unrouted,0.0,0.0,0.0,0.0,0.0,7.0,9.0,0.777778,0.222222,4.612286,1.185976,2.580571,0.714286,0.285714,0.0,0.0,0.0,0.0,0.0,1.0,0.0,0.412143,0.838,1.760429,2.562,0.0,0.0,0.0,0.0,0.0,63.96,44.651429,62.05,58.571429,0.668794,0.333333,0.668794,0.333333,0.0,0.0,0.0,0.0,0.0,0.0,2.324738,1.435224,0.889515,34.444444,3.567967,1.293537,2.915476,1.435224,2.920728
631,16896,68,92,5,5,29.777446,32.200867,2.423421,0,-0.312034,0.114024,1,631,map,25,1.0,1.0,84.0,79.36,100.31,74.56,0.24,0.0,4.394,0.0,0.0,0.0,0,0,0.0,0.0,0.0,2.334,1.057,0.0,0.0,unrouted,0.0,0.0,0.0,0.0,0.0,7.0,9.0,0.777778,0.222222,4.337429,0.960293,2.140571,0.714286,0.285714,0.0,0.0,0.0,0.0,0.0,1.0,0.0,0.326714,0.827,1.551571,2.562,0.0,0.0,0.0,0.0,0.0,68.485714,50.455714,69.638571,41.571429,1.014069,0.444444,1.014069,0.444444,0.0,0.0,0.0,0.0,0.0,0.0,2.409619,1.521877,0.887743,35.111111,3.586601,1.293537,2.915476,1.521877,2.920728
632,16896,68,86,12,12,32.330983,35.0895,2.758517,0,0.715928,-0.494635,1,632,map,144,1.0,1.0,46.46,22.92,6.41,46.87,0.883,0.0,5.931,0.0,0.0,0.0,0,0,0.0,0.0,0.0,5.107,2.514,0.0,0.0,unrouted,0.0,0.0,0.0,0.0,0.0,8.0,9.0,0.888889,0.111111,4.747,1.15518,2.86975,0.75,0.25,0.0,0.0,0.0,0.0,0.0,1.0,0.0,0.479,0.902,1.85275,2.562,0.0,0.0,0.0,0.0,0.0,62.12625,45.2325,56.95125,69.25,0.611057,0.444444,0.611057,0.444444,0.0,0.0,0.0,0.0,0.0,0.0,2.581787,1.837853,0.743934,42.222222,3.766355,1.527276,2.915476,1.837853,3.039089
633,16896,69,92,5,6,27.634829,29.458395,1.823566,0,0.340666,0.345675,1,633,appearance,26,0.867,1.2,0.0,76.13,93.3,63.73,0.265,0.0,3.167,0.0,0.0,0.0,0,0,0.0,0.0,0.0,0.0,2.589,0.0,0.0,unrouted,0.0,0.0,0.0,0.0,0.0,8.0,9.0,0.888889,0.111111,4.082125,0.789921,1.65225,0.625,0.375,0.0,0.0,0.0,0.0,0.0,1.0,0.0,0.283125,0.54,1.9335,4.58,0.0,0.0,0.0,0.0,0.0,69.22625,45.72875,73.88,27.75,0.876036,0.333333,0.876036,0.333333,0.0,0.0,0.0,0.0,0.0,0.0,2.687397,1.781561,0.905837,36.444444,3.622858,1.481112,2.915476,1.781561,3.10977
634,16896,66,87,12,12,33.784952,36.096932,2.31198,0,0.396433,-0.475311,1,634,map,144,1.0,1.0,48.27,24.21,7.71,47.41,0.941,0.0,6.24,0.0,0.0,0.0,0,0,0.0,0.0,0.0,5.398,2.464,0.0,0.0,unrouted,0.0,0.0,0.0,0.0,0.0,9.0,9.0,1.0,0.0,4.321889,1.007243,2.068444,0.666667,0.333333,0.0,0.0,0.0,0.0,0.0,1.0,0.0,0.356222,0.941,1.992444,4.58,0.0,0.0,0.0,0.0,0.0,66.802222,46.011111,68.361111,40.666667,0.901527,0.444444,0.901527,0.444444,0.0,0.0,0.0,0.0,0.0,0.0,2.965175,2.042792,0.922383,44.0,3.806662,1.668261,2.915476,2.042792,3.10977
635,16896,68,92,5,6,28.607656,30.171487,1.563831,0,-0.267319,0.391048,1,635,appearance,26,0.867,1.2,0.0,74.7,89.74,63.82,0.36,0.0,3.124,0.0,0.0,0.0,0,0,0.0,0.0,0.0,0.0,1.181,0.0,0.0,unrouted,0.0,0.0,0.0,0.0,0.0,9.0,9.0,1.0,0.0,4.158222,1.067136,1.787889,0.555556,0.444444,0.0,0.0,0.0,0.0,0.0,1.0,0.0,0.383667,0.941,2.015778,4.58,0.0,0.0,0.0,0.0,0.0,65.592222,37.926667,69.158889,40.777778,0.568193,0.333333,0.568193,0.333333,0.0,0.0,0.0,0.0,0.0,0.0,2.670973,2.064741,0.606232,37.444444,3.649214,1.622097,2.5,2.064741,3.118272
636,16896,66,92,5,5,30.942746,32.657903,1.715157,0,-0.873757,0.079181,1,636,map,25,1.0,1.0,83.12,62.92,76.33,79.15,0.275,0.0,4.281,0.0,0.0,0.0,0,0,0.0,0.0,0.0,2.219,1.184,0.0,0.0,unrouted,0.0,0.0,0.0,0.0,0.0,9.0,9.0,1.0,0.0,4.111444,1.051386,1.739778,0.555556,0.444444,0.0,0.0,0.0,0.0,0.0,1.0,0.0,0.397778,0.941,1.925111,4.58,0.0,0.0,0.0,0.0,0.0,66.06,38.553333,67.914444,40.777778,0.901527,0.444444,0.901527,0.444444,0.0,0.0,0.0,0.0,0.0,0.0,2.785543,2.163283,0.62226,39.444444,3.699929,1.851158,2.5,2.163283,3.118272
637,16896,65,87,12,12,32.549028,34.966997,2.417968,0,-0.121692,-0.289782,1,637,map,144,1.0,1.0,46.67,22.51,3.18,49.78,1.005,0.0,5.861,0.0,0.0,0.0,0,0,0.0,0.0,0.0,5.102,2.281,0.0,0.0,unrouted,0.0,0.0,0.0,0.0,0.0,9.0,9.0,1.0,0.0,4.550556,1.147033,2.565333,0.666667,0.333333,0.0,0.0,0.0,0.0,0.0,1.0,0.0,0.531889,1.005,2.078667,4.58,0.0,0.0,0.0,0.0,0.0,61.276667,39.898889,57.332222,67.222222,0.737199,0.555556,0.737199,0.555556,0.0,0.0,0.0,0.0,0.0,0.0,2.670973,2.138211,0.532762,46.666667,3.864232,1.781924,2.5,2.138211,3.118272
638,16896,67,93,5,6,28.197083,29.946485,1.749401,0,-0.6041,0.861641,1,638,appearance,25,0.833,1.2,1.37,71.87,84.01,72.3,0.391,0.0,3.123,0.0,0.0,0.0,0,0,0.0,0.0,0.0,0.0,1.225,0.0,0.0,unrouted,0.0,0.0,0.0,0.0,0.0,9.0,9.0,1.0,0.0,4.408444,1.232669,2.306667,0.555556,0.444444,0.0,0.0,0.0,0.0,0.0,1.0,0.0,0.554889,1.005,2.105889,4.58,0.0,0.0,0.0,0.0,0.0,60.905556,32.237778,56.677778,67.222222,0.53015,0.444444,0.53015,0.444444,0.0,0.0,0.0,0.0,0.0,0.0,2.670973,2.266429,0.404544,41.222222,3.742947,1.925541,3.354102,2.266429,3.566847
639,16896,62,89,12,12,32.389917,36.880599,4.490682,0,-0.917665,0.210067,1,639,map,144,1.0,1.0,45.04,22.31,1.66,54.0,1.021,0.0,5.232,0.0,0.0,0.0,0,0,0.0,0.0,0.0,4.447,2.139,0.0,0.0,unrouted,0.0,0.0,0.0,0.0,0.0,9.0,9.0,1.0,0.0,4.643444,1.163741,2.800778,0.666667,0.333333,0.0,0.0,0.0,0.0,0.0,1.0,0.0,0.636889,1.021,2.220222,4.58,0.0,0.0,0.0,0.0,0.0,58.62,37.242222,49.654444,80.777778,0.814629,0.555556,0.814629,0.555556,0.0,0.0,0.0,0.0,0.0,0.0,3.072059,2.33226,0.7398,47.555556,3.882709,2.014738,3.354102,2.33226,3.566847
640,16896,67,94,4,5,27.25979,29.065982,1.806192,0,-0.246482,0.661544,1,640,appearance,19,0.95,1.25,0.0,87.3,107.39,91.43,0.197,0.0,3.091,0.0,0.0,0.0,0,0,0.0,0.0,0.0,0.0,1.114,0.0,0.0,unrouted,0.0,0.0,0.0,0.0,0.0,9.0,9.0,1.0,0.0,4.498667,1.262619,2.541444,0.555556,0.444444,0.0,0.0,0.0,0.0,0.0,1.0,0.0,0.632111,1.021,2.226556,4.58,0.0,0.0,0.0,0.0,0.0,60.494444,27.908889,50.536667,80.111111,0.484266,0.444444,0.484266,0.444444,0.0,0.0,0.0,0.0,0.0,0.0,2.939034,2.469848,0.469187,41.0,3.73767,2.103936,3.354102,2.469848,3.566847
641,16896,66,95,4,4,29.927451,31.253718,1.326266,0,-0.510213,0.605003,1,641,appearance,15,0.938,1.0,83.38,88.12,110.86,126.2,0.109,0.0,4.071,0.0,0.0,0.0,0,0,0.0,0.0,0.0,0.0,1.514,0.0,0.0,unrouted,0.0,0.0,0.0,0.0,0.0,9.0,9.0,1.0,0.0,4.370222,1.240601,2.166,0.444444,0.555556,0.0,0.0,0.0,0.0,0.0,1.0,0.111111,0.584222,1.021,1.885889,2.589,0.0,0.0,0.0,0.0,0.0,68.548889,30.365556,54.48,76.333333,0.491658,0.444444,0.491658,0.444444,0.0,0.0,0.0,0.0,0.0,0.0,2.818843,2.409993,0.40885,41.444444,3.748196,2.071027,3.354102,2.409993,3.566847
642,16896,64,96,3,3,33.432611,35.505415,2.072804,0,-1.206639,0.568252,1,642,map,9,1.0,1.0,74.11,51.11,59.63,155.63,0.168,0.0,3.657,0.0,0.0,0.0,0,0,0.0,0.0,0.0,1.668,1.902,0.0,0.0,unrouted,0.0,0.0,0.0,0.0,0.0,9.0,9.0,1.0,0.0,4.424667,1.196573,2.351333,0.555556,0.444444,0.0,0.0,0.0,0.0,0.0,1.0,0.222222,0.573444,1.021,1.809556,2.466,0.0,0.0,0.0,0.0,0.0,78.76,38.6,51.7,74.444444,0.701449,0.555556,0.701449,0.555556,0.0,0.0,0.0,0.0,0.0,0.0,3.044142,2.285858,0.758284,48.888889,3.909798,2.076528,3.354102,2.285858,3.566847
643,16896,65,94,5,6,29.328693,30.659769,1.331076,0,-0.084315,0.194364,1,643,appearance,24,0.8,1.2,0.0,63.67,72.76,82.65,0.54,0.38,2.918,0.0,0.0,0.0,0,0,0.0,0.0,0.0,0.0,1.748,0.0,0.0,unrouted,0.0,0.0,0.0,0.0,0.0,9.0,9.0,1.0,0.0,4.055556,1.087019,1.751556,0.444444,0.555556,0.0,0.0,0.0,0.0,0.0,1.0,0.222222,0.528889,1.021,1.73,2.466,0.0,0.0,0.0,0.0,0.0,82.675556,33.236667,56.084444,61.111111,0.675958,0.444444,0.675958,0.444444,0.0,0.0,0.0,0.0,0.0,0.0,2.995425,2.400171,0.595255,41.555556,3.75081,2.076528,3.354102,2.400171,3.566847
644,16896,65,96,4,4,32.305005,33.743615,1.438609,0,-0.229805,0.476337,1,644,appearance,15,0.938,1.0,86.88,77.38,97.07,135.52,0.15,0.0,4.053,0.0,0.0,0.0,0,0,0.0,0.0,0.0,0.0,2.137,0.0,0.0,unrouted,0.0,0.0,0.0,0.0,0.0,9.0,9.0,1.0,0.0,4.158778,1.036598,1.751556,0.444444,0.555556,0.0,0.0,0.0,0.0,0.0,1.0,0.333333,0.505556,1.021,1.836222,2.466,0.0,0.0,0.0,0.0,0.0,90.642222,42.89,56.382222,59.888889,0.736117,0.555556,0.736117,0.555556,0.0,0.0,0.0,0.0,0.0,0.0,3.073377,2.154425,0.918952,49.777778,3.927459,1.922976,3.354102,2.154425,3.566847
645,16896,65,96,4,4,30.63056,31.345308,0.714747,0,-0.149373,0.309619,1,645,appearance,15,0.938,1.0,0.0,77.38,97.14,135.43,0.15,0.0,3.062,0.0,0.0,0.0,0,0,0.0,0.0,0.0,0.0,2.14,0.0,0.0,unrouted,0.0,0.0,0.0,0.0,0.0,9.0,9.0,1.0,0.0,3.896444,0.980709,1.246333,0.333333,0.666667,0.0,0.0,0.0,0.0,0.0,1.0,0.444444,0.414556,1.021,1.8,2.281,0.0,0.0,0.0,0.0,0.0,100.326667,37.494444,62.405556,45.555556,0.654291,0.444444,0.654291,0.444444,0.0,0.0,0.0,0.0,0.0,0.0,2.844315,1.882821,0.961494,41.444444,3.748196,1.645198,3.354102,1.882821,3.566847
646,16896,60,90,12,12,26.390022,26.932557,0.542536,0,-0.447093,-0.498748,1,646,map,144,1.0,1.0,43.99,15.62,1.01,55.85,1.054,0.0,4.611,0.0,0.0,0.0,0,0,0.0,0.0,0.0,3.958,2.397,0.0,0.0,unrouted,0.0,0.0,0.0,0.0,0.0,9.0,9.0,1.0,0.0,3.757556,0.755249,1.119222,0.333333,0.666667,0.0,0.0,0.0,0.0,0.0,1.0,0.444444,0.42,1.054,1.812889,2.397,0.0,0.0,0.0,0.0,0.0,101.001111,37.196667,61.64,45.555556,0.386381,0.333333,0.386381,0.333333,0.0,0.0,0.0,0.0,0.0,0.0,2.911599,1.998198,0.913401,42.444444,3.771483,1.782539,3.354102,1.998198,3.566847
647,16896,59,91,12,12,27.974476,29.052616,1.078141,0,-0.64061,0.025814,1,647,map,144,1.0,1.0,41.4,16.92,6.26,58.04,1.039,0.0,4.743,0.0,0.0,0.0,0,0,0.0,0.0,0.0,4.047,2.36,0.0,0.0,unrouted,0.0,0.0,0.0,0.0,0.0,9.0,9.0,1.0,0.0,3.937556,0.775346,1.568889,0.444444,0.555556,0.0,0.0,0.0,0.0,0.0,1.0,0.444444,0.492,1.054,1.939,2.397,0.0,0.0,0.0,0.0,0.0,99.416667,41.644444,55.534444,58.777778,0.292636,0.333333,0.292636,0.333333,0.0,0.0,0.0,0.0,0.0,0.0,2.890285,1.77938,1.110905,50.888889,3.949105,1.566996,2.54951,1.77938,3.379896
648,16896,63,98,4,4,23.148932,23.058732,-0.0902,0,-0.416397,0.699279,1,648,appearance,14,0.875,1.0,0.38,60.94,77.62,125.93,0.148,0.0,3.052,0.0,0.0,0.0,0,0,0.0,0.0,0.0,0.0,2.733,0.0,0.0,unrouted,0.0,0.0,0.0,0.0,0.0,9.0,9.0,1.0,0.0,3.616556,0.572738,0.625111,0.222222,0.777778,0.0,0.0,0.0,0.0,0.0,1.0,0.666667,0.296111,1.054,2.046,2.733,0.0,0.0,0.0,0.0,0.0,114.944444,38.873333,64.717778,29.888889,0.155495,0.333333,0.155495,0.333333,0.0,0.0,0.0,0.0,0.0,0.0,2.58228,2.015071,0.567209,44.888889,3.826223,1.667676,4.123106,2.015071,4.532597
649,16896,58,91,12,12,23.072022,23.660306,0.588283,0,-0.620658,-0.595469,1,649,map,144,1.0,1.0,34.28,18.23,7.21,58.59,1.056,0.0,5.068,0.0,0.0,0.0,0,0,0.0,0.0,0.0,4.456,2.385,0.0,0.0,unrouted,0.0,0.0,0.0,0.0,0.0,9.0,9.0,1.0,0.0,3.836222,0.695099,1.120222,0.333333,0.666667,0.0,0.0,0.0,0.0,0.0,1.0,0.666667,0.391556,1.056,2.187222,2.733,0.0,0.0,0.0,0.0,0.0,111.295556,42.682222,57.043333,43.777778,0.095336,0.333333,0.095336,0.333333,0.0,0.0,0.0,0.0,0.0,0.0,2.782588,2.174392,0.608196,52.666667,3.982792,1.818731,4.123106,2.174392,4.532597
650,16896,57,90,12,12,17.938272,18.661766,0.723494,1,-0.620658,-0.595469,0,,,,,,,,,,,,,,,,,,,,,,,,,,,,,,,8.0,9.0,0.888889,0.111111,3.806875,0.731988,1.26025,0.375,0.625,0.0,0.0,0.0,0.0,0.0,1.0,0.625,0.426875,1.056,2.271375,2.733,0.0,0.0,0.0,0.0,0.0,109.4325,37.595,53.15875,47.375,0.087944,0.333333,0.087944,0.333333,0.0,0.0,0.0,0.0,0.0,0.0,2.444657,2.088766,0.355891,45.333333,3.835862,1.790074,4.123106,2.088766,4.532597
652,16896,59,91,12,12,18.936889,20.329717,1.392828,0,0.192772,-0.146585,1,652,map,144,1.0,1.0,19.62,20.27,7.18,60.18,1.075,0.0,4.907,0.0,0.0,0.0,0,0,0.0,0.0,0.0,4.405,2.485,0.0,0.0,unrouted,0.0,0.0,0.0,0.0,0.0,8.0,9.0,0.888889,0.111111,4.2955,0.859322,2.229125,0.5,0.5,0.0,0.0,0.0,0.0,0.0,1.0,0.5,0.60925,1.092,2.426625,2.733,0.0,0.0,0.0,0.0,0.0,94.58,34.5325,43.79375,79.25,-0.114964,0.222222,-0.114964,0.222222,0.0,0.0,0.0,0.0,0.0,0.0,2.183193,2.051207,0.131985,53.0,3.988984,1.703114,4.123106,2.051207,4.532597
654,20288,32,180,12,12,17.731622,21.665826,3.934204,0,-2.521256,3.144085,1,654,map,144,1.0,1.0,16.81,9.44,17.8,62.06,0.571,0.0,2.531,0.0,0.0,0.0,0,0,0.0,0.0,0.0,1.838,2.225,0.0,0.0,unrouted,0.0,0.0,0.0,0.0,0.0,7.0,9.0,0.777778,0.222222,2.725,0.410923,1.833286,1.0,0.0,0.0,0.0,0.0,0.0,0.0,1.0,0.142857,0.412714,0.571,2.182714,2.735,0.0,0.0,0.0,0.0,0.0,67.562857,16.497143,12.908571,80.571429,1.305848,0.555556,1.305848,0.555556,0.0,0.0,0.0,0.0,0.0,0.0,2.995512,1.62567,1.369842,52.444444,3.978643,3.364898,7.071068,1.62567,4.349785
655,20288,29,183,12,12,15.914505,19.818573,3.904068,1,-2.521256,3.144085,0,,,,,,,,,,,,,,,,,,,,,,,,,,,,,,,6.0,9.0,0.666667,0.333333,2.663833,0.413293,1.825333,1.0,0.0,0.0,0.0,0.0,0.0,0.0,1.0,0.166667,0.4215,0.571,2.219333,2.735,0.0,0.0,0.0,0.0,0.0,66.58,15.28,12.233333,89.833333,1.305848,0.555556,1.305848,0.555556,0.0,0.0,0.0,0.0,0.0,0.0,2.995512,1.62567,1.369842,44.222222,3.811589,3.812691,7.071068,1.62567,4.349785
662,20469,80,188,7,7,14.539915,18.394135,3.85422,0,-0.612737,3.264315,1,662,map,49,1.0,1.0,16.2,20.41,38.82,70.84,0.707,0.0,3.118,0.0,0.0,0.0,0,0,0.0,0.0,0.0,2.001,1.999,0.0,0.0,unrouted,0.0,0.0,0.0,0.0,0.0,6.0,9.0,0.666667,0.333333,3.027167,0.16343,1.760667,1.0,0.0,0.0,0.0,0.0,0.0,0.0,1.0,0.5,0.626,0.707,2.104167,2.77,0.0,0.0,0.0,0.0,0.0,74.063333,18.696667,25.908333,21.0,0.753768,0.666667,0.753768,0.666667,0.0,0.0,0.0,0.0,0.0,0.0,2.192506,1.240405,0.952101,56.555556,4.052751,2.760433,5.09902,1.240405,2.735943
664,20705,58,186,5,5,19.107947,22.094938,2.986991,0,-1.995779,2.724569,1,664,map,25,1.0,1.0,42.92,25.08,27.95,75.0,0.721,0.0,4.134,0.0,0.0,0.0,0,0,0.0,0.0,0.0,2.655,2.921,0.0,0.0,unrouted,0.0,0.0,0.0,0.0,0.0,6.0,9.0,0.666667,0.333333,3.302167,0.652359,1.940333,0.833333,0.0,0.0,0.0,0.0,0.0,0.0,1.0,0.0,0.697167,0.734,2.958333,3.033,0.0,0.0,0.0,0.0,0.0,79.005,37.413333,17.963333,24.666667,1.263498,0.666667,1.263498,0.666667,0.0,0.0,0.0,0.0,0.0,0.0,2.626086,1.508527,1.117559,57.777778,4.073764,3.066606,4.472136,1.508527,3.548177
665,20705,56,189,5,5,15.778024,18.604016,2.825993,1,-1.995779,2.724569,0,,,,,,,,,,,,,,,,,,,,,,,,,,,,,,,5.0,9.0,0.555556,0.444444,3.4152,0.658807,1.9674,0.8,0.0,0.0,0.0,0.0,0.0,0.0,1.0,0.0,0.6944,0.734,2.9474,3.033,0.0,0.0,0.0,0.0,0.0,78.586,38.792,19.116,24.6,1.14573,0.555556,1.14573,0.555556,0.0,0.0,0.0,0.0,0.0,0.0,2.167963,1.157163,1.0108,49.777778,3.927459,3.090502,4.472136,1.157163,3.548177
666,20705,54,192,5,5,17.862479,20.751799,2.88932,0,-1.997256,2.82097,1,666,map,25,1.0,1.0,46.24,26.24,29.73,69.67,0.755,0.0,4.281,0.0,0.0,0.0,0,0,0.0,0.0,0.0,2.758,2.888,0.0,0.0,unrouted,0.0,0.0,0.0,0.0,0.0,5.0,9.0,0.555556,0.444444,3.5968,0.742034,2.0748,0.8,0.0,0.0,0.0,0.0,0.0,0.0,1.0,0.0,0.7144,0.755,2.9184,3.007,0.0,0.0,0.0,0.0,0.0,75.696,40.52,21.132,24.6,1.20232,0.555556,1.20232,0.555556,0.0,0.0,0.0,0.0,0.0,0.0,2.167963,0.90613,1.261833,50.888889,3.949105,3.176849,4.472136,0.90613,3.548177
667,20677,46,186,5,5,23.031051,26.228504,3.197453,0,-2.60489,3.291162,1,667,map,25,1.0,1.0,28.92,23.48,29.62,68.58,0.724,0.0,3.186,0.0,0.0,0.0,0,0,0.0,0.0,0.0,1.812,3.457,0.0,0.0,unrouted,0.0,0.0,0.0,0.0,0.0,6.0,9.0,0.666667,0.333333,3.392667,0.137862,2.04,1.0,0.0,0.0,0.0,0.0,0.0,0.0,1.0,0.0,0.629333,0.724,3.179167,3.457,0.0,0.0,0.0,0.0,0.0,73.881667,30.326667,22.213333,25.0,1.43369,0.555556,1.43369,0.555556,0.0,0.0,0.0,0.0,0.0,0.0,2.448837,1.277446,1.171391,60.333333,4.116323,3.158297,5.656854,1.277446,2.512654
668,20677,43,189,5,5,18.938682,22.05735,3.118668,1,-2.60489,3.291162,0,,,,,,,,,,,,,,,,,,,,,,,,,,,,,,,5.0,9.0,0.555556,0.444444,3.3922,0.151016,2.0162,1.0,0.0,0.0,0.0,0.0,0.0,0.0,1.0,0.0,0.6482,0.724,3.1902,3.457,0.0,0.0,0.0,0.0,0.0,73.276,30.152,23.072,25.0,1.413552,0.555556,1.413552,0.555556,0.0,0.0,0.0,0.0,0.0,0.0,2.226614,1.110132,1.116483,52.0,3.970292,3.513551,5.656854,1.110132,2.512654
669,20705,42,204,7,7,22.192434,25.371692,3.179258,0,-3.031341,3.48436,1,669,map,49,1.0,1.0,35.76,17.14,14.73,66.83,0.825,0.0,3.849,0.0,0.0,0.0,0,0,0.0,0.0,0.0,2.809,2.885,0.0,0.0,unrouted,0.0,0.0,0.0,0.0,0.0,6.0,9.0,0.666667,0.333333,3.714,0.697484,2.2845,0.833333,0.0,0.0,0.0,0.0,0.0,0.0,1.0,0.0,0.762167,0.827,2.866167,2.969,0.0,0.0,0.0,0.0,0.0,72.666667,39.705,20.775,32.666667,1.407434,0.666667,1.407434,0.666667,0.0,0.0,0.0,0.0,0.0,0.0,2.939481,1.337453,1.602028,60.777778,4.123544,4.261984,8.602325,1.337453,5.145946
670,20705,39,207,7,7,16.410165,19.376842,2.966676,1,-3.031341,3.48436,0,,,,,,,,,,,,,,,,,,,,,,,,,,,,,,,5.0,9.0,0.555556,0.444444,3.6978,0.763024,2.2246,0.8,0.0,0.0,0.0,0.0,0.0,0.0,1.0,0.0,0.7724,0.827,2.8456,2.921,0.0,0.0,0.0,0.0,0.0,71.788,40.182,21.202,34.2,1.261626,0.555556,1.261626,0.555556,0.0,0.0,0.0,0.0,0.0,0.0,2.625212,1.294767,1.330445,51.333333,3.957634,4.526689,8.602325,1.294767,5.145946
677,21559,22,180,7,7,14.912563,18.959033,4.04647,0,-3.690225,2.990225,1,677,map,49,1.0,1.0,31.65,16.92,27.27,56.86,0.503,0.0,3.766,0.0,0.0,0.0,0,0,0.0,0.0,0.0,2.57,1.893,0.0,0.0,unrouted,0.0,0.0,0.0,0.0,0.0,5.0,7.0,0.714286,0.285714,3.4964,0.151679,2.2378,1.0,0.0,0.0,0.0,0.0,0.0,0.0,1.0,0.0,0.4278,0.503,2.2518,2.758,0.0,0.0,0.0,0.0,0.0,62.766,28.596,18.35,39.4,1.620779,0.571429,1.620779,0.571429,0.0,0.0,0.0,0.0,0.0,0.0,3.050463,1.966227,1.084235,66.142857,4.206823,3.658574,7.211103,1.966227,5.656854
684,21578,62,180,5,5,16.619169,20.019658,3.400489,0,-1.904246,2.143376,1,684,map,25,1.0,1.0,37.44,16.8,15.29,91.57,0.721,0.0,3.799,0.0,0.0,0.0,0,0,0.0,0.0,0.0,2.671,3.297,0.0,0.0,unrouted,0.0,0.0,0.0,0.0,0.0,6.0,9.0,0.666667,0.333333,3.5755,0.264738,2.566833,1.0,0.0,0.0,0.0,0.0,0.0,0.0,1.0,0.166667,0.713,0.778,3.042,3.372,0.0,0.0,0.0,0.0,0.0,88.315,32.873333,14.8,22.333333,0.896533,0.555556,0.896533,0.555556,0.0,0.0,0.0,0.0,0.0,0.0,2.106552,1.729321,0.377231,63.0,4.158883,2.877083,4.472136,1.729321,2.95121
686,21578,60,186,5,5,15.149679,18.346836,3.197156,0,-1.23776,2.793195,1,686,map,25,1.0,1.0,38.88,19.16,18.08,86.51,0.781,0.0,3.76,0.0,0.0,0.0,0,0,0.0,0.0,0.0,2.539,3.231,0.0,0.0,unrouted,0.0,0.0,0.0,0.0,0.0,5.0,9.0,0.555556,0.444444,3.741,0.091313,2.6254,1.0,0.0,0.0,0.0,0.0,0.0,0.0,1.0,0.0,0.7088,0.781,3.1876,3.372,0.0,0.0,0.0,0.0,0.0,87.394,35.04,16.88,25.0,0.983203,0.555556,0.983203,0.555556,0.0,0.0,0.0,0.0,0.0,0.0,1.737157,1.388433,0.348725,54.111111,4.009351,2.937365,4.472136,1.388433,2.933838
687,21578,54,190,7,7,19.894088,23.351688,3.457601,0,-2.554544,3.565576,1,687,map,49,1.0,1.0,31.92,11.29,3.75,76.82,0.807,0.0,3.297,0.0,0.0,0.0,0,0,0.0,0.0,0.0,2.496,2.517,0.0,0.0,unrouted,0.0,0.0,0.0,0.0,0.0,6.0,9.0,0.666667,0.333333,3.667,0.185279,2.603833,1.0,0.0,0.0,0.0,0.0,0.0,0.0,1.0,0.0,0.725167,0.807,3.075833,3.372,0.0,0.0,0.0,0.0,0.0,85.631667,34.52,15.948333,29.0,1.316536,0.666667,1.316536,0.666667,0.0,0.0,0.0,0.0,0.0,0.0,2.522831,1.873066,0.649765,62.888889,4.157145,3.526321,7.071068,1.873066,4.361702
688,21578,51,194,7,7,15.665988,18.965178,3.299191,1,-2.554544,3.565576,0,,,,,,,,,,,,,,,,,,,,,,,,,,,,,,,5.0,9.0,0.555556,0.444444,3.6802,0.200371,2.599,1.0,0.0,0.0,0.0,0.0,0.0,0.0,1.0,0.0,0.73,0.807,3.1194,3.372,0.0,0.0,0.0,0.0,0.0,85.768,34.768,16.474,29.8,1.227723,0.555556,1.227723,0.555556,0.0,0.0,0.0,0.0,0.0,0.0,2.189498,1.576265,0.613233,53.777778,4.003285,3.662316,7.071068,1.576265,4.361702
689,21578,52,194,7,7,15.390981,18.619516,3.228535,0,-1.310454,2.317625,1,689,map,49,1.0,1.0,35.73,19.35,15.9,74.61,0.797,0.0,3.534,0.0,0.0,0.0,0,0,0.0,0.0,0.0,2.382,3.989,0.0,0.0,unrouted,0.0,0.0,0.0,0.0,0.0,6.0,9.0,0.666667,0.333333,3.655833,0.190855,2.562833,1.0,0.0,0.0,0.0,0.0,0.0,0.0,1.0,0.0,0.741167,0.807,3.264333,3.989,0.0,0.0,0.0,0.0,0.0,83.908333,34.928333,16.953333,33.0,1.24095,0.555556,1.24095,0.555556,0.0,0.0,0.0,0.0,0.0,0.0,2.300609,2.135675,0.164934,62.888889,4.157145,3.553602,7.071068,2.135675,5.034691
696,21996,28,178,5,5,16.432514,19.961341,3.528827,0,-2.026561,2.057559,1,696,map,25,1.0,1.0,29.2,16.88,22.07,66.42,0.549,0.0,3.127,0.0,0.0,0.0,0,0,0.0,0.0,0.0,1.908,3.488,0.0,0.0,unrouted,0.0,0.0,0.0,0.0,0.0,5.0,9.0,0.555556,0.444444,3.1166,0.099779,1.995,1.0,0.0,0.0,0.0,0.0,0.0,0.0,1.0,0.0,0.451,0.549,2.7552,3.488,0.0,0.0,0.0,0.0,0.0,70.304,25.784,15.36,25.0,1.251429,0.555556,1.251429,0.555556,0.0,0.0,0.0,0.0,0.0,0.0,1.811904,1.084187,0.727717,53.444444,3.997181,3.029392,5.656854,1.084187,3.584948
697,21996,22,184,3,3,19.417109,23.603857,4.186748,0,-3.644764,2.719913,1,697,map,9,1.0,1.0,25.33,18.22,23.24,69.07,0.515,0.0,2.66,0.0,0.0,0.0,0,0,0.0,0.0,0.0,1.553,2.192,0.0,0.0,unrouted,0.0,0.0,0.0,0.0,0.0,6.0,9.0,0.666667,0.333333,3.015667,0.189842,1.911,1.0,0.0,0.0,0.0,0.0,0.0,0.0,1.0,0.333333,0.429167,0.515,2.396833,2.988,0.0,0.0,0.0,0.0,0.0,70.248333,26.175,15.82,19.666667,1.498858,0.666667,1.498858,0.666667,0.0,0.0,0.0,0.0,0.0,0.0,2.848246,1.83494,1.013307,62.555556,4.151914,3.895398,6.324555,1.83494,3.788931
698,21996,22,188,3,3,14.036445,18.132549,4.096103,0,-2.369097,3.167944,1,698,map,9,1.0,1.0,0.44,15.0,18.86,68.36,0.416,0.0,1.838,0.0,0.0,0.0,0,0,0.0,0.0,0.0,1.037,1.997,0.0,0.0,unrouted,0.0,0.0,0.0,0.0,0.0,6.0,9.0,0.666667,0.333333,2.799167,0.466759,1.746,1.0,0.0,0.0,0.0,0.0,0.0,0.0,1.0,0.5,0.443667,0.515,2.231667,2.722,0.0,0.0,0.0,0.0,0.0,69.338333,22.195,15.806667,17.0,1.163257,0.555556,1.163257,0.555556,0.0,0.0,0.0,0.0,0.0,0.0,2.821286,1.963058,0.858228,54.222222,4.011365,3.868438,6.324555,1.963058,3.863021
